row_index,model,fluency_original,code_mixing_naturalness_original,hindi_grammar_original,prompt_adherence_original,spelling_consistency_original,overall_original,fluency_perturbed,code_mixing_naturalness_perturbed,hindi_grammar_perturbed,prompt_adherence_perturbed,spelling_consistency_perturbed,overall_perturbed
0,HingGPT,1.0,1.0,1.0,1.0,1.0,1.0,2.0,2.0,1.0,1.0,1.0,2.0
0,Phi-3.5-mini,1.0,1.0,1.0,1.0,1.0,1.0,1.0,1.0,1.0,1.0,1.0,1.0
0,Qwen2.5-3B,4.0,4.0,3.0,5.0,5.0,4.0,3.0,2.0,1.0,4.0,5.0,3.0
0,Qwen2.5-7B,4.0,4.0,3.0,4.0,5.0,4.0,4.0,4.0,3.0,5.0,5.0,4.0
1,HingGPT,1.0,1.0,1.0,1.0,5.0,1.0,2.0,1.0,1.0,1.0,3.0,2.0
1,Phi-3.5-mini,1.0,1.0,1.0,1.0,1.0,1.0,3.0,4.0,3.0,5.0,5.0,4.0
1,Qwen2.5-3B,1.0,1.0,1.0,1.0,1.0,1.0,1.0,1.0,1.0,1.0,1.0,1.0
1,Qwen2.5-7B,4.0,5.0,4.0,5.0,5.0,4.0,3.0,4.0,2.0,3.0,5.0,3.0
2,HingGPT,2.0,3.0,2.0,1.0,3.0,2.0,2.0,2.0,2.0,2.0,2.0,2.0
2,Phi-3.5-mini,1.0,1.0,1.0,1.0,1.0,1.0,1.0,1.0,1.0,1.0,1.0,1.0
2,Qwen2.5-3B,4.0,4.0,3.0,4.0,5.0,4.0,3.0,3.0,3.0,4.0,5.0,3.0
2,Qwen2.5-7B,4.0,4.0,4.0,5.0,5.0,4.0,4.0,4.0,5.0,5.0,5.0,5.0
3,HingGPT,1.0,1.0,1.0,1.0,3.0,1.0,2.0,2.0,1.0,2.0,3.0,2.0
3,Phi-3.5-mini,1.0,1.0,1.0,1.0,1.0,1.0,3.0,4.0,3.0,4.0,3.0,3.0
3,Qwen2.5-3B,4.0,5.0,3.0,4.0,5.0,4.0,4.0,4.0,3.0,5.0,5.0,4.0
3,Qwen2.5-7B,4.0,5.0,3.0,5.0,5.0,4.0,4.0,4.0,1.0,5.0,5.0,4.0
4,HingGPT,3.0,3.0,2.0,2.0,3.0,2.0,2.0,3.0,2.0,2.0,2.0,2.0
4,Phi-3.5-mini,1.0,1.0,1.0,1.0,1.0,1.0,4.0,4.0,3.0,4.0,3.0,4.0
4,Qwen2.5-3B,4.0,5.0,4.0,5.0,5.0,5.0,3.0,4.0,2.0,4.0,3.0,3.0
4,Qwen2.5-7B,3.0,4.0,2.0,1.0,5.0,2.0,2.0,2.0,1.0,1.0,1.0,1.0
5,HingGPT,3.0,4.0,2.0,3.0,3.0,3.0,3.0,4.0,2.0,3.0,3.0,3.0
5,Phi-3.5-mini,1.0,1.0,1.0,1.0,1.0,1.0,2.0,3.0,2.0,3.0,1.0,2.0
5,Qwen2.5-3B,4.0,4.0,3.0,4.0,5.0,4.0,4.0,4.0,3.0,5.0,5.0,4.0
5,Qwen2.5-7B,4.0,4.0,3.0,5.0,5.0,4.0,3.0,4.0,3.0,5.0,5.0,4.0
6,HingGPT,3.0,4.0,2.0,3.0,4.0,3.0,3.0,2.0,1.0,2.0,3.0,2.0
6,Phi-3.5-mini,1.0,1.0,1.0,1.0,1.0,1.0,4.0,4.0,3.0,4.0,3.0,4.0
6,Qwen2.5-3B,4.0,5.0,3.0,5.0,5.0,4.0,4.0,4.0,4.0,5.0,5.0,5.0
6,Qwen2.5-7B,4.0,5.0,3.0,5.0,5.0,4.0,4.0,4.0,3.0,5.0,3.0,4.0
7,HingGPT,2.0,3.0,2.0,2.0,1.0,2.0,2.0,3.0,2.0,2.0,2.0,2.0
7,Phi-3.5-mini,1.0,1.0,1.0,1.0,1.0,1.0,4.0,4.0,3.0,4.0,5.0,4.0
7,Qwen2.5-3B,4.0,4.0,3.0,4.0,4.0,4.0,3.0,4.0,3.0,3.0,4.0,3.0
7,Qwen2.5-7B,3.0,2.0,2.0,1.0,5.0,2.0,2.0,2.0,1.0,1.0,1.0,1.0
8,HingGPT,2.0,3.0,1.0,1.0,1.0,2.0,3.0,2.0,1.0,2.0,3.0,2.0
8,Phi-3.5-mini,1.0,1.0,1.0,1.0,1.0,1.0,3.0,4.0,3.0,4.0,5.0,4.0
8,Qwen2.5-3B,4.0,5.0,3.0,4.0,5.0,4.0,3.0,4.0,3.0,4.0,5.0,3.0
8,Qwen2.5-7B,3.0,2.0,2.0,1.0,5.0,2.0,2.0,3.0,1.0,2.0,5.0,2.0
9,HingGPT,3.0,3.0,2.0,3.0,4.0,3.0,2.0,3.0,1.0,2.0,3.0,2.0
9,Phi-3.5-mini,1.0,1.0,1.0,1.0,1.0,1.0,3.0,4.0,3.0,4.0,3.0,3.0
9,Qwen2.5-3B,4.0,5.0,3.0,4.0,5.0,4.0,3.0,4.0,3.0,4.0,3.0,3.0
9,Qwen2.5-7B,3.0,4.0,2.0,1.0,5.0,2.0,2.0,1.0,1.0,1.0,3.0,2.0
10,HingGPT,3.0,2.0,2.0,3.0,3.0,3.0,3.0,4.0,3.0,4.0,3.0,3.0
10,Phi-3.5-mini,1.0,1.0,1.0,1.0,1.0,1.0,3.0,4.0,3.0,4.0,3.0,3.0
10,Qwen2.5-3B,1.0,1.0,1.0,1.0,5.0,1.0,2.0,2.0,1.0,1.0,1.0,2.0
10,Qwen2.5-7B,1.0,1.0,1.0,1.0,5.0,1.0,2.0,1.0,2.0,2.0,5.0,2.0
11,HingGPT,3.0,2.0,2.0,1.0,5.0,2.0,2.0,3.0,1.0,2.0,3.0,2.0
11,Phi-3.5-mini,1.0,1.0,1.0,1.0,1.0,1.0,5.0,5.0,5.0,5.0,5.0,5.0
11,Qwen2.5-3B,1.0,1.0,1.0,1.0,1.0,1.0,2.0,2.0,1.0,1.0,3.0,2.0
11,Qwen2.5-7B,4.0,5.0,3.0,4.0,5.0,4.0,3.0,4.0,3.0,4.0,3.0,3.0
12,HingGPT,1.0,1.0,1.0,1.0,1.0,1.0,2.0,3.0,2.0,2.0,2.0,2.0
12,Phi-3.5-mini,1.0,1.0,1.0,1.0,1.0,1.0,3.0,4.0,3.0,4.0,5.0,3.0
12,Qwen2.5-3B,3.0,4.0,3.0,4.0,5.0,4.0,4.0,4.0,3.0,4.0,3.0,4.0
12,Qwen2.5-7B,4.0,5.0,4.0,5.0,5.0,5.0,5.0,5.0,5.0,5.0,5.0,5.0
13,HingGPT,2.0,3.0,2.0,1.0,3.0,2.0,2.0,2.0,2.0,2.0,3.0,2.0
13,Phi-3.5-mini,1.0,1.0,1.0,1.0,1.0,1.0,2.0,3.0,2.0,3.0,1.0,2.0
13,Qwen2.5-3B,4.0,5.0,3.0,5.0,5.0,4.0,4.0,4.0,3.0,5.0,5.0,4.0
13,Qwen2.5-7B,4.0,5.0,4.0,5.0,5.0,5.0,5.0,5.0,5.0,5.0,5.0,5.0
14,HingGPT,2.0,3.0,2.0,1.0,3.0,2.0,2.0,3.0,2.0,2.0,3.0,2.0
14,Phi-3.5-mini,1.0,1.0,1.0,1.0,1.0,1.0,3.0,4.0,3.0,4.0,3.0,3.0
14,Qwen2.5-3B,4.0,5.0,3.0,4.0,5.0,4.0,3.0,4.0,2.0,2.0,5.0,3.0
14,Qwen2.5-7B,3.0,5.0,3.0,5.0,5.0,4.0,5.0,5.0,5.0,5.0,5.0,5.0
15,HingGPT,2.0,3.0,2.0,2.0,3.0,2.0,2.0,3.0,2.0,2.0,3.0,2.0
15,Phi-3.5-mini,1.0,1.0,1.0,1.0,1.0,1.0,3.0,3.0,1.0,3.0,1.0,2.0
15,Qwen2.5-3B,4.0,5.0,3.0,4.0,4.0,4.0,4.0,4.0,3.0,4.0,5.0,4.0
15,Qwen2.5-7B,5.0,5.0,5.0,5.0,5.0,5.0,5.0,5.0,5.0,5.0,5.0,5.0
16,HingGPT,2.0,3.0,2.0,2.0,3.0,2.0,2.0,2.0,2.0,2.0,3.0,2.0
16,Phi-3.5-mini,1.0,1.0,1.0,1.0,1.0,1.0,3.0,4.0,3.0,4.0,3.0,3.0
16,Qwen2.5-3B,4.0,5.0,3.0,4.0,4.0,4.0,3.0,4.0,2.0,3.0,3.0,3.0
16,Qwen2.5-7B,3.0,3.0,2.0,1.0,5.0,2.0,3.0,2.0,2.0,2.0,5.0,2.0
17,HingGPT,1.0,1.0,1.0,1.0,5.0,1.0,2.0,2.0,1.0,1.0,1.0,2.0
17,Phi-3.5-mini,1.0,1.0,1.0,1.0,1.0,1.0,1.0,1.0,1.0,1.0,1.0,1.0
17,Qwen2.5-3B,4.0,4.0,4.0,5.0,5.0,4.0,4.0,4.0,3.0,5.0,5.0,4.0
17,Qwen2.5-7B,4.0,4.0,3.0,3.0,4.0,3.0,3.0,4.0,2.0,3.0,4.0,3.0
18,HingGPT,2.0,1.0,1.0,1.0,1.0,1.0,2.0,2.0,1.0,1.0,1.0,2.0
18,Phi-3.5-mini,1.0,1.0,1.0,1.0,1.0,1.0,3.0,4.0,3.0,3.0,3.0,3.0
18,Qwen2.5-3B,1.0,1.0,1.0,1.0,1.0,1.0,1.0,1.0,1.0,1.0,1.0,1.0
18,Qwen2.5-7B,2.0,2.0,1.0,1.0,5.0,2.0,3.0,2.0,1.0,1.0,5.0,2.0
19,HingGPT,1.0,1.0,1.0,1.0,5.0,1.0,1.0,1.0,1.0,1.0,1.0,1.0
19,Phi-3.5-mini,1.0,1.0,1.0,1.0,1.0,1.0,3.0,4.0,2.0,5.0,1.0,3.0
19,Qwen2.5-3B,3.0,4.0,2.0,3.0,5.0,3.0,3.0,2.0,1.0,2.0,5.0,2.0
19,Qwen2.5-7B,3.0,4.0,3.0,4.0,5.0,4.0,3.0,4.0,2.0,4.0,3.0,3.0
20,HingGPT,1.0,1.0,1.0,1.0,1.0,1.0,1.0,1.0,1.0,1.0,1.0,1.0
20,Phi-3.5-mini,1.0,1.0,1.0,1.0,1.0,1.0,3.0,3.0,2.0,3.0,3.0,3.0
20,Qwen2.5-3B,4.0,5.0,4.0,5.0,5.0,4.0,4.0,4.0,3.0,5.0,5.0,4.0
20,Qwen2.5-7B,1.0,1.0,1.0,1.0,5.0,1.0,2.0,1.0,2.0,1.0,5.0,2.0
21,HingGPT,1.0,1.0,1.0,1.0,1.0,1.0,2.0,2.0,1.0,2.0,1.0,2.0
21,Phi-3.5-mini,1.0,1.0,1.0,1.0,1.0,1.0,3.0,2.0,1.0,1.0,1.0,2.0
21,Qwen2.5-3B,4.0,4.0,3.0,4.0,5.0,4.0,4.0,4.0,4.0,4.0,5.0,4.0
21,Qwen2.5-7B,4.0,4.0,3.0,4.0,5.0,4.0,3.0,2.0,1.0,4.0,5.0,3.0
22,HingGPT,1.0,1.0,1.0,1.0,1.0,1.0,1.0,1.0,1.0,1.0,1.0,1.0
22,Phi-3.5-mini,1.0,1.0,1.0,1.0,1.0,1.0,3.0,3.0,1.0,1.0,1.0,2.0
22,Qwen2.5-3B,4.0,5.0,3.0,5.0,5.0,4.0,3.0,4.0,3.0,5.0,5.0,4.0
22,Qwen2.5-7B,3.0,3.0,2.0,2.0,5.0,3.0,3.0,2.0,1.0,2.0,5.0,2.0
23,HingGPT,3.0,4.0,2.0,2.0,3.0,3.0,2.0,3.0,2.0,2.0,2.0,2.0
23,Phi-3.5-mini,1.0,1.0,1.0,1.0,1.0,1.0,3.0,4.0,3.0,4.0,3.0,3.0
23,Qwen2.5-3B,4.0,4.0,3.0,4.0,5.0,4.0,4.0,4.0,4.0,5.0,5.0,4.0
23,Qwen2.5-7B,4.0,4.0,3.0,4.0,4.0,4.0,3.0,3.0,2.0,3.0,3.0,3.0
24,HingGPT,3.0,2.0,2.0,2.0,4.0,2.0,2.0,3.0,2.0,2.0,3.0,2.0
24,Phi-3.5-mini,1.0,1.0,1.0,1.0,1.0,1.0,3.0,4.0,3.0,4.0,5.0,3.0
24,Qwen2.5-3B,4.0,5.0,4.0,5.0,5.0,4.0,4.0,4.0,3.0,5.0,5.0,4.0
24,Qwen2.5-7B,3.0,4.0,2.0,2.0,5.0,3.0,3.0,4.0,2.0,3.0,3.0,3.0
25,HingGPT,3.0,4.0,2.0,2.0,3.0,3.0,2.0,3.0,2.0,2.0,3.0,2.0
25,Phi-3.5-mini,1.0,1.0,1.0,1.0,1.0,1.0,5.0,5.0,5.0,5.0,5.0,5.0
25,Qwen2.5-3B,4.0,4.0,3.0,4.0,5.0,4.0,3.0,4.0,3.0,3.0,5.0,3.0
25,Qwen2.5-7B,4.0,5.0,4.0,5.0,5.0,4.0,4.0,5.0,5.0,5.0,5.0,5.0
26,HingGPT,1.0,1.0,1.0,1.0,1.0,1.0,2.0,2.0,1.0,2.0,1.0,2.0
26,Phi-3.5-mini,1.0,1.0,1.0,1.0,1.0,1.0,1.0,1.0,1.0,1.0,1.0,1.0
26,Qwen2.5-3B,4.0,4.0,3.0,4.0,5.0,4.0,4.0,4.0,3.0,4.0,4.0,4.0
26,Qwen2.5-7B,4.0,4.0,3.0,4.0,5.0,4.0,4.0,4.0,3.0,4.0,4.0,4.0
27,HingGPT,4.0,5.0,3.0,4.0,4.0,4.0,3.0,4.0,2.0,3.0,3.0,3.0
27,Phi-3.5-mini,1.0,1.0,1.0,1.0,1.0,1.0,3.0,4.0,3.0,4.0,3.0,3.0
27,Qwen2.5-3B,4.0,5.0,3.0,4.0,5.0,4.0,3.0,4.0,3.0,4.0,3.0,3.0
27,Qwen2.5-7B,2.0,3.0,2.0,1.0,5.0,2.0,3.0,2.0,1.0,2.0,3.0,2.0
28,HingGPT,1.0,1.0,1.0,1.0,1.0,1.0,2.0,3.0,2.0,2.0,2.0,2.0
28,Phi-3.5-mini,1.0,1.0,1.0,1.0,1.0,1.0,3.0,4.0,3.0,4.0,3.0,3.0
28,Qwen2.5-3B,1.0,1.0,1.0,1.0,5.0,1.0,2.0,1.0,1.0,1.0,3.0,2.0
28,Qwen2.5-7B,3.0,4.0,3.0,2.0,5.0,3.0,3.0,4.0,3.0,3.0,4.0,3.0
29,HingGPT,1.0,1.0,1.0,1.0,1.0,1.0,2.0,2.0,1.0,1.0,1.0,1.0
29,Phi-3.5-mini,1.0,1.0,1.0,1.0,1.0,1.0,4.0,4.0,3.0,5.0,3.0,4.0
29,Qwen2.5-3B,3.0,4.0,2.0,5.0,3.0,3.0,2.0,3.0,2.0,2.0,3.0,2.0
29,Qwen2.5-7B,4.0,5.0,4.0,5.0,5.0,4.0,3.0,4.0,2.0,4.0,5.0,3.0
30,HingGPT,1.0,1.0,1.0,1.0,5.0,1.0,2.0,2.0,1.0,2.0,3.0,2.0
30,Phi-3.5-mini,1.0,1.0,1.0,1.0,1.0,1.0,3.0,4.0,3.0,4.0,5.0,3.0
30,Qwen2.5-3B,4.0,4.0,3.0,4.0,4.0,4.0,4.0,4.0,3.0,4.0,4.0,4.0
30,Qwen2.5-7B,4.0,5.0,4.0,5.0,5.0,4.0,4.0,4.0,4.0,5.0,5.0,4.0
31,HingGPT,2.0,3.0,2.0,2.0,2.0,2.0,2.0,2.0,2.0,2.0,2.0,2.0
31,Phi-3.5-mini,1.0,1.0,1.0,1.0,1.0,1.0,4.0,4.0,3.0,5.0,5.0,4.0
31,Qwen2.5-3B,3.0,3.0,2.0,1.0,5.0,2.0,2.0,3.0,1.0,2.0,3.0,2.0
31,Qwen2.5-7B,4.0,4.0,3.0,4.0,5.0,4.0,3.0,3.0,2.0,4.0,3.0,3.0
32,HingGPT,3.0,2.0,2.0,2.0,3.0,2.0,2.0,3.0,2.0,2.0,3.0,2.0
32,Phi-3.5-mini,1.0,1.0,1.0,1.0,1.0,1.0,1.0,1.0,1.0,1.0,1.0,1.0
32,Qwen2.5-3B,1.0,1.0,1.0,1.0,1.0,1.0,3.0,3.0,1.0,1.0,3.0,2.0
32,Qwen2.5-7B,4.0,4.0,3.0,4.0,4.0,4.0,4.0,4.0,3.0,4.0,4.0,4.0
33,HingGPT,2.0,2.0,1.0,1.0,1.0,1.0,2.0,3.0,2.0,2.0,2.0,2.0
33,Phi-3.5-mini,1.0,1.0,1.0,1.0,1.0,1.0,3.0,3.0,1.0,3.0,3.0,3.0
33,Qwen2.5-3B,4.0,5.0,3.0,5.0,4.0,4.0,3.0,4.0,2.0,3.0,4.0,3.0
33,Qwen2.5-7B,1.0,1.0,1.0,1.0,5.0,1.0,3.0,2.0,1.0,1.0,3.0,2.0
34,HingGPT,2.0,3.0,2.0,1.0,5.0,2.0,3.0,4.0,2.0,3.0,4.0,3.0
34,Phi-3.5-mini,1.0,1.0,1.0,1.0,1.0,1.0,3.0,4.0,1.0,2.0,5.0,3.0
34,Qwen2.5-3B,4.0,4.0,3.0,4.0,5.0,4.0,3.0,4.0,2.0,3.0,3.0,3.0
34,Qwen2.5-7B,4.0,4.0,3.0,4.0,5.0,4.0,4.0,4.0,4.0,4.0,5.0,4.0
35,HingGPT,3.0,2.0,2.0,1.0,3.0,2.0,2.0,3.0,1.0,2.0,3.0,2.0
35,Phi-3.5-mini,1.0,1.0,1.0,1.0,1.0,1.0,4.0,4.0,4.0,4.0,5.0,4.0
35,Qwen2.5-3B,4.0,5.0,4.0,5.0,5.0,5.0,5.0,5.0,5.0,5.0,5.0,5.0
35,Qwen2.5-7B,4.0,5.0,3.0,3.0,4.0,4.0,3.0,4.0,2.0,2.0,5.0,3.0
36,HingGPT,2.0,3.0,2.0,1.0,3.0,2.0,2.0,2.0,1.0,2.0,2.0,2.0
36,Phi-3.5-mini,1.0,1.0,1.0,1.0,1.0,1.0,3.0,3.0,2.0,4.0,3.0,3.0
36,Qwen2.5-3B,4.0,4.0,3.0,4.0,5.0,4.0,3.0,4.0,3.0,4.0,5.0,3.0
36,Qwen2.5-7B,4.0,4.0,3.0,4.0,5.0,4.0,3.0,4.0,3.0,4.0,3.0,3.0
37,HingGPT,1.0,1.0,1.0,1.0,1.0,1.0,1.0,1.0,1.0,1.0,1.0,1.0
37,Phi-3.5-mini,1.0,1.0,1.0,1.0,1.0,1.0,1.0,1.0,1.0,1.0,1.0,1.0
37,Qwen2.5-3B,4.0,4.0,4.0,5.0,5.0,4.0,4.0,4.0,3.0,5.0,4.0,4.0
37,Qwen2.5-7B,4.0,5.0,4.0,5.0,5.0,4.0,5.0,5.0,5.0,5.0,5.0,5.0
38,HingGPT,2.0,3.0,2.0,1.0,3.0,2.0,2.0,2.0,2.0,2.0,3.0,2.0
38,Phi-3.5-mini,1.0,1.0,1.0,1.0,1.0,1.0,4.0,5.0,5.0,5.0,5.0,5.0
38,Qwen2.5-3B,4.0,4.0,3.0,4.0,5.0,4.0,3.0,4.0,2.0,3.0,3.0,3.0
38,Qwen2.5-7B,4.0,5.0,4.0,5.0,5.0,4.0,4.0,4.0,4.0,5.0,5.0,5.0
39,HingGPT,3.0,4.0,2.0,3.0,4.0,3.0,2.0,2.0,1.0,2.0,3.0,2.0
39,Phi-3.5-mini,1.0,1.0,1.0,1.0,1.0,1.0,4.0,4.0,4.0,4.0,5.0,4.0
39,Qwen2.5-3B,4.0,5.0,3.0,4.0,5.0,4.0,2.0,3.0,2.0,2.0,2.0,2.0
39,Qwen2.5-7B,4.0,5.0,3.0,3.0,5.0,4.0,2.0,2.0,1.0,1.0,1.0,1.0
40,HingGPT,3.0,4.0,2.0,3.0,3.0,3.0,4.0,4.0,3.0,4.0,3.0,4.0
40,Phi-3.5-mini,1.0,1.0,1.0,1.0,1.0,1.0,3.0,4.0,3.0,4.0,2.0,3.0
40,Qwen2.5-3B,4.0,5.0,4.0,5.0,3.0,4.0,4.0,4.0,3.0,5.0,3.0,4.0
40,Qwen2.5-7B,4.0,4.0,3.0,4.0,3.0,4.0,4.0,4.0,3.0,4.0,3.0,4.0
41,HingGPT,4.0,4.0,3.0,4.0,3.0,4.0,3.0,4.0,3.0,4.0,3.0,3.0
41,Phi-3.5-mini,1.0,1.0,1.0,1.0,1.0,1.0,4.0,4.0,3.0,5.0,5.0,4.0
41,Qwen2.5-3B,3.0,4.0,2.0,3.0,5.0,3.0,3.0,4.0,2.0,3.0,5.0,3.0
41,Qwen2.5-7B,1.0,1.0,1.0,1.0,5.0,1.0,3.0,1.0,1.0,1.0,3.0,2.0
42,HingGPT,4.0,4.0,3.0,4.0,3.0,4.0,4.0,4.0,3.0,4.0,4.0,4.0
42,Phi-3.5-mini,1.0,1.0,1.0,1.0,1.0,1.0,2.0,2.0,1.0,1.0,1.0,1.0
42,Qwen2.5-3B,3.0,2.0,2.0,1.0,5.0,2.0,2.0,2.0,1.0,1.0,1.0,1.0
42,Qwen2.5-7B,3.0,3.0,3.0,3.0,5.0,3.0,3.0,2.0,1.0,2.0,3.0,2.0
43,HingGPT,1.0,1.0,1.0,1.0,5.0,1.0,2.0,3.0,1.0,2.0,3.0,2.0
43,Phi-3.5-mini,1.0,1.0,1.0,1.0,1.0,1.0,3.0,4.0,3.0,4.0,3.0,3.0
43,Qwen2.5-3B,4.0,4.0,4.0,5.0,5.0,4.0,4.0,4.0,4.0,5.0,5.0,4.0
43,Qwen2.5-7B,4.0,5.0,4.0,5.0,5.0,4.0,4.0,4.0,4.0,5.0,5.0,4.0
44,HingGPT,3.0,3.0,2.0,2.0,4.0,3.0,3.0,3.0,2.0,2.0,3.0,3.0
44,Phi-3.5-mini,1.0,1.0,1.0,1.0,1.0,1.0,3.0,4.0,2.0,4.0,3.0,3.0
44,Qwen2.5-3B,4.0,4.0,4.0,5.0,5.0,4.0,4.0,4.0,4.0,5.0,5.0,4.0
44,Qwen2.5-7B,3.0,2.0,2.0,3.0,4.0,3.0,3.0,2.0,1.0,2.0,3.0,2.0
45,HingGPT,3.0,4.0,2.0,2.0,3.0,3.0,3.0,4.0,2.0,2.0,3.0,3.0
45,Phi-3.5-mini,1.0,1.0,1.0,1.0,1.0,1.0,5.0,5.0,5.0,5.0,5.0,5.0
45,Qwen2.5-3B,4.0,5.0,4.0,5.0,5.0,4.0,3.0,4.0,3.0,4.0,3.0,3.0
45,Qwen2.5-7B,3.0,4.0,3.0,3.0,5.0,3.0,2.0,2.0,1.0,1.0,5.0,2.0
46,HingGPT,3.0,4.0,2.0,3.0,4.0,3.0,3.0,4.0,2.0,2.0,3.0,3.0
46,Phi-3.5-mini,1.0,1.0,1.0,1.0,1.0,1.0,2.0,2.0,1.0,1.0,1.0,2.0
46,Qwen2.5-3B,3.0,4.0,2.0,1.0,5.0,2.0,3.0,2.0,2.0,2.0,3.0,2.0
46,Qwen2.5-7B,1.0,1.0,1.0,1.0,5.0,1.0,2.0,1.0,1.0,2.0,5.0,2.0
47,HingGPT,1.0,1.0,1.0,1.0,1.0,1.0,3.0,3.0,1.0,3.0,1.0,2.0
47,Phi-3.5-mini,1.0,1.0,1.0,1.0,1.0,1.0,3.0,4.0,3.0,4.0,2.0,3.0
47,Qwen2.5-3B,3.0,2.0,1.0,1.0,5.0,2.0,3.0,4.0,3.0,4.0,5.0,3.0
47,Qwen2.5-7B,4.0,3.0,2.0,5.0,5.0,3.0,3.0,2.0,1.0,4.0,5.0,3.0
48,HingGPT,2.0,3.0,2.0,2.0,3.0,2.0,3.0,3.0,2.0,3.0,3.0,3.0
48,Phi-3.5-mini,1.0,1.0,1.0,1.0,1.0,1.0,3.0,3.0,3.0,2.0,5.0,3.0
48,Qwen2.5-3B,4.0,4.0,3.0,4.0,5.0,4.0,3.0,4.0,3.0,3.0,5.0,3.0
48,Qwen2.5-7B,4.0,4.0,3.0,4.0,5.0,4.0,4.0,4.0,3.0,4.0,5.0,4.0
49,HingGPT,1.0,1.0,1.0,1.0,3.0,1.0,2.0,3.0,2.0,2.0,3.0,2.0
49,Phi-3.5-mini,1.0,1.0,1.0,1.0,1.0,1.0,1.0,1.0,1.0,1.0,1.0,1.0
49,Qwen2.5-3B,3.0,4.0,2.0,3.0,5.0,3.0,2.0,2.0,1.0,2.0,3.0,2.0
49,Qwen2.5-7B,4.0,4.0,3.0,4.0,5.0,4.0,3.0,4.0,3.0,4.0,5.0,3.0
50,HingGPT,3.0,2.0,2.0,1.0,3.0,2.0,2.0,2.0,2.0,2.0,3.0,2.0
50,Phi-3.5-mini,1.0,1.0,1.0,1.0,1.0,1.0,4.0,4.0,3.0,4.0,3.0,4.0
50,Qwen2.5-3B,3.0,4.0,2.0,2.0,5.0,3.0,3.0,2.0,1.0,2.0,5.0,3.0
50,Qwen2.5-7B,5.0,5.0,5.0,5.0,5.0,5.0,5.0,5.0,5.0,5.0,5.0,5.0
51,HingGPT,1.0,1.0,1.0,1.0,1.0,1.0,2.0,2.0,1.0,1.0,1.0,2.0
51,Phi-3.5-mini,1.0,1.0,1.0,1.0,1.0,1.0,1.0,1.0,1.0,1.0,1.0,1.0
51,Qwen2.5-3B,1.0,1.0,1.0,1.0,1.0,1.0,1.0,1.0,1.0,1.0,1.0,1.0
51,Qwen2.5-7B,4.0,4.0,3.0,4.0,5.0,4.0,2.0,1.0,1.0,3.0,5.0,2.0
52,HingGPT,3.0,4.0,2.0,3.0,4.0,3.0,3.0,4.0,2.0,3.0,3.0,3.0
52,Phi-3.5-mini,1.0,1.0,1.0,1.0,1.0,1.0,3.0,4.0,3.0,5.0,5.0,4.0
52,Qwen2.5-3B,4.0,5.0,3.0,4.0,5.0,4.0,2.0,3.0,2.0,2.0,5.0,2.0
52,Qwen2.5-7B,4.0,5.0,3.0,5.0,5.0,4.0,4.0,4.0,3.0,5.0,5.0,4.0
53,HingGPT,2.0,3.0,2.0,1.0,3.0,2.0,2.0,2.0,2.0,2.0,3.0,2.0
53,Phi-3.5-mini,1.0,1.0,1.0,1.0,1.0,1.0,2.0,2.0,1.0,1.0,1.0,1.0
53,Qwen2.5-3B,3.0,3.0,2.0,2.0,3.0,2.0,3.0,3.0,2.0,3.0,2.0,3.0
53,Qwen2.5-7B,3.0,3.0,3.0,3.0,5.0,3.0,3.0,1.0,1.0,1.0,5.0,2.0
54,HingGPT,2.0,3.0,2.0,3.0,2.0,3.0,2.0,2.0,1.0,2.0,2.0,2.0
54,Phi-3.5-mini,1.0,1.0,1.0,1.0,1.0,1.0,4.0,4.0,4.0,4.0,4.0,4.0
54,Qwen2.5-3B,4.0,5.0,4.0,5.0,5.0,4.0,4.0,4.0,3.0,5.0,5.0,4.0
54,Qwen2.5-7B,4.0,5.0,3.0,4.0,5.0,4.0,3.0,4.0,2.0,3.0,5.0,3.0
55,HingGPT,2.0,3.0,2.0,3.0,2.0,3.0,2.0,3.0,2.0,2.0,2.0,2.0
55,Phi-3.5-mini,1.0,1.0,1.0,1.0,1.0,1.0,3.0,5.0,1.0,5.0,1.0,3.0
55,Qwen2.5-3B,3.0,4.0,3.0,3.0,4.0,3.0,3.0,3.0,2.0,3.0,4.0,3.0
55,Qwen2.5-7B,3.0,3.0,2.0,2.0,5.0,3.0,3.0,2.0,1.0,2.0,5.0,2.0
56,HingGPT,1.0,1.0,1.0,1.0,5.0,1.0,2.0,1.0,2.0,1.0,2.0,2.0
56,Phi-3.5-mini,1.0,1.0,1.0,1.0,1.0,1.0,4.0,4.0,3.0,4.0,3.0,4.0
56,Qwen2.5-3B,4.0,4.0,3.0,4.0,5.0,4.0,4.0,4.0,3.0,5.0,5.0,4.0
56,Qwen2.5-7B,4.0,5.0,4.0,5.0,5.0,5.0,4.0,4.0,3.0,5.0,5.0,4.0
57,HingGPT,2.0,3.0,2.0,2.0,3.0,2.0,2.0,3.0,2.0,3.0,3.0,2.0
57,Phi-3.5-mini,1.0,1.0,1.0,1.0,1.0,1.0,3.0,2.0,2.0,3.0,3.0,3.0
57,Qwen2.5-3B,3.0,3.0,2.0,2.0,5.0,2.0,3.0,3.0,2.0,3.0,3.0,3.0
57,Qwen2.5-7B,3.0,4.0,2.0,2.0,3.0,3.0,2.0,2.0,1.0,1.0,1.0,1.0
58,HingGPT,4.0,5.0,3.0,4.0,3.0,4.0,3.0,4.0,2.0,3.0,3.0,3.0
58,Phi-3.5-mini,1.0,1.0,1.0,1.0,1.0,1.0,2.0,3.0,2.0,3.0,2.0,2.0
58,Qwen2.5-3B,4.0,5.0,3.0,4.0,5.0,4.0,3.0,4.0,3.0,4.0,5.0,3.0
58,Qwen2.5-7B,3.0,4.0,2.0,2.0,5.0,3.0,3.0,2.0,1.0,3.0,5.0,3.0
59,HingGPT,1.0,1.0,1.0,1.0,1.0,1.0,2.0,1.0,1.0,1.0,1.0,1.0
59,Phi-3.5-mini,1.0,1.0,1.0,1.0,1.0,1.0,4.0,4.0,3.0,4.0,5.0,4.0
59,Qwen2.5-3B,3.0,4.0,2.0,3.0,5.0,3.0,3.0,4.0,2.0,3.0,5.0,3.0
59,Qwen2.5-7B,3.0,3.0,2.0,2.0,5.0,3.0,3.0,2.0,1.0,3.0,5.0,3.0
60,HingGPT,1.0,1.0,1.0,1.0,5.0,2.0,2.0,2.0,1.0,1.0,3.0,2.0
60,Phi-3.5-mini,1.0,1.0,1.0,1.0,1.0,1.0,3.0,4.0,3.0,4.0,3.0,3.0
60,Qwen2.5-3B,3.0,3.0,2.0,2.0,5.0,3.0,3.0,4.0,2.0,2.0,3.0,3.0
60,Qwen2.5-7B,3.0,4.0,2.0,1.0,5.0,3.0,2.0,2.0,2.0,1.0,3.0,2.0
61,HingGPT,3.0,2.0,2.0,2.0,3.0,2.0,2.0,3.0,1.0,2.0,2.0,2.0
61,Phi-3.5-mini,1.0,1.0,1.0,1.0,1.0,1.0,3.0,4.0,3.0,4.0,3.0,3.0
61,Qwen2.5-3B,4.0,5.0,3.0,5.0,5.0,4.0,4.0,4.0,3.0,5.0,5.0,4.0
61,Qwen2.5-7B,4.0,5.0,3.0,4.0,5.0,4.0,3.0,4.0,3.0,4.0,4.0,3.0
62,HingGPT,3.0,4.0,2.0,3.0,4.0,3.0,3.0,4.0,2.0,3.0,3.0,3.0
62,Phi-3.5-mini,1.0,1.0,1.0,1.0,1.0,1.0,3.0,4.0,3.0,5.0,5.0,4.0
62,Qwen2.5-3B,4.0,5.0,3.0,5.0,5.0,4.0,3.0,4.0,3.0,4.0,5.0,3.0
62,Qwen2.5-7B,3.0,4.0,2.0,2.0,3.0,3.0,3.0,4.0,2.0,2.0,3.0,3.0
63,HingGPT,3.0,4.0,2.0,3.0,5.0,3.0,3.0,4.0,2.0,2.0,3.0,3.0
63,Phi-3.5-mini,1.0,1.0,1.0,1.0,1.0,1.0,3.0,4.0,3.0,4.0,5.0,3.0
63,Qwen2.5-3B,4.0,5.0,3.0,4.0,5.0,4.0,3.0,4.0,2.0,3.0,3.0,3.0
63,Qwen2.5-7B,3.0,4.0,3.0,3.0,5.0,3.0,3.0,2.0,2.0,1.0,5.0,2.0
64,HingGPT,1.0,1.0,1.0,1.0,1.0,1.0,2.0,2.0,1.0,1.0,1.0,2.0
64,Phi-3.5-mini,1.0,1.0,1.0,1.0,1.0,1.0,3.0,4.0,3.0,4.0,5.0,3.0
64,Qwen2.5-3B,4.0,4.0,3.0,4.0,5.0,4.0,3.0,4.0,2.0,4.0,3.0,3.0
64,Qwen2.5-7B,4.0,5.0,4.0,5.0,5.0,4.0,5.0,5.0,5.0,5.0,5.0,5.0
65,HingGPT,2.0,3.0,2.0,1.0,3.0,2.0,2.0,3.0,2.0,2.0,3.0,2.0
65,Phi-3.5-mini,1.0,1.0,1.0,1.0,1.0,1.0,3.0,4.0,3.0,4.0,3.0,3.0
65,Qwen2.5-3B,3.0,4.0,3.0,4.0,5.0,4.0,3.0,4.0,3.0,4.0,5.0,3.0
65,Qwen2.5-7B,4.0,4.0,3.0,4.0,4.0,4.0,4.0,4.0,3.0,4.0,5.0,4.0
66,HingGPT,3.0,4.0,2.0,3.0,4.0,3.0,2.0,2.0,1.0,2.0,3.0,2.0
66,Phi-3.5-mini,1.0,1.0,1.0,1.0,1.0,1.0,1.0,1.0,1.0,1.0,1.0,1.0
66,Qwen2.5-3B,4.0,4.0,4.0,5.0,5.0,4.0,4.0,4.0,3.0,5.0,5.0,4.0
66,Qwen2.5-7B,4.0,5.0,3.0,5.0,5.0,4.0,3.0,4.0,2.0,3.0,5.0,3.0
67,HingGPT,2.0,3.0,2.0,1.0,3.0,2.0,2.0,2.0,1.0,2.0,3.0,2.0
67,Phi-3.5-mini,1.0,1.0,1.0,1.0,1.0,1.0,3.0,4.0,3.0,4.0,5.0,3.0
67,Qwen2.5-3B,3.0,2.0,2.0,1.0,5.0,2.0,2.0,3.0,2.0,2.0,4.0,2.0
67,Qwen2.5-7B,4.0,4.0,3.0,4.0,5.0,4.0,4.0,4.0,3.0,4.0,5.0,4.0
68,HingGPT,1.0,1.0,1.0,1.0,5.0,1.0,2.0,2.0,1.0,2.0,3.0,2.0
68,Phi-3.5-mini,1.0,1.0,1.0,1.0,1.0,1.0,4.0,4.0,4.0,5.0,5.0,5.0
68,Qwen2.5-3B,4.0,5.0,4.0,5.0,5.0,4.0,3.0,4.0,3.0,4.0,5.0,3.0
68,Qwen2.5-7B,3.0,4.0,2.0,2.0,3.0,3.0,2.0,2.0,1.0,1.0,1.0,1.0
69,HingGPT,3.0,3.0,2.0,3.0,4.0,3.0,3.0,2.0,2.0,2.0,3.0,2.0
69,Phi-3.5-mini,1.0,1.0,1.0,1.0,1.0,1.0,2.0,3.0,2.0,3.0,2.0,2.0
69,Qwen2.5-3B,4.0,5.0,4.0,5.0,5.0,5.0,4.0,4.0,4.0,4.0,5.0,4.0
69,Qwen2.5-7B,4.0,4.0,3.0,4.0,4.0,4.0,3.0,2.0,2.0,2.0,3.0,2.0
70,HingGPT,2.0,3.0,1.0,1.0,3.0,2.0,2.0,2.0,1.0,2.0,3.0,2.0
70,Phi-3.5-mini,1.0,1.0,1.0,1.0,1.0,1.0,3.0,4.0,2.0,3.0,3.0,3.0
70,Qwen2.5-3B,3.0,4.0,2.0,3.0,3.0,3.0,2.0,2.0,1.0,1.0,3.0,2.0
70,Qwen2.5-7B,3.0,4.0,3.0,2.0,5.0,3.0,2.0,2.0,1.0,1.0,5.0,2.0
71,HingGPT,3.0,4.0,2.0,3.0,4.0,3.0,3.0,4.0,3.0,2.0,4.0,3.0
71,Phi-3.5-mini,1.0,1.0,1.0,1.0,1.0,1.0,3.0,4.0,3.0,4.0,5.0,3.0
71,Qwen2.5-3B,4.0,5.0,4.0,5.0,5.0,5.0,4.0,4.0,4.0,5.0,5.0,5.0
71,Qwen2.5-7B,1.0,1.0,1.0,1.0,5.0,1.0,3.0,1.0,1.0,1.0,3.0,2.0
72,HingGPT,1.0,1.0,1.0,1.0,1.0,1.0,3.0,4.0,2.0,3.0,3.0,3.0
72,Phi-3.5-mini,1.0,1.0,1.0,1.0,1.0,1.0,3.0,4.0,3.0,5.0,1.0,3.0
72,Qwen2.5-3B,4.0,4.0,3.0,4.0,5.0,4.0,3.0,2.0,1.0,3.0,5.0,3.0
72,Qwen2.5-7B,4.0,5.0,4.0,5.0,5.0,5.0,3.0,4.0,3.0,5.0,5.0,4.0
73,HingGPT,1.0,1.0,1.0,1.0,1.0,1.0,1.0,2.0,1.0,1.0,1.0,1.0
73,Phi-3.5-mini,1.0,1.0,1.0,1.0,1.0,1.0,3.0,3.0,3.0,3.0,3.0,3.0
73,Qwen2.5-3B,3.0,4.0,2.0,3.0,3.0,3.0,3.0,4.0,1.0,2.0,3.0,2.0
73,Qwen2.5-7B,1.0,1.0,1.0,1.0,1.0,1.0,1.0,1.0,1.0,1.0,1.0,1.0
74,HingGPT,1.0,1.0,1.0,1.0,1.0,1.0,2.0,1.0,2.0,1.0,2.0,2.0
74,Phi-3.5-mini,1.0,1.0,1.0,1.0,1.0,1.0,3.0,4.0,3.0,4.0,3.0,3.0
74,Qwen2.5-3B,4.0,5.0,4.0,5.0,5.0,4.0,4.0,4.0,4.0,4.0,5.0,4.0
74,Qwen2.5-7B,3.0,5.0,3.0,5.0,5.0,4.0,5.0,5.0,5.0,5.0,5.0,5.0
75,HingGPT,2.0,2.0,1.0,1.0,3.0,2.0,2.0,2.0,2.0,2.0,3.0,2.0
75,Phi-3.5-mini,1.0,1.0,1.0,1.0,1.0,1.0,3.0,4.0,3.0,4.0,5.0,3.0
75,Qwen2.5-3B,4.0,4.0,3.0,4.0,5.0,4.0,4.0,4.0,3.0,4.0,5.0,4.0
75,Qwen2.5-7B,4.0,4.0,3.0,4.0,4.0,4.0,3.0,4.0,2.0,4.0,3.0,3.0
76,HingGPT,3.0,3.0,2.0,2.0,4.0,3.0,2.0,2.0,1.0,2.0,2.0,2.0
76,Phi-3.5-mini,1.0,1.0,1.0,1.0,1.0,1.0,3.0,4.0,3.0,4.0,3.0,3.0
76,Qwen2.5-3B,3.0,4.0,3.0,3.0,5.0,3.0,3.0,4.0,2.0,3.0,3.0,3.0
76,Qwen2.5-7B,4.0,5.0,3.0,4.0,5.0,4.0,3.0,4.0,2.0,3.0,4.0,3.0
77,HingGPT,3.0,4.0,2.0,3.0,4.0,3.0,3.0,4.0,3.0,3.0,4.0,3.0
77,Phi-3.5-mini,1.0,1.0,1.0,1.0,1.0,1.0,2.0,3.0,1.0,2.0,3.0,2.0
77,Qwen2.5-3B,4.0,4.0,3.0,4.0,5.0,4.0,4.0,4.0,3.0,5.0,5.0,4.0
77,Qwen2.5-7B,1.0,1.0,1.0,1.0,5.0,1.0,2.0,1.0,1.0,1.0,1.0,1.0
78,HingGPT,3.0,4.0,2.0,3.0,4.0,3.0,3.0,4.0,2.0,3.0,4.0,3.0
78,Phi-3.5-mini,1.0,1.0,1.0,1.0,1.0,1.0,4.0,5.0,3.0,5.0,5.0,4.0
78,Qwen2.5-3B,5.0,5.0,5.0,5.0,5.0,5.0,4.0,5.0,5.0,5.0,5.0,5.0
78,Qwen2.5-7B,4.0,5.0,3.0,5.0,5.0,4.0,5.0,5.0,5.0,5.0,5.0,5.0
79,HingGPT,1.0,1.0,1.0,1.0,1.0,1.0,1.0,1.0,1.0,1.0,1.0,1.0
79,Phi-3.5-mini,1.0,1.0,1.0,1.0,1.0,1.0,2.0,2.0,1.0,2.0,1.0,2.0
79,Qwen2.5-3B,1.0,1.0,1.0,1.0,5.0,1.0,1.0,1.0,1.0,1.0,1.0,1.0
79,Qwen2.5-7B,4.0,4.0,3.0,4.0,5.0,4.0,4.0,4.0,3.0,4.0,4.0,4.0
80,HingGPT,4.0,5.0,3.0,4.0,4.0,4.0,3.0,4.0,3.0,4.0,3.0,3.0
80,Phi-3.5-mini,1.0,1.0,1.0,1.0,1.0,1.0,3.0,4.0,2.0,3.0,1.0,2.0
80,Qwen2.5-3B,3.0,4.0,2.0,3.0,5.0,3.0,3.0,4.0,1.0,3.0,5.0,3.0
80,Qwen2.5-7B,3.0,4.0,2.0,3.0,3.0,3.0,3.0,2.0,2.0,2.0,3.0,2.0
81,HingGPT,1.0,1.0,1.0,1.0,1.0,1.0,2.0,3.0,2.0,2.0,2.0,2.0
81,Phi-3.5-mini,1.0,1.0,1.0,1.0,1.0,1.0,3.0,4.0,3.0,3.0,3.0,3.0
81,Qwen2.5-3B,4.0,5.0,3.0,5.0,5.0,4.0,3.0,4.0,2.0,3.0,3.0,3.0
81,Qwen2.5-7B,1.0,1.0,1.0,1.0,5.0,1.0,2.0,1.0,2.0,1.0,5.0,2.0
82,HingGPT,4.0,5.0,3.0,5.0,4.0,4.0,2.0,3.0,2.0,3.0,2.0,2.0
82,Phi-3.5-mini,1.0,1.0,1.0,1.0,1.0,1.0,3.0,5.0,3.0,5.0,5.0,4.0
82,Qwen2.5-3B,4.0,5.0,4.0,5.0,5.0,4.0,3.0,4.0,3.0,3.0,4.0,3.0
82,Qwen2.5-7B,4.0,4.0,3.0,4.0,4.0,4.0,3.0,4.0,2.0,3.0,4.0,3.0
83,HingGPT,3.0,2.0,2.0,2.0,3.0,2.0,4.0,4.0,3.0,4.0,3.0,4.0
83,Phi-3.5-mini,1.0,1.0,1.0,1.0,1.0,1.0,1.0,1.0,1.0,1.0,1.0,1.0
83,Qwen2.5-3B,3.0,4.0,3.0,4.0,5.0,4.0,3.0,4.0,2.0,4.0,5.0,3.0
83,Qwen2.5-7B,3.0,3.0,2.0,2.0,5.0,2.0,3.0,4.0,1.0,2.0,1.0,2.0
84,HingGPT,2.0,3.0,2.0,1.0,3.0,2.0,2.0,2.0,2.0,2.0,2.0,2.0
84,Phi-3.5-mini,3.0,5.0,3.0,3.0,5.0,3.0,5.0,5.0,5.0,5.0,5.0,5.0
84,Qwen2.5-3B,4.0,5.0,4.0,5.0,5.0,5.0,5.0,5.0,5.0,5.0,5.0,5.0
84,Qwen2.5-7B,4.0,5.0,4.0,5.0,5.0,4.0,4.0,4.0,4.0,5.0,5.0,5.0
85,HingGPT,1.0,1.0,1.0,1.0,5.0,1.0,2.0,2.0,2.0,2.0,3.0,2.0
85,Phi-3.5-mini,1.0,1.0,1.0,1.0,1.0,1.0,1.0,1.0,1.0,1.0,1.0,1.0
85,Qwen2.5-3B,4.0,3.0,2.0,2.0,5.0,3.0,3.0,4.0,3.0,2.0,4.0,3.0
85,Qwen2.5-7B,4.0,3.0,2.0,3.0,5.0,3.0,3.0,4.0,2.0,4.0,3.0,3.0
86,HingGPT,1.0,1.0,1.0,1.0,1.0,1.0,1.0,1.0,1.0,1.0,1.0,1.0
86,Phi-3.5-mini,1.0,1.0,1.0,1.0,1.0,1.0,3.0,4.0,3.0,5.0,5.0,4.0
86,Qwen2.5-3B,4.0,5.0,4.0,5.0,5.0,5.0,5.0,5.0,5.0,5.0,5.0,5.0
86,Qwen2.5-7B,3.0,3.0,2.0,2.0,5.0,2.0,3.0,2.0,1.0,2.0,5.0,2.0
87,HingGPT,1.0,1.0,1.0,1.0,1.0,1.0,1.0,1.0,1.0,1.0,1.0,1.0
87,Phi-3.5-mini,1.0,1.0,1.0,1.0,1.0,1.0,3.0,2.0,3.0,3.0,3.0,3.0
87,Qwen2.5-3B,4.0,5.0,4.0,5.0,5.0,5.0,4.0,4.0,3.0,5.0,5.0,4.0
87,Qwen2.5-7B,4.0,5.0,4.0,5.0,5.0,5.0,4.0,4.0,4.0,5.0,5.0,5.0
88,HingGPT,3.0,4.0,2.0,3.0,4.0,3.0,3.0,2.0,2.0,2.0,3.0,2.0
88,Phi-3.5-mini,1.0,1.0,1.0,1.0,1.0,1.0,3.0,4.0,3.0,4.0,3.0,3.0
88,Qwen2.5-3B,4.0,4.0,3.0,4.0,5.0,4.0,4.0,4.0,1.0,5.0,5.0,4.0
88,Qwen2.5-7B,1.0,1.0,1.0,1.0,1.0,1.0,3.0,2.0,1.0,3.0,5.0,2.0
89,HingGPT,1.0,1.0,1.0,1.0,5.0,1.0,2.0,1.0,1.0,1.0,1.0,1.0
89,Phi-3.5-mini,1.0,1.0,1.0,1.0,1.0,1.0,3.0,4.0,3.0,4.0,3.0,3.0
89,Qwen2.5-3B,4.0,4.0,4.0,5.0,5.0,4.0,4.0,4.0,4.0,5.0,5.0,4.0
89,Qwen2.5-7B,3.0,4.0,2.0,3.0,3.0,3.0,3.0,4.0,2.0,3.0,2.0,3.0
90,HingGPT,1.0,1.0,1.0,1.0,5.0,1.0,1.0,1.0,1.0,1.0,1.0,1.0
90,Phi-3.5-mini,1.0,1.0,1.0,1.0,1.0,1.0,3.0,4.0,2.0,3.0,2.0,3.0
90,Qwen2.5-3B,4.0,5.0,4.0,5.0,5.0,5.0,4.0,4.0,3.0,4.0,4.0,4.0
90,Qwen2.5-7B,1.0,1.0,1.0,1.0,5.0,1.0,3.0,2.0,1.0,2.0,3.0,2.0
91,HingGPT,1.0,1.0,1.0,1.0,1.0,1.0,2.0,3.0,1.0,2.0,1.0,2.0
91,Phi-3.5-mini,1.0,1.0,1.0,1.0,1.0,1.0,3.0,4.0,2.0,4.0,3.0,3.0
91,Qwen2.5-3B,3.0,4.0,2.0,3.0,5.0,3.0,3.0,4.0,2.0,3.0,3.0,3.0
91,Qwen2.5-7B,4.0,4.0,3.0,4.0,5.0,4.0,4.0,5.0,3.0,5.0,5.0,4.0
92,HingGPT,3.0,2.0,2.0,2.0,2.0,2.0,3.0,4.0,2.0,3.0,3.0,3.0
92,Phi-3.5-mini,1.0,1.0,1.0,1.0,1.0,1.0,3.0,4.0,2.0,3.0,2.0,3.0
92,Qwen2.5-3B,4.0,5.0,3.0,5.0,3.0,4.0,4.0,4.0,3.0,5.0,3.0,4.0
92,Qwen2.5-7B,3.0,2.0,2.0,1.0,5.0,2.0,3.0,2.0,1.0,1.0,2.0,2.0
93,HingGPT,1.0,1.0,1.0,1.0,1.0,1.0,2.0,3.0,2.0,2.0,2.0,2.0
93,Phi-3.5-mini,1.0,1.0,1.0,1.0,1.0,1.0,3.0,4.0,2.0,4.0,5.0,3.0
93,Qwen2.5-3B,4.0,4.0,3.0,4.0,5.0,4.0,4.0,4.0,3.0,4.0,5.0,4.0
93,Qwen2.5-7B,4.0,4.0,3.0,5.0,5.0,4.0,4.0,4.0,3.0,4.0,5.0,4.0
94,HingGPT,3.0,4.0,2.0,3.0,2.0,3.0,1.0,1.0,1.0,1.0,1.0,1.0
94,Phi-3.5-mini,1.0,1.0,1.0,1.0,1.0,1.0,3.0,4.0,3.0,4.0,3.0,3.0
94,Qwen2.5-3B,4.0,4.0,3.0,4.0,4.0,4.0,3.0,4.0,3.0,4.0,3.0,3.0
94,Qwen2.5-7B,4.0,4.0,3.0,4.0,5.0,4.0,4.0,4.0,3.0,4.0,5.0,4.0
95,HingGPT,1.0,1.0,1.0,1.0,1.0,1.0,2.0,2.0,1.0,1.0,1.0,2.0
95,Phi-3.5-mini,1.0,1.0,1.0,1.0,1.0,1.0,2.0,2.0,1.0,1.0,1.0,1.0
95,Qwen2.5-3B,1.0,1.0,1.0,1.0,5.0,1.0,1.0,1.0,1.0,1.0,1.0,1.0
95,Qwen2.5-7B,4.0,4.0,4.0,5.0,5.0,4.0,4.0,4.0,4.0,5.0,5.0,4.0
96,HingGPT,2.0,3.0,2.0,1.0,3.0,2.0,3.0,4.0,2.0,3.0,3.0,3.0
96,Phi-3.5-mini,1.0,1.0,1.0,1.0,1.0,1.0,3.0,4.0,3.0,4.0,3.0,3.0
96,Qwen2.5-3B,4.0,3.0,2.0,4.0,5.0,3.0,3.0,4.0,2.0,3.0,3.0,3.0
96,Qwen2.5-7B,4.0,5.0,3.0,4.0,5.0,4.0,4.0,4.0,3.0,4.0,4.0,4.0
97,HingGPT,1.0,1.0,1.0,1.0,1.0,1.0,2.0,1.0,1.0,2.0,1.0,2.0
97,Phi-3.5-mini,1.0,1.0,1.0,1.0,1.0,1.0,3.0,4.0,3.0,4.0,3.0,3.0
97,Qwen2.5-3B,4.0,5.0,3.0,5.0,4.0,4.0,4.0,4.0,3.0,5.0,5.0,4.0
97,Qwen2.5-7B,4.0,5.0,4.0,5.0,5.0,5.0,4.0,4.0,4.0,5.0,5.0,4.0
98,HingGPT,1.0,1.0,1.0,1.0,1.0,1.0,1.0,1.0,1.0,1.0,1.0,1.0
98,Phi-3.5-mini,1.0,1.0,1.0,1.0,1.0,1.0,3.0,4.0,3.0,4.0,3.0,3.0
98,Qwen2.5-3B,4.0,4.0,4.0,5.0,4.0,4.0,4.0,4.0,4.0,5.0,4.0,4.0
98,Qwen2.5-7B,4.0,4.0,4.0,5.0,5.0,4.0,4.0,4.0,3.0,5.0,5.0,4.0
99,HingGPT,2.0,3.0,2.0,1.0,3.0,2.0,3.0,2.0,2.0,2.0,3.0,2.0
99,Phi-3.5-mini,1.0,1.0,1.0,1.0,1.0,1.0,2.0,4.0,3.0,4.0,2.0,3.0
99,Qwen2.5-3B,4.0,4.0,3.0,4.0,5.0,4.0,4.0,4.0,3.0,4.0,5.0,4.0
99,Qwen2.5-7B,4.0,4.0,3.0,4.0,5.0,4.0,4.0,3.0,2.0,4.0,5.0,3.0
100,HingGPT,3.0,2.0,2.0,2.0,4.0,2.0,3.0,3.0,2.0,3.0,3.0,3.0
100,Phi-3.5-mini,1.0,1.0,1.0,1.0,1.0,1.0,1.0,1.0,1.0,1.0,1.0,1.0
100,Qwen2.5-3B,4.0,4.0,3.0,4.0,5.0,4.0,2.0,3.0,2.0,2.0,3.0,2.0
100,Qwen2.5-7B,4.0,4.0,3.0,4.0,5.0,4.0,4.0,4.0,3.0,4.0,5.0,4.0
101,HingGPT,2.0,3.0,2.0,1.0,2.0,2.0,3.0,3.0,2.0,2.0,3.0,3.0
101,Phi-3.5-mini,1.0,1.0,1.0,1.0,1.0,1.0,3.0,4.0,3.0,4.0,3.0,3.0
101,Qwen2.5-3B,4.0,5.0,3.0,4.0,5.0,4.0,4.0,4.0,3.0,4.0,5.0,4.0
101,Qwen2.5-7B,1.0,1.0,1.0,1.0,1.0,1.0,2.0,1.0,2.0,1.0,3.0,2.0
102,HingGPT,1.0,1.0,1.0,1.0,1.0,1.0,2.0,3.0,1.0,1.0,1.0,2.0
102,Phi-3.5-mini,1.0,1.0,1.0,1.0,1.0,1.0,3.0,4.0,2.0,3.0,3.0,3.0
102,Qwen2.5-3B,4.0,5.0,4.0,5.0,5.0,5.0,4.0,4.0,4.0,5.0,5.0,5.0
102,Qwen2.5-7B,3.0,4.0,2.0,2.0,5.0,3.0,2.0,2.0,1.0,1.0,3.0,2.0
103,HingGPT,1.0,1.0,1.0,1.0,5.0,1.0,2.0,1.0,2.0,1.0,1.0,2.0
103,Phi-3.5-mini,1.0,1.0,1.0,1.0,1.0,1.0,2.0,3.0,2.0,2.0,3.0,2.0
103,Qwen2.5-3B,3.0,2.0,2.0,1.0,5.0,2.0,2.0,3.0,1.0,2.0,3.0,2.0
103,Qwen2.5-7B,3.0,4.0,2.0,2.0,3.0,3.0,2.0,2.0,2.0,1.0,3.0,2.0
104,HingGPT,1.0,1.0,1.0,1.0,1.0,1.0,2.0,1.0,1.0,2.0,2.0,2.0
104,Phi-3.5-mini,1.0,1.0,1.0,1.0,1.0,1.0,3.0,4.0,3.0,3.0,4.0,3.0
104,Qwen2.5-3B,4.0,4.0,3.0,4.0,5.0,4.0,3.0,2.0,1.0,3.0,5.0,3.0
104,Qwen2.5-7B,4.0,4.0,3.0,4.0,5.0,4.0,4.0,4.0,3.0,5.0,5.0,4.0
105,HingGPT,2.0,3.0,2.0,2.0,3.0,2.0,3.0,2.0,2.0,3.0,3.0,3.0
105,Phi-3.5-mini,1.0,1.0,1.0,1.0,1.0,1.0,2.0,3.0,2.0,2.0,3.0,2.0
105,Qwen2.5-3B,4.0,4.0,3.0,4.0,4.0,4.0,4.0,4.0,3.0,4.0,4.0,4.0
105,Qwen2.5-7B,3.0,3.0,2.0,1.0,5.0,2.0,2.0,1.0,1.0,1.0,3.0,2.0
106,HingGPT,3.0,4.0,2.0,3.0,4.0,3.0,3.0,2.0,2.0,3.0,3.0,3.0
106,Phi-3.5-mini,1.0,1.0,1.0,1.0,1.0,1.0,3.0,4.0,3.0,4.0,3.0,3.0
106,Qwen2.5-3B,4.0,5.0,3.0,4.0,5.0,4.0,4.0,4.0,1.0,4.0,5.0,4.0
106,Qwen2.5-7B,3.0,4.0,3.0,4.0,5.0,4.0,3.0,4.0,3.0,4.0,5.0,4.0
107,HingGPT,2.0,3.0,1.0,2.0,2.0,2.0,3.0,4.0,2.0,3.0,2.0,3.0
107,Phi-3.5-mini,1.0,1.0,1.0,1.0,1.0,1.0,2.0,3.0,1.0,2.0,3.0,2.0
107,Qwen2.5-3B,4.0,5.0,3.0,4.0,5.0,4.0,4.0,4.0,1.0,3.0,5.0,3.0
107,Qwen2.5-7B,4.0,4.0,3.0,4.0,5.0,4.0,4.0,3.0,1.0,4.0,5.0,3.0
108,HingGPT,1.0,1.0,1.0,1.0,1.0,1.0,2.0,3.0,1.0,2.0,3.0,2.0
108,Phi-3.5-mini,1.0,1.0,1.0,1.0,1.0,1.0,3.0,2.0,1.0,1.0,3.0,2.0
108,Qwen2.5-3B,4.0,5.0,3.0,4.0,5.0,4.0,4.0,4.0,4.0,5.0,5.0,5.0
108,Qwen2.5-7B,3.0,4.0,2.0,2.0,5.0,3.0,2.0,2.0,2.0,2.0,3.0,2.0
109,HingGPT,2.0,3.0,1.0,1.0,2.0,2.0,2.0,2.0,1.0,1.0,2.0,2.0
109,Phi-3.5-mini,1.0,1.0,1.0,1.0,1.0,1.0,3.0,4.0,3.0,4.0,3.0,3.0
109,Qwen2.5-3B,4.0,5.0,4.0,5.0,5.0,4.0,4.0,4.0,4.0,5.0,5.0,4.0
109,Qwen2.5-7B,4.0,5.0,4.0,5.0,5.0,4.0,5.0,5.0,5.0,5.0,5.0,5.0
110,HingGPT,3.0,4.0,2.0,3.0,4.0,3.0,3.0,4.0,3.0,3.0,4.0,3.0
110,Phi-3.5-mini,1.0,1.0,1.0,1.0,1.0,1.0,1.0,1.0,1.0,1.0,1.0,1.0
110,Qwen2.5-3B,,,,,,,1.0,1.0,1.0,1.0,1.0,1.0
110,Qwen2.5-7B,3.0,4.0,2.0,2.0,5.0,3.0,3.0,3.0,2.0,2.0,5.0,3.0
111,HingGPT,1.0,1.0,1.0,1.0,1.0,1.0,2.0,3.0,2.0,1.0,3.0,2.0
111,Phi-3.5-mini,1.0,1.0,1.0,1.0,1.0,1.0,5.0,5.0,1.0,5.0,1.0,3.0
111,Qwen2.5-3B,5.0,5.0,5.0,5.0,5.0,5.0,5.0,5.0,5.0,5.0,5.0,5.0
111,Qwen2.5-7B,1.0,1.0,1.0,1.0,5.0,1.0,3.0,2.0,1.0,1.0,5.0,2.0
112,HingGPT,4.0,5.0,3.0,5.0,4.0,4.0,3.0,4.0,3.0,4.0,5.0,4.0
112,Phi-3.5-mini,1.0,1.0,1.0,1.0,1.0,1.0,3.0,4.0,3.0,5.0,5.0,4.0
112,Qwen2.5-3B,4.0,4.0,3.0,4.0,5.0,4.0,3.0,3.0,1.0,3.0,5.0,3.0
112,Qwen2.5-7B,2.0,2.0,1.0,1.0,5.0,2.0,3.0,2.0,1.0,1.0,5.0,2.0
113,HingGPT,1.0,1.0,1.0,1.0,1.0,1.0,1.0,1.0,1.0,1.0,1.0,1.0
113,Phi-3.5-mini,1.0,1.0,1.0,1.0,1.0,1.0,5.0,5.0,5.0,5.0,5.0,5.0
113,Qwen2.5-3B,3.0,2.0,2.0,2.0,3.0,2.0,2.0,2.0,1.0,1.0,1.0,1.0
113,Qwen2.5-7B,3.0,4.0,2.0,3.0,5.0,3.0,3.0,2.0,1.0,2.0,5.0,2.0
114,HingGPT,1.0,1.0,1.0,1.0,1.0,1.0,1.0,1.0,1.0,1.0,1.0,1.0
114,Phi-3.5-mini,1.0,1.0,1.0,1.0,1.0,1.0,3.0,4.0,3.0,4.0,2.0,3.0
114,Qwen2.5-3B,4.0,5.0,3.0,5.0,5.0,4.0,4.0,4.0,3.0,4.0,4.0,4.0
114,Qwen2.5-7B,4.0,5.0,3.0,5.0,5.0,4.0,,,,,,
115,HingGPT,3.0,2.0,1.0,1.0,5.0,2.0,3.0,2.0,1.0,2.0,3.0,2.0
115,Phi-3.5-mini,1.0,1.0,1.0,1.0,1.0,1.0,5.0,5.0,5.0,5.0,5.0,5.0
115,Qwen2.5-3B,3.0,4.0,2.0,3.0,5.0,3.0,3.0,2.0,1.0,1.0,5.0,2.0
115,Qwen2.5-7B,3.0,3.0,2.0,2.0,5.0,3.0,3.0,2.0,1.0,2.0,5.0,2.0
116,HingGPT,2.0,3.0,1.0,1.0,5.0,2.0,2.0,2.0,1.0,2.0,3.0,2.0
116,Phi-3.5-mini,1.0,1.0,1.0,1.0,1.0,1.0,3.0,3.0,3.0,3.0,3.0,3.0
116,Qwen2.5-3B,4.0,5.0,4.0,5.0,5.0,4.0,4.0,4.0,3.0,5.0,5.0,4.0
116,Qwen2.5-7B,4.0,4.0,3.0,4.0,5.0,4.0,3.0,2.0,1.0,3.0,5.0,2.0
117,HingGPT,4.0,5.0,3.0,5.0,4.0,4.0,1.0,1.0,1.0,1.0,1.0,1.0
117,Phi-3.5-mini,1.0,1.0,1.0,1.0,1.0,1.0,4.0,5.0,3.0,5.0,3.0,4.0
117,Qwen2.5-3B,1.0,1.0,1.0,1.0,5.0,1.0,1.0,1.0,1.0,1.0,1.0,1.0
117,Qwen2.5-7B,3.0,5.0,2.0,3.0,4.0,3.0,3.0,4.0,2.0,3.0,5.0,3.0
118,HingGPT,2.0,3.0,1.0,1.0,5.0,2.0,2.0,2.0,1.0,1.0,3.0,2.0
118,Phi-3.5-mini,3.0,5.0,1.0,1.0,3.0,2.0,4.0,4.0,3.0,4.0,5.0,4.0
118,Qwen2.5-3B,4.0,5.0,3.0,4.0,5.0,4.0,3.0,4.0,1.0,2.0,5.0,3.0
118,Qwen2.5-7B,3.0,4.0,3.0,2.0,5.0,3.0,3.0,2.0,1.0,1.0,5.0,2.0
119,HingGPT,1.0,1.0,1.0,1.0,1.0,1.0,2.0,2.0,1.0,2.0,2.0,2.0
119,Phi-3.5-mini,1.0,1.0,1.0,1.0,1.0,1.0,1.0,1.0,1.0,1.0,1.0,1.0
119,Qwen2.5-3B,4.0,5.0,4.0,5.0,5.0,4.0,3.0,4.0,3.0,4.0,3.0,3.0
119,Qwen2.5-7B,1.0,1.0,1.0,1.0,5.0,1.0,2.0,1.0,1.0,1.0,3.0,2.0
120,HingGPT,2.0,3.0,2.0,2.0,3.0,2.0,2.0,2.0,1.0,2.0,1.0,2.0
120,Phi-3.5-mini,1.0,1.0,1.0,1.0,1.0,1.0,5.0,5.0,5.0,5.0,5.0,5.0
120,Qwen2.5-3B,4.0,5.0,4.0,5.0,5.0,4.0,4.0,4.0,4.0,5.0,5.0,4.0
120,Qwen2.5-7B,3.0,3.0,2.0,2.0,5.0,3.0,3.0,2.0,2.0,2.0,5.0,2.0
121,HingGPT,3.0,4.0,2.0,3.0,4.0,3.0,3.0,4.0,2.0,3.0,3.0,3.0
121,Phi-3.5-mini,1.0,1.0,1.0,1.0,1.0,1.0,3.0,4.0,3.0,4.0,3.0,3.0
121,Qwen2.5-3B,4.0,5.0,4.0,5.0,5.0,4.0,4.0,4.0,4.0,5.0,5.0,4.0
121,Qwen2.5-7B,4.0,5.0,4.0,5.0,5.0,4.0,4.0,5.0,5.0,5.0,5.0,5.0
122,HingGPT,2.0,3.0,2.0,1.0,2.0,2.0,3.0,4.0,2.0,3.0,3.0,3.0
122,Phi-3.5-mini,1.0,1.0,1.0,1.0,1.0,1.0,3.0,4.0,2.0,3.0,3.0,3.0
122,Qwen2.5-3B,1.0,1.0,1.0,1.0,1.0,1.0,3.0,3.0,1.0,1.0,1.0,2.0
122,Qwen2.5-7B,1.0,1.0,1.0,1.0,5.0,1.0,3.0,2.0,1.0,1.0,5.0,2.0
123,HingGPT,1.0,1.0,1.0,1.0,1.0,1.0,1.0,1.0,1.0,1.0,1.0,1.0
123,Phi-3.5-mini,1.0,1.0,1.0,1.0,1.0,1.0,1.0,1.0,1.0,1.0,1.0,1.0
123,Qwen2.5-3B,4.0,4.0,4.0,5.0,5.0,4.0,4.0,4.0,3.0,4.0,5.0,4.0
123,Qwen2.5-7B,3.0,4.0,3.0,2.0,5.0,3.0,3.0,2.0,2.0,1.0,5.0,2.0
124,HingGPT,4.0,4.0,3.0,4.0,4.0,4.0,3.0,4.0,2.0,3.0,3.0,3.0
124,Phi-3.5-mini,1.0,1.0,1.0,1.0,1.0,1.0,1.0,1.0,1.0,1.0,1.0,1.0
124,Qwen2.5-3B,3.0,3.0,2.0,1.0,5.0,2.0,3.0,3.0,3.0,3.0,5.0,3.0
124,Qwen2.5-7B,4.0,4.0,3.0,4.0,5.0,4.0,4.0,4.0,3.0,4.0,5.0,4.0
125,HingGPT,1.0,1.0,1.0,1.0,1.0,1.0,2.0,1.0,1.0,1.0,1.0,1.0
125,Phi-3.5-mini,1.0,1.0,1.0,1.0,1.0,1.0,3.0,4.0,3.0,4.0,3.0,3.0
125,Qwen2.5-3B,4.0,4.0,3.0,4.0,4.0,4.0,4.0,4.0,3.0,4.0,4.0,4.0
125,Qwen2.5-7B,4.0,4.0,4.0,5.0,5.0,4.0,4.0,4.0,3.0,4.0,3.0,4.0
126,HingGPT,1.0,1.0,1.0,1.0,1.0,1.0,2.0,1.0,1.0,2.0,3.0,2.0
126,Phi-3.5-mini,1.0,1.0,1.0,1.0,1.0,1.0,3.0,4.0,3.0,4.0,5.0,3.0
126,Qwen2.5-3B,4.0,4.0,3.0,4.0,5.0,4.0,4.0,4.0,3.0,4.0,5.0,4.0
126,Qwen2.5-7B,4.0,5.0,4.0,5.0,5.0,5.0,4.0,4.0,1.0,4.0,5.0,4.0
127,HingGPT,4.0,4.0,3.0,4.0,5.0,4.0,3.0,4.0,2.0,3.0,4.0,3.0
127,Phi-3.5-mini,1.0,1.0,1.0,1.0,1.0,1.0,4.0,4.0,3.0,5.0,5.0,4.0
127,Qwen2.5-3B,4.0,5.0,3.0,4.0,5.0,4.0,4.0,4.0,3.0,4.0,5.0,4.0
127,Qwen2.5-7B,4.0,4.0,3.0,4.0,5.0,4.0,2.0,2.0,2.0,2.0,3.0,2.0
128,HingGPT,2.0,3.0,2.0,2.0,3.0,2.0,2.0,3.0,2.0,2.0,3.0,2.0
128,Phi-3.5-mini,1.0,1.0,1.0,1.0,1.0,1.0,4.0,4.0,3.0,5.0,5.0,4.0
128,Qwen2.5-3B,4.0,4.0,3.0,4.0,5.0,4.0,4.0,4.0,3.0,4.0,5.0,4.0
128,Qwen2.5-7B,3.0,2.0,2.0,2.0,3.0,2.0,3.0,4.0,2.0,2.0,3.0,3.0
129,HingGPT,3.0,4.0,2.0,2.0,3.0,3.0,2.0,3.0,2.0,2.0,3.0,2.0
129,Phi-3.5-mini,1.0,1.0,1.0,1.0,1.0,1.0,2.0,2.0,2.0,2.0,3.0,2.0
129,Qwen2.5-3B,4.0,4.0,3.0,4.0,5.0,4.0,3.0,4.0,3.0,4.0,5.0,3.0
129,Qwen2.5-7B,4.0,5.0,4.0,5.0,5.0,4.0,3.0,4.0,3.0,4.0,5.0,3.0
130,HingGPT,3.0,4.0,2.0,2.0,3.0,3.0,2.0,2.0,1.0,2.0,3.0,2.0
130,Phi-3.5-mini,1.0,1.0,1.0,1.0,1.0,1.0,3.0,4.0,3.0,5.0,3.0,4.0
130,Qwen2.5-3B,4.0,5.0,4.0,5.0,5.0,5.0,5.0,5.0,5.0,5.0,5.0,5.0
130,Qwen2.5-7B,4.0,5.0,4.0,5.0,5.0,4.0,3.0,4.0,2.0,3.0,5.0,3.0
131,HingGPT,1.0,1.0,1.0,1.0,1.0,1.0,2.0,3.0,2.0,2.0,2.0,2.0
131,Phi-3.5-mini,1.0,1.0,1.0,1.0,1.0,1.0,3.0,4.0,3.0,4.0,3.0,3.0
131,Qwen2.5-3B,4.0,4.0,3.0,4.0,5.0,4.0,4.0,4.0,3.0,5.0,3.0,4.0
131,Qwen2.5-7B,4.0,5.0,4.0,5.0,5.0,5.0,4.0,4.0,4.0,5.0,5.0,5.0
132,HingGPT,3.0,3.0,2.0,2.0,3.0,2.0,3.0,4.0,2.0,3.0,3.0,3.0
132,Phi-3.5-mini,1.0,1.0,1.0,1.0,1.0,1.0,3.0,4.0,2.0,3.0,1.0,3.0
132,Qwen2.5-3B,4.0,4.0,3.0,4.0,5.0,4.0,4.0,4.0,3.0,5.0,5.0,4.0
132,Qwen2.5-7B,3.0,5.0,2.0,3.0,5.0,3.0,3.0,4.0,3.0,3.0,3.0,3.0
133,HingGPT,4.0,4.0,3.0,3.0,4.0,3.0,3.0,4.0,3.0,3.0,3.0,3.0
133,Phi-3.5-mini,1.0,1.0,1.0,1.0,1.0,1.0,3.0,2.0,1.0,2.0,5.0,3.0
133,Qwen2.5-3B,1.0,1.0,1.0,1.0,1.0,1.0,1.0,1.0,1.0,1.0,1.0,1.0
133,Qwen2.5-7B,3.0,3.0,2.0,1.0,5.0,2.0,3.0,2.0,1.0,2.0,3.0,2.0
134,HingGPT,4.0,3.0,2.0,3.0,4.0,3.0,2.0,2.0,2.0,2.0,3.0,2.0
134,Phi-3.5-mini,1.0,1.0,1.0,1.0,1.0,1.0,1.0,1.0,1.0,1.0,1.0,1.0
134,Qwen2.5-3B,4.0,4.0,4.0,4.0,5.0,4.0,4.0,4.0,4.0,5.0,5.0,5.0
134,Qwen2.5-7B,3.0,3.0,2.0,1.0,5.0,2.0,2.0,1.0,2.0,1.0,3.0,2.0
135,HingGPT,3.0,4.0,2.0,3.0,4.0,3.0,2.0,3.0,2.0,2.0,3.0,2.0
135,Phi-3.5-mini,1.0,1.0,1.0,1.0,1.0,1.0,2.0,3.0,2.0,3.0,1.0,2.0
135,Qwen2.5-3B,4.0,5.0,3.0,5.0,5.0,4.0,3.0,3.0,3.0,3.0,5.0,3.0
135,Qwen2.5-7B,4.0,4.0,3.0,4.0,5.0,4.0,4.0,4.0,3.0,4.0,5.0,4.0
136,HingGPT,1.0,1.0,1.0,1.0,1.0,1.0,2.0,3.0,2.0,2.0,3.0,2.0
136,Phi-3.5-mini,1.0,1.0,1.0,1.0,1.0,1.0,3.0,4.0,2.0,3.0,5.0,3.0
136,Qwen2.5-3B,4.0,4.0,3.0,4.0,5.0,4.0,3.0,4.0,2.0,4.0,5.0,3.0
136,Qwen2.5-7B,3.0,4.0,2.0,1.0,5.0,2.0,2.0,2.0,2.0,2.0,3.0,2.0
137,HingGPT,3.0,4.0,3.0,4.0,4.0,3.0,3.0,4.0,2.0,4.0,3.0,3.0
137,Phi-3.5-mini,1.0,1.0,1.0,1.0,1.0,1.0,3.0,4.0,2.0,4.0,3.0,3.0
137,Qwen2.5-3B,3.0,3.0,2.0,1.0,5.0,2.0,2.0,1.0,1.0,1.0,3.0,2.0
137,Qwen2.5-7B,4.0,4.0,3.0,5.0,5.0,4.0,4.0,4.0,3.0,5.0,5.0,4.0
138,HingGPT,3.0,2.0,2.0,2.0,3.0,2.0,2.0,2.0,1.0,2.0,2.0,2.0
138,Phi-3.5-mini,1.0,1.0,1.0,1.0,1.0,1.0,3.0,4.0,3.0,2.0,5.0,3.0
138,Qwen2.5-3B,4.0,4.0,4.0,5.0,5.0,4.0,4.0,4.0,4.0,5.0,5.0,5.0
138,Qwen2.5-7B,4.0,4.0,3.0,4.0,5.0,4.0,4.0,4.0,3.0,4.0,5.0,4.0
139,HingGPT,1.0,1.0,1.0,1.0,5.0,1.0,1.0,1.0,1.0,1.0,1.0,1.0
139,Phi-3.5-mini,1.0,1.0,1.0,1.0,1.0,1.0,3.0,4.0,3.0,4.0,3.0,3.0
139,Qwen2.5-3B,4.0,5.0,3.0,5.0,5.0,4.0,5.0,5.0,5.0,5.0,5.0,5.0
139,Qwen2.5-7B,3.0,5.0,1.0,1.0,1.0,1.0,3.0,4.0,3.0,5.0,5.0,4.0
140,HingGPT,3.0,4.0,2.0,3.0,3.0,3.0,3.0,4.0,2.0,3.0,3.0,3.0
140,Phi-3.5-mini,1.0,1.0,1.0,1.0,1.0,1.0,4.0,4.0,3.0,5.0,5.0,4.0
140,Qwen2.5-3B,4.0,5.0,4.0,5.0,5.0,4.0,5.0,5.0,5.0,5.0,5.0,5.0
140,Qwen2.5-7B,3.0,4.0,2.0,1.0,5.0,2.0,2.0,2.0,1.0,1.0,1.0,1.0
141,HingGPT,1.0,1.0,1.0,1.0,5.0,2.0,2.0,3.0,1.0,2.0,3.0,2.0
141,Phi-3.5-mini,1.0,1.0,1.0,1.0,1.0,1.0,1.0,1.0,1.0,1.0,1.0,1.0
141,Qwen2.5-3B,4.0,4.0,3.0,4.0,5.0,4.0,3.0,4.0,2.0,4.0,5.0,3.0
141,Qwen2.5-7B,4.0,4.0,3.0,4.0,5.0,4.0,4.0,4.0,3.0,4.0,5.0,4.0
142,HingGPT,2.0,3.0,2.0,2.0,3.0,2.0,3.0,3.0,2.0,3.0,3.0,3.0
142,Phi-3.5-mini,1.0,1.0,1.0,1.0,1.0,1.0,3.0,4.0,1.0,4.0,1.0,3.0
142,Qwen2.5-3B,4.0,4.0,3.0,4.0,5.0,4.0,3.0,4.0,3.0,4.0,5.0,3.0
142,Qwen2.5-7B,4.0,4.0,3.0,4.0,5.0,4.0,4.0,4.0,3.0,4.0,5.0,4.0
143,HingGPT,2.0,3.0,2.0,2.0,3.0,2.0,2.0,2.0,2.0,2.0,2.0,2.0
143,Phi-3.5-mini,1.0,1.0,1.0,1.0,1.0,1.0,3.0,4.0,3.0,4.0,5.0,4.0
143,Qwen2.5-3B,4.0,4.0,3.0,4.0,5.0,4.0,4.0,4.0,2.0,4.0,5.0,3.0
143,Qwen2.5-7B,3.0,4.0,3.0,2.0,5.0,3.0,2.0,2.0,1.0,2.0,3.0,2.0
144,HingGPT,1.0,1.0,1.0,1.0,3.0,1.0,2.0,2.0,1.0,1.0,2.0,2.0
144,Phi-3.5-mini,1.0,1.0,1.0,1.0,1.0,1.0,4.0,4.0,3.0,5.0,5.0,4.0
144,Qwen2.5-3B,4.0,4.0,3.0,5.0,5.0,4.0,4.0,4.0,3.0,5.0,5.0,4.0
144,Qwen2.5-7B,3.0,4.0,3.0,2.0,5.0,3.0,3.0,2.0,1.0,2.0,5.0,2.0
145,HingGPT,2.0,3.0,2.0,1.0,3.0,2.0,2.0,2.0,2.0,2.0,3.0,2.0
145,Phi-3.5-mini,1.0,1.0,1.0,1.0,1.0,1.0,3.0,4.0,3.0,4.0,3.0,3.0
145,Qwen2.5-3B,4.0,5.0,3.0,4.0,5.0,4.0,3.0,4.0,3.0,3.0,3.0,3.0
145,Qwen2.5-7B,4.0,5.0,4.0,5.0,5.0,4.0,5.0,5.0,5.0,5.0,5.0,5.0
146,HingGPT,3.0,4.0,2.0,3.0,4.0,3.0,3.0,4.0,2.0,3.0,3.0,3.0
146,Phi-3.5-mini,1.0,1.0,1.0,1.0,1.0,1.0,3.0,4.0,3.0,4.0,3.0,3.0
146,Qwen2.5-3B,3.0,4.0,3.0,4.0,5.0,4.0,4.0,4.0,5.0,5.0,5.0,5.0
146,Qwen2.5-7B,4.0,4.0,4.0,5.0,5.0,4.0,4.0,5.0,1.0,5.0,5.0,4.0
147,HingGPT,3.0,3.0,2.0,3.0,4.0,3.0,2.0,3.0,2.0,3.0,3.0,2.0
147,Phi-3.5-mini,1.0,1.0,1.0,1.0,1.0,1.0,3.0,2.0,1.0,1.0,3.0,2.0
147,Qwen2.5-3B,4.0,4.0,4.0,5.0,5.0,4.0,4.0,4.0,3.0,5.0,5.0,4.0
147,Qwen2.5-7B,2.0,2.0,1.0,1.0,3.0,2.0,2.0,3.0,2.0,1.0,3.0,2.0
148,HingGPT,2.0,3.0,2.0,2.0,3.0,2.0,2.0,3.0,2.0,2.0,3.0,2.0
148,Phi-3.5-mini,1.0,1.0,1.0,1.0,1.0,1.0,2.0,3.0,2.0,3.0,1.0,2.0
148,Qwen2.5-3B,4.0,4.0,3.0,4.0,5.0,4.0,4.0,4.0,3.0,4.0,4.0,4.0
148,Qwen2.5-7B,1.0,1.0,1.0,1.0,5.0,1.0,2.0,2.0,2.0,2.0,3.0,2.0
149,HingGPT,1.0,1.0,1.0,1.0,1.0,1.0,2.0,2.0,1.0,1.0,2.0,2.0
149,Phi-3.5-mini,1.0,1.0,1.0,1.0,1.0,1.0,3.0,4.0,3.0,3.0,3.0,3.0
149,Qwen2.5-3B,4.0,5.0,4.0,5.0,5.0,4.0,3.0,4.0,3.0,4.0,3.0,3.0
149,Qwen2.5-7B,2.0,2.0,1.0,1.0,5.0,2.0,3.0,2.0,1.0,1.0,5.0,2.0
150,HingGPT,2.0,3.0,2.0,2.0,3.0,2.0,3.0,3.0,2.0,3.0,4.0,3.0
150,Phi-3.5-mini,1.0,1.0,1.0,1.0,1.0,1.0,2.0,2.0,1.0,1.0,3.0,2.0
150,Qwen2.5-3B,4.0,5.0,4.0,5.0,5.0,4.0,4.0,4.0,3.0,4.0,5.0,4.0
150,Qwen2.5-7B,1.0,1.0,1.0,1.0,5.0,1.0,1.0,2.0,1.0,1.0,3.0,1.0
151,HingGPT,4.0,3.0,2.0,2.0,3.0,3.0,2.0,1.0,1.0,2.0,2.0,1.0
151,Phi-3.5-mini,1.0,1.0,1.0,1.0,1.0,1.0,3.0,4.0,3.0,4.0,5.0,3.0
151,Qwen2.5-3B,4.0,5.0,4.0,5.0,5.0,5.0,5.0,5.0,5.0,5.0,5.0,5.0
151,Qwen2.5-7B,4.0,4.0,3.0,4.0,4.0,4.0,3.0,4.0,2.0,4.0,3.0,3.0
152,HingGPT,1.0,1.0,1.0,1.0,3.0,1.0,2.0,2.0,1.0,2.0,3.0,2.0
152,Phi-3.5-mini,1.0,1.0,1.0,1.0,1.0,1.0,3.0,3.0,3.0,3.0,3.0,3.0
152,Qwen2.5-3B,3.0,2.0,2.0,1.0,5.0,2.0,3.0,4.0,3.0,2.0,4.0,3.0
152,Qwen2.5-7B,3.0,4.0,2.0,1.0,5.0,3.0,2.0,2.0,2.0,2.0,3.0,2.0
153,HingGPT,1.0,1.0,1.0,1.0,1.0,1.0,2.0,3.0,2.0,2.0,2.0,2.0
153,Phi-3.5-mini,1.0,1.0,1.0,1.0,1.0,1.0,1.0,1.0,1.0,1.0,1.0,1.0
153,Qwen2.5-3B,4.0,5.0,4.0,5.0,5.0,4.0,4.0,4.0,4.0,4.0,5.0,4.0
153,Qwen2.5-7B,4.0,5.0,3.0,3.0,5.0,4.0,2.0,3.0,2.0,1.0,5.0,2.0
154,HingGPT,3.0,3.0,2.0,2.0,4.0,3.0,2.0,3.0,2.0,3.0,3.0,2.0
154,Phi-3.5-mini,1.0,1.0,1.0,1.0,1.0,1.0,5.0,5.0,5.0,5.0,5.0,5.0
154,Qwen2.5-3B,4.0,5.0,4.0,5.0,5.0,5.0,4.0,4.0,3.0,4.0,5.0,4.0
154,Qwen2.5-7B,4.0,5.0,3.0,5.0,5.0,4.0,5.0,5.0,5.0,5.0,5.0,5.0
155,HingGPT,3.0,4.0,2.0,3.0,4.0,3.0,3.0,4.0,2.0,3.0,2.0,3.0
155,Phi-3.5-mini,1.0,1.0,1.0,1.0,1.0,1.0,3.0,4.0,2.0,3.0,3.0,3.0
155,Qwen2.5-3B,3.0,2.0,2.0,2.0,3.0,2.0,3.0,4.0,3.0,2.0,3.0,3.0
155,Qwen2.5-7B,3.0,3.0,2.0,1.0,3.0,2.0,2.0,2.0,1.0,1.0,1.0,1.0
156,HingGPT,3.0,4.0,2.0,3.0,4.0,3.0,3.0,4.0,3.0,4.0,3.0,3.0
156,Phi-3.5-mini,1.0,1.0,1.0,1.0,1.0,1.0,4.0,4.0,3.0,4.0,5.0,4.0
156,Qwen2.5-3B,4.0,4.0,4.0,4.0,5.0,4.0,4.0,4.0,4.0,5.0,5.0,5.0
156,Qwen2.5-7B,4.0,4.0,3.0,4.0,5.0,4.0,4.0,4.0,3.0,4.0,5.0,4.0
157,HingGPT,3.0,4.0,2.0,3.0,4.0,3.0,3.0,2.0,2.0,3.0,3.0,3.0
157,Phi-3.5-mini,1.0,1.0,1.0,1.0,1.0,1.0,3.0,4.0,3.0,4.0,3.0,3.0
157,Qwen2.5-3B,4.0,5.0,3.0,5.0,5.0,4.0,3.0,3.0,3.0,5.0,5.0,4.0
157,Qwen2.5-7B,3.0,4.0,2.0,3.0,4.0,3.0,3.0,2.0,2.0,2.0,3.0,2.0
158,HingGPT,1.0,1.0,1.0,1.0,5.0,1.0,2.0,1.0,1.0,1.0,3.0,2.0
158,Phi-3.5-mini,1.0,1.0,1.0,1.0,1.0,1.0,3.0,4.0,2.0,2.0,3.0,3.0
158,Qwen2.5-3B,3.0,3.0,2.0,1.0,5.0,2.0,3.0,2.0,2.0,2.0,3.0,2.0
158,Qwen2.5-7B,4.0,5.0,3.0,3.0,5.0,4.0,2.0,1.0,1.0,1.0,3.0,2.0
159,HingGPT,3.0,4.0,2.0,3.0,4.0,3.0,3.0,4.0,2.0,3.0,3.0,3.0
159,Phi-3.5-mini,1.0,1.0,1.0,1.0,1.0,1.0,3.0,4.0,2.0,3.0,3.0,3.0
159,Qwen2.5-3B,3.0,4.0,3.0,4.0,5.0,4.0,3.0,4.0,2.0,3.0,5.0,3.0
159,Qwen2.5-7B,3.0,4.0,2.0,2.0,3.0,3.0,2.0,3.0,2.0,1.0,1.0,2.0
160,HingGPT,3.0,3.0,2.0,2.0,4.0,3.0,3.0,2.0,1.0,2.0,3.0,2.0
160,Phi-3.5-mini,1.0,1.0,1.0,1.0,1.0,1.0,1.0,1.0,1.0,1.0,1.0,1.0
160,Qwen2.5-3B,3.0,3.0,2.0,2.0,5.0,3.0,2.0,3.0,1.0,1.0,1.0,2.0
160,Qwen2.5-7B,3.0,4.0,2.0,2.0,5.0,3.0,2.0,2.0,2.0,1.0,3.0,2.0
161,HingGPT,3.0,2.0,2.0,1.0,3.0,2.0,2.0,2.0,1.0,2.0,3.0,2.0
161,Phi-3.5-mini,1.0,1.0,1.0,1.0,1.0,1.0,3.0,4.0,3.0,4.0,5.0,4.0
161,Qwen2.5-3B,3.0,4.0,3.0,4.0,5.0,4.0,3.0,4.0,2.0,4.0,5.0,3.0
161,Qwen2.5-7B,3.0,3.0,2.0,2.0,5.0,3.0,3.0,2.0,1.0,2.0,5.0,2.0
162,HingGPT,3.0,3.0,2.0,5.0,3.0,3.0,4.0,5.0,3.0,5.0,5.0,4.0
162,Phi-3.5-mini,1.0,1.0,1.0,1.0,1.0,1.0,3.0,3.0,2.0,4.0,1.0,3.0
162,Qwen2.5-3B,4.0,5.0,4.0,5.0,5.0,4.0,4.0,4.0,5.0,5.0,5.0,5.0
162,Qwen2.5-7B,1.0,1.0,1.0,1.0,5.0,1.0,3.0,1.0,1.0,1.0,5.0,2.0
163,HingGPT,3.0,4.0,2.0,3.0,4.0,3.0,2.0,2.0,1.0,1.0,2.0,1.0
163,Phi-3.5-mini,1.0,1.0,1.0,1.0,1.0,1.0,5.0,5.0,5.0,5.0,5.0,5.0
163,Qwen2.5-3B,1.0,1.0,1.0,1.0,5.0,1.0,2.0,3.0,1.0,1.0,3.0,2.0
163,Qwen2.5-7B,3.0,4.0,3.0,4.0,5.0,4.0,3.0,2.0,2.0,2.0,5.0,3.0
164,HingGPT,3.0,4.0,2.0,2.0,3.0,3.0,2.0,3.0,2.0,3.0,3.0,2.0
164,Phi-3.5-mini,1.0,1.0,1.0,1.0,1.0,1.0,3.0,4.0,3.0,4.0,3.0,3.0
164,Qwen2.5-3B,4.0,5.0,4.0,5.0,5.0,4.0,4.0,4.0,3.0,5.0,5.0,4.0
164,Qwen2.5-7B,4.0,4.0,3.0,4.0,5.0,4.0,4.0,4.0,3.0,5.0,5.0,4.0
165,HingGPT,1.0,1.0,1.0,1.0,1.0,1.0,2.0,2.0,1.0,2.0,2.0,2.0
165,Phi-3.5-mini,1.0,1.0,1.0,1.0,1.0,1.0,4.0,4.0,4.0,5.0,5.0,4.0
165,Qwen2.5-3B,4.0,5.0,4.0,5.0,5.0,5.0,4.0,5.0,4.0,5.0,5.0,4.0
165,Qwen2.5-7B,4.0,5.0,4.0,5.0,5.0,5.0,5.0,5.0,5.0,5.0,5.0,5.0
166,HingGPT,2.0,3.0,2.0,2.0,3.0,2.0,3.0,4.0,2.0,3.0,3.0,3.0
166,Phi-3.5-mini,1.0,1.0,1.0,1.0,1.0,1.0,3.0,4.0,3.0,5.0,5.0,4.0
166,Qwen2.5-3B,4.0,5.0,4.0,5.0,5.0,5.0,4.0,4.0,3.0,5.0,5.0,4.0
166,Qwen2.5-7B,4.0,5.0,3.0,3.0,4.0,3.0,2.0,2.0,1.0,1.0,3.0,2.0
167,HingGPT,3.0,4.0,2.0,3.0,3.0,3.0,2.0,3.0,2.0,2.0,3.0,2.0
167,Phi-3.5-mini,1.0,1.0,1.0,1.0,1.0,1.0,2.0,3.0,2.0,3.0,2.0,2.0
167,Qwen2.5-3B,4.0,3.0,2.0,3.0,4.0,3.0,3.0,4.0,3.0,4.0,3.0,3.0
167,Qwen2.5-7B,3.0,4.0,3.0,3.0,5.0,3.0,4.0,4.0,3.0,4.0,5.0,4.0
168,HingGPT,2.0,3.0,2.0,1.0,2.0,2.0,2.0,3.0,2.0,2.0,2.0,2.0
168,Phi-3.5-mini,1.0,1.0,1.0,1.0,1.0,1.0,1.0,1.0,1.0,1.0,1.0,1.0
168,Qwen2.5-3B,3.0,2.0,2.0,1.0,5.0,2.0,3.0,2.0,1.0,1.0,3.0,2.0
168,Qwen2.5-7B,3.0,2.0,2.0,1.0,3.0,2.0,2.0,2.0,1.0,1.0,3.0,2.0
169,HingGPT,1.0,1.0,1.0,1.0,1.0,1.0,3.0,3.0,2.0,2.0,3.0,3.0
169,Phi-3.5-mini,1.0,1.0,1.0,1.0,1.0,1.0,3.0,3.0,1.0,1.0,1.0,2.0
169,Qwen2.5-3B,4.0,4.0,3.0,4.0,5.0,4.0,4.0,4.0,3.0,4.0,5.0,4.0
169,Qwen2.5-7B,3.0,4.0,2.0,2.0,3.0,3.0,3.0,2.0,1.0,1.0,5.0,2.0
170,HingGPT,2.0,3.0,2.0,1.0,3.0,2.0,2.0,2.0,1.0,1.0,1.0,2.0
170,Phi-3.5-mini,1.0,1.0,1.0,1.0,1.0,1.0,2.0,3.0,2.0,3.0,3.0,2.0
170,Qwen2.5-3B,4.0,5.0,4.0,5.0,5.0,4.0,3.0,4.0,3.0,5.0,5.0,4.0
170,Qwen2.5-7B,4.0,5.0,4.0,5.0,5.0,4.0,4.0,4.0,3.0,4.0,4.0,4.0
171,HingGPT,1.0,1.0,1.0,1.0,1.0,1.0,1.0,1.0,1.0,1.0,1.0,1.0
171,Phi-3.5-mini,1.0,1.0,1.0,1.0,1.0,1.0,3.0,4.0,3.0,4.0,3.0,3.0
171,Qwen2.5-3B,4.0,4.0,3.0,4.0,5.0,4.0,3.0,4.0,1.0,2.0,5.0,3.0
171,Qwen2.5-7B,1.0,1.0,1.0,1.0,5.0,1.0,3.0,2.0,1.0,1.0,3.0,2.0
172,HingGPT,3.0,4.0,3.0,4.0,4.0,4.0,3.0,4.0,2.0,3.0,4.0,3.0
172,Phi-3.5-mini,1.0,1.0,1.0,1.0,1.0,1.0,2.0,3.0,2.0,3.0,3.0,2.0
172,Qwen2.5-3B,1.0,1.0,1.0,1.0,5.0,1.0,1.0,1.0,1.0,1.0,1.0,1.0
172,Qwen2.5-7B,4.0,5.0,4.0,5.0,5.0,4.0,4.0,4.0,4.0,4.0,4.0,4.0
173,HingGPT,3.0,4.0,2.0,3.0,4.0,3.0,3.0,4.0,2.0,4.0,3.0,3.0
173,Phi-3.5-mini,1.0,1.0,1.0,1.0,1.0,1.0,3.0,4.0,3.0,4.0,5.0,3.0
173,Qwen2.5-3B,3.0,4.0,2.0,3.0,5.0,3.0,3.0,4.0,4.0,4.0,5.0,4.0
173,Qwen2.5-7B,1.0,1.0,1.0,1.0,3.0,1.0,3.0,4.0,2.0,3.0,3.0,3.0
174,HingGPT,3.0,1.0,1.0,1.0,1.0,1.0,3.0,4.0,2.0,3.0,1.0,2.0
174,Phi-3.5-mini,1.0,1.0,1.0,1.0,1.0,1.0,3.0,4.0,2.0,3.0,1.0,2.0
174,Qwen2.5-3B,4.0,5.0,3.0,4.0,5.0,4.0,4.0,4.0,1.0,4.0,5.0,4.0
174,Qwen2.5-7B,3.0,4.0,3.0,4.0,3.0,3.0,3.0,4.0,3.0,5.0,1.0,3.0
175,HingGPT,2.0,3.0,2.0,2.0,3.0,2.0,2.0,3.0,2.0,2.0,2.0,2.0
175,Phi-3.5-mini,1.0,1.0,1.0,1.0,1.0,1.0,3.0,4.0,3.0,4.0,3.0,3.0
175,Qwen2.5-3B,3.0,4.0,2.0,4.0,5.0,3.0,5.0,5.0,1.0,5.0,5.0,5.0
175,Qwen2.5-7B,4.0,4.0,3.0,4.0,5.0,4.0,5.0,5.0,3.0,3.0,3.0,4.0
176,HingGPT,1.0,1.0,1.0,1.0,5.0,1.0,2.0,2.0,1.0,1.0,3.0,2.0
176,Phi-3.5-mini,1.0,1.0,1.0,1.0,1.0,1.0,3.0,4.0,3.0,4.0,3.0,3.0
176,Qwen2.5-3B,3.0,5.0,1.0,1.0,1.0,1.0,1.0,1.0,1.0,1.0,1.0,1.0
176,Qwen2.5-7B,4.0,4.0,3.0,4.0,5.0,4.0,4.0,4.0,3.0,4.0,5.0,4.0
177,HingGPT,3.0,3.0,2.0,2.0,4.0,2.0,3.0,2.0,1.0,2.0,3.0,2.0
177,Phi-3.5-mini,1.0,1.0,1.0,1.0,1.0,1.0,4.0,5.0,5.0,5.0,5.0,5.0
177,Qwen2.5-3B,4.0,5.0,3.0,5.0,5.0,4.0,5.0,5.0,5.0,5.0,5.0,5.0
177,Qwen2.5-7B,4.0,5.0,3.0,3.0,5.0,4.0,2.0,2.0,2.0,1.0,3.0,2.0
178,HingGPT,1.0,1.0,1.0,1.0,1.0,1.0,3.0,4.0,2.0,3.0,2.0,3.0
178,Phi-3.5-mini,1.0,1.0,1.0,1.0,1.0,1.0,3.0,4.0,3.0,3.0,3.0,3.0
178,Qwen2.5-3B,4.0,4.0,4.0,5.0,5.0,4.0,4.0,4.0,3.0,4.0,3.0,4.0
178,Qwen2.5-7B,1.0,1.0,1.0,1.0,5.0,1.0,1.0,1.0,1.0,1.0,1.0,1.0
179,HingGPT,3.0,2.0,2.0,1.0,5.0,2.0,2.0,3.0,2.0,2.0,3.0,2.0
179,Phi-3.5-mini,1.0,1.0,1.0,1.0,1.0,1.0,3.0,2.0,1.0,3.0,1.0,2.0
179,Qwen2.5-3B,1.0,1.0,1.0,1.0,5.0,1.0,1.0,1.0,1.0,1.0,1.0,1.0
179,Qwen2.5-7B,4.0,5.0,4.0,5.0,5.0,5.0,4.0,4.0,4.0,4.0,5.0,4.0
180,HingGPT,3.0,4.0,2.0,3.0,4.0,3.0,2.0,3.0,2.0,2.0,3.0,2.0
180,Phi-3.5-mini,1.0,1.0,1.0,1.0,1.0,1.0,4.0,4.0,4.0,5.0,5.0,4.0
180,Qwen2.5-3B,4.0,5.0,4.0,5.0,5.0,4.0,4.0,4.0,4.0,5.0,5.0,4.0
180,Qwen2.5-7B,3.0,4.0,2.0,3.0,5.0,3.0,4.0,4.0,3.0,3.0,5.0,3.0
181,HingGPT,1.0,1.0,1.0,1.0,3.0,1.0,3.0,4.0,2.0,3.0,3.0,3.0
181,Phi-3.5-mini,1.0,1.0,1.0,1.0,1.0,1.0,3.0,3.0,3.0,3.0,3.0,3.0
181,Qwen2.5-3B,3.0,5.0,3.0,1.0,5.0,3.0,1.0,1.0,1.0,1.0,1.0,1.0
181,Qwen2.5-7B,3.0,4.0,2.0,1.0,5.0,2.0,1.0,1.0,1.0,1.0,1.0,1.0
182,HingGPT,2.0,3.0,2.0,1.0,3.0,2.0,2.0,3.0,2.0,2.0,3.0,2.0
182,Phi-3.5-mini,1.0,1.0,1.0,1.0,1.0,1.0,4.0,5.0,5.0,5.0,5.0,5.0
182,Qwen2.5-3B,4.0,4.0,3.0,5.0,5.0,4.0,3.0,4.0,2.0,3.0,3.0,3.0
182,Qwen2.5-7B,4.0,4.0,3.0,4.0,5.0,4.0,4.0,4.0,1.0,3.0,5.0,3.0
183,HingGPT,1.0,1.0,1.0,1.0,5.0,1.0,2.0,2.0,2.0,2.0,3.0,2.0
183,Phi-3.5-mini,1.0,1.0,1.0,1.0,1.0,1.0,3.0,4.0,3.0,4.0,3.0,3.0
183,Qwen2.5-3B,4.0,3.0,3.0,4.0,4.0,3.0,3.0,4.0,3.0,2.0,4.0,3.0
183,Qwen2.5-7B,4.0,4.0,3.0,4.0,5.0,4.0,4.0,4.0,3.0,4.0,5.0,4.0
184,HingGPT,3.0,4.0,2.0,3.0,4.0,3.0,2.0,3.0,2.0,3.0,3.0,3.0
184,Phi-3.5-mini,1.0,1.0,1.0,1.0,1.0,1.0,3.0,4.0,2.0,3.0,1.0,2.0
184,Qwen2.5-3B,3.0,4.0,3.0,4.0,5.0,4.0,3.0,2.0,1.0,2.0,5.0,3.0
184,Qwen2.5-7B,3.0,3.0,2.0,2.0,5.0,2.0,3.0,2.0,1.0,1.0,5.0,2.0
185,HingGPT,4.0,5.0,3.0,5.0,4.0,4.0,3.0,4.0,3.0,4.0,3.0,3.0
185,Phi-3.5-mini,1.0,1.0,1.0,1.0,1.0,1.0,3.0,3.0,2.0,4.0,1.0,3.0
185,Qwen2.5-3B,4.0,5.0,3.0,4.0,5.0,4.0,4.0,4.0,4.0,4.0,4.0,4.0
185,Qwen2.5-7B,4.0,5.0,3.0,5.0,5.0,4.0,4.0,4.0,1.0,5.0,5.0,4.0
186,HingGPT,3.0,2.0,2.0,2.0,3.0,2.0,2.0,3.0,1.0,1.0,1.0,2.0
186,Phi-3.5-mini,1.0,1.0,1.0,1.0,1.0,1.0,3.0,4.0,3.0,4.0,3.0,3.0
186,Qwen2.5-3B,3.0,4.0,2.0,2.0,3.0,3.0,2.0,3.0,2.0,2.0,3.0,2.0
186,Qwen2.5-7B,2.0,2.0,1.0,1.0,5.0,2.0,3.0,2.0,1.0,1.0,5.0,2.0
187,HingGPT,1.0,1.0,1.0,1.0,5.0,1.0,2.0,2.0,1.0,2.0,3.0,2.0
187,Phi-3.5-mini,1.0,1.0,1.0,1.0,1.0,1.0,3.0,4.0,3.0,2.0,5.0,3.0
187,Qwen2.5-3B,4.0,5.0,4.0,5.0,5.0,4.0,4.0,5.0,4.0,5.0,5.0,4.0
187,Qwen2.5-7B,3.0,4.0,2.0,1.0,5.0,2.0,3.0,2.0,2.0,1.0,3.0,2.0
188,HingGPT,2.0,3.0,2.0,2.0,2.0,2.0,2.0,3.0,2.0,2.0,2.0,2.0
188,Phi-3.5-mini,1.0,1.0,1.0,1.0,1.0,1.0,4.0,4.0,4.0,5.0,5.0,4.0
188,Qwen2.5-3B,4.0,4.0,3.0,4.0,5.0,4.0,3.0,4.0,2.0,3.0,5.0,3.0
188,Qwen2.5-7B,3.0,4.0,2.0,2.0,5.0,3.0,3.0,2.0,1.0,1.0,5.0,2.0
189,HingGPT,4.0,4.0,3.0,4.0,4.0,4.0,1.0,1.0,1.0,1.0,1.0,1.0
189,Phi-3.5-mini,1.0,1.0,1.0,1.0,1.0,1.0,3.0,4.0,3.0,5.0,5.0,4.0
189,Qwen2.5-3B,4.0,5.0,3.0,5.0,5.0,4.0,3.0,4.0,2.0,3.0,3.0,3.0
189,Qwen2.5-7B,1.0,1.0,1.0,1.0,5.0,1.0,3.0,1.0,1.0,1.0,3.0,2.0
190,HingGPT,2.0,3.0,2.0,1.0,3.0,2.0,3.0,4.0,1.0,2.0,3.0,3.0
190,Phi-3.5-mini,1.0,1.0,1.0,1.0,1.0,1.0,3.0,4.0,3.0,4.0,5.0,4.0
190,Qwen2.5-3B,3.0,3.0,2.0,1.0,5.0,2.0,3.0,1.0,1.0,1.0,3.0,2.0
190,Qwen2.5-7B,4.0,5.0,4.0,5.0,5.0,4.0,4.0,5.0,5.0,5.0,5.0,5.0
191,HingGPT,1.0,1.0,1.0,1.0,1.0,1.0,1.0,1.0,1.0,1.0,1.0,1.0
191,Phi-3.5-mini,1.0,1.0,1.0,1.0,1.0,1.0,3.0,4.0,3.0,4.0,3.0,3.0
191,Qwen2.5-3B,4.0,3.0,2.0,3.0,4.0,3.0,2.0,2.0,1.0,1.0,1.0,1.0
191,Qwen2.5-7B,4.0,4.0,3.0,3.0,5.0,3.0,2.0,1.0,1.0,1.0,3.0,2.0
192,HingGPT,1.0,1.0,1.0,1.0,3.0,1.0,2.0,1.0,1.0,1.0,3.0,2.0
192,Phi-3.5-mini,1.0,1.0,1.0,1.0,1.0,1.0,3.0,4.0,2.0,3.0,3.0,3.0
192,Qwen2.5-3B,4.0,5.0,3.0,4.0,3.0,4.0,3.0,4.0,2.0,3.0,3.0,3.0
192,Qwen2.5-7B,4.0,5.0,4.0,5.0,5.0,4.0,4.0,4.0,3.0,4.0,3.0,4.0
193,HingGPT,3.0,2.0,2.0,3.0,3.0,3.0,2.0,2.0,2.0,2.0,2.0,2.0
193,Phi-3.5-mini,1.0,1.0,1.0,1.0,1.0,1.0,4.0,4.0,3.0,4.0,3.0,4.0
193,Qwen2.5-3B,4.0,5.0,4.0,5.0,5.0,4.0,5.0,5.0,5.0,5.0,5.0,5.0
193,Qwen2.5-7B,4.0,4.0,3.0,4.0,4.0,4.0,3.0,4.0,2.0,3.0,3.0,3.0
194,HingGPT,1.0,1.0,1.0,1.0,5.0,1.0,2.0,2.0,1.0,1.0,1.0,2.0
194,Phi-3.5-mini,1.0,1.0,1.0,1.0,1.0,1.0,3.0,4.0,3.0,4.0,3.0,3.0
194,Qwen2.5-3B,4.0,4.0,3.0,4.0,4.0,4.0,3.0,4.0,2.0,3.0,3.0,3.0
194,Qwen2.5-7B,4.0,5.0,4.0,5.0,5.0,4.0,3.0,4.0,3.0,3.0,3.0,3.0
195,HingGPT,3.0,4.0,2.0,2.0,5.0,3.0,3.0,2.0,1.0,2.0,3.0,2.0
195,Phi-3.5-mini,1.0,1.0,1.0,1.0,1.0,1.0,5.0,5.0,5.0,5.0,5.0,5.0
195,Qwen2.5-3B,4.0,5.0,4.0,5.0,5.0,4.0,3.0,4.0,3.0,2.0,5.0,3.0
195,Qwen2.5-7B,4.0,5.0,4.0,5.0,5.0,4.0,4.0,5.0,5.0,5.0,5.0,5.0
196,HingGPT,3.0,2.0,2.0,1.0,3.0,2.0,3.0,4.0,3.0,3.0,3.0,3.0
196,Phi-3.5-mini,1.0,1.0,1.0,1.0,1.0,1.0,4.0,4.0,3.0,4.0,4.0,4.0
196,Qwen2.5-3B,4.0,4.0,3.0,4.0,4.0,4.0,2.0,3.0,2.0,2.0,3.0,2.0
196,Qwen2.5-7B,3.0,2.0,2.0,1.0,5.0,2.0,3.0,2.0,1.0,1.0,3.0,2.0
197,HingGPT,1.0,1.0,1.0,1.0,1.0,1.0,2.0,2.0,1.0,2.0,2.0,2.0
197,Phi-3.5-mini,1.0,1.0,1.0,1.0,1.0,1.0,3.0,4.0,2.0,3.0,3.0,3.0
197,Qwen2.5-3B,4.0,4.0,3.0,4.0,4.0,4.0,3.0,2.0,2.0,1.0,3.0,2.0
197,Qwen2.5-7B,1.0,1.0,1.0,1.0,1.0,1.0,2.0,1.0,1.0,1.0,3.0,2.0
198,HingGPT,3.0,2.0,2.0,1.0,3.0,2.0,2.0,3.0,2.0,2.0,3.0,2.0
198,Phi-3.5-mini,1.0,1.0,1.0,1.0,1.0,1.0,4.0,4.0,3.0,4.0,3.0,4.0
198,Qwen2.5-3B,4.0,5.0,3.0,5.0,5.0,4.0,4.0,4.0,4.0,5.0,5.0,4.0
198,Qwen2.5-7B,3.0,4.0,3.0,2.0,5.0,3.0,2.0,2.0,1.0,1.0,5.0,2.0
199,HingGPT,2.0,2.0,1.0,1.0,3.0,2.0,2.0,2.0,1.0,2.0,3.0,2.0
199,Phi-3.5-mini,1.0,1.0,1.0,1.0,1.0,1.0,4.0,4.0,4.0,5.0,5.0,5.0
199,Qwen2.5-3B,4.0,5.0,4.0,5.0,5.0,5.0,4.0,4.0,4.0,4.0,5.0,4.0
199,Qwen2.5-7B,1.0,1.0,1.0,1.0,5.0,1.0,3.0,2.0,1.0,1.0,5.0,2.0
200,HingGPT,1.0,1.0,1.0,1.0,3.0,1.0,2.0,2.0,1.0,2.0,3.0,2.0
200,Phi-3.5-mini,1.0,1.0,1.0,1.0,1.0,1.0,3.0,4.0,3.0,4.0,5.0,3.0
200,Qwen2.5-3B,4.0,5.0,4.0,5.0,5.0,4.0,2.0,3.0,2.0,2.0,2.0,2.0
200,Qwen2.5-7B,3.0,4.0,3.0,2.0,5.0,3.0,2.0,2.0,1.0,2.0,5.0,2.0
201,HingGPT,2.0,3.0,2.0,2.0,3.0,2.0,2.0,3.0,2.0,2.0,3.0,2.0
201,Phi-3.5-mini,1.0,1.0,1.0,1.0,1.0,1.0,3.0,4.0,3.0,4.0,3.0,3.0
201,Qwen2.5-3B,4.0,5.0,3.0,4.0,5.0,4.0,4.0,4.0,4.0,4.0,4.0,4.0
201,Qwen2.5-7B,4.0,5.0,3.0,4.0,5.0,4.0,4.0,4.0,3.0,5.0,5.0,4.0
202,HingGPT,3.0,4.0,2.0,2.0,3.0,3.0,2.0,2.0,2.0,2.0,2.0,2.0
202,Phi-3.5-mini,1.0,1.0,1.0,1.0,1.0,1.0,3.0,4.0,3.0,4.0,3.0,3.0
202,Qwen2.5-3B,3.0,4.0,3.0,4.0,5.0,4.0,3.0,4.0,2.0,3.0,3.0,3.0
202,Qwen2.5-7B,3.0,4.0,2.0,1.0,5.0,2.0,2.0,1.0,1.0,1.0,3.0,2.0
203,HingGPT,2.0,3.0,2.0,2.0,3.0,2.0,2.0,3.0,2.0,2.0,3.0,2.0
203,Phi-3.5-mini,1.0,1.0,1.0,1.0,1.0,1.0,1.0,1.0,1.0,1.0,1.0,1.0
203,Qwen2.5-3B,4.0,4.0,3.0,4.0,5.0,4.0,3.0,4.0,1.0,4.0,5.0,3.0
203,Qwen2.5-7B,1.0,1.0,1.0,1.0,5.0,1.0,1.0,1.0,1.0,1.0,1.0,1.0
204,HingGPT,3.0,4.0,2.0,2.0,3.0,3.0,2.0,3.0,2.0,3.0,2.0,2.0
204,Phi-3.5-mini,1.0,1.0,1.0,1.0,1.0,1.0,4.0,4.0,5.0,5.0,5.0,5.0
204,Qwen2.5-3B,4.0,5.0,4.0,5.0,5.0,4.0,4.0,4.0,4.0,5.0,5.0,5.0
204,Qwen2.5-7B,3.0,4.0,3.0,2.0,5.0,3.0,3.0,4.0,1.0,2.0,3.0,2.0
205,HingGPT,1.0,1.0,1.0,1.0,1.0,1.0,2.0,2.0,1.0,1.0,1.0,2.0
205,Phi-3.5-mini,1.0,1.0,1.0,1.0,1.0,1.0,1.0,1.0,1.0,1.0,1.0,1.0
205,Qwen2.5-3B,4.0,4.0,3.0,4.0,5.0,4.0,4.0,4.0,3.0,4.0,4.0,4.0
205,Qwen2.5-7B,3.0,3.0,2.0,2.0,5.0,2.0,3.0,2.0,2.0,1.0,5.0,2.0
206,HingGPT,3.0,4.0,2.0,3.0,3.0,3.0,2.0,3.0,2.0,3.0,2.0,2.0
206,Phi-3.5-mini,1.0,1.0,1.0,1.0,1.0,1.0,4.0,5.0,5.0,5.0,5.0,5.0
206,Qwen2.5-3B,3.0,4.0,2.0,3.0,4.0,3.0,3.0,4.0,2.0,3.0,5.0,3.0
206,Qwen2.5-7B,1.0,1.0,1.0,1.0,5.0,1.0,3.0,2.0,1.0,1.0,3.0,2.0
207,HingGPT,1.0,1.0,1.0,1.0,1.0,1.0,1.0,2.0,1.0,1.0,1.0,1.0
207,Phi-3.5-mini,1.0,1.0,1.0,1.0,1.0,1.0,4.0,5.0,5.0,5.0,5.0,5.0
207,Qwen2.5-3B,5.0,5.0,5.0,5.0,5.0,5.0,5.0,5.0,5.0,5.0,5.0,5.0
207,Qwen2.5-7B,3.0,4.0,2.0,4.0,5.0,3.0,3.0,4.0,3.0,5.0,3.0,3.0
208,HingGPT,4.0,5.0,3.0,4.0,5.0,4.0,3.0,4.0,1.0,2.0,3.0,3.0
208,Phi-3.5-mini,1.0,1.0,1.0,1.0,1.0,1.0,3.0,4.0,3.0,4.0,5.0,3.0
208,Qwen2.5-3B,4.0,5.0,4.0,5.0,5.0,4.0,4.0,4.0,4.0,5.0,5.0,5.0
208,Qwen2.5-7B,4.0,5.0,3.0,4.0,5.0,4.0,3.0,4.0,2.0,4.0,5.0,3.0
209,HingGPT,3.0,2.0,2.0,1.0,1.0,2.0,3.0,4.0,2.0,3.0,2.0,3.0
209,Phi-3.5-mini,1.0,1.0,1.0,1.0,1.0,1.0,3.0,4.0,3.0,5.0,5.0,4.0
209,Qwen2.5-3B,4.0,5.0,4.0,5.0,5.0,4.0,3.0,4.0,3.0,5.0,5.0,4.0
209,Qwen2.5-7B,4.0,4.0,3.0,3.0,4.0,3.0,3.0,2.0,2.0,3.0,3.0,3.0
210,HingGPT,3.0,4.0,2.0,3.0,4.0,3.0,3.0,4.0,2.0,3.0,3.0,3.0
210,Phi-3.5-mini,1.0,1.0,1.0,1.0,1.0,1.0,1.0,1.0,1.0,1.0,1.0,1.0
210,Qwen2.5-3B,4.0,4.0,3.0,4.0,5.0,4.0,4.0,4.0,3.0,4.0,5.0,4.0
210,Qwen2.5-7B,4.0,4.0,3.0,4.0,4.0,4.0,4.0,4.0,3.0,4.0,3.0,3.0
211,HingGPT,1.0,1.0,1.0,1.0,1.0,1.0,1.0,1.0,1.0,1.0,1.0,1.0
211,Phi-3.5-mini,1.0,1.0,1.0,1.0,1.0,1.0,3.0,3.0,1.0,1.0,3.0,2.0
211,Qwen2.5-3B,4.0,4.0,3.0,4.0,5.0,4.0,4.0,4.0,4.0,5.0,5.0,4.0
211,Qwen2.5-7B,3.0,4.0,2.0,2.0,5.0,3.0,2.0,2.0,2.0,1.0,3.0,2.0
212,HingGPT,1.0,1.0,1.0,1.0,5.0,2.0,2.0,3.0,2.0,2.0,3.0,2.0
212,Phi-3.5-mini,1.0,1.0,1.0,1.0,1.0,1.0,2.0,2.0,2.0,2.0,3.0,2.0
212,Qwen2.5-3B,4.0,4.0,4.0,5.0,5.0,4.0,4.0,4.0,3.0,4.0,5.0,4.0
212,Qwen2.5-7B,3.0,4.0,3.0,2.0,5.0,3.0,3.0,4.0,2.0,3.0,5.0,3.0
213,HingGPT,4.0,4.0,3.0,4.0,4.0,4.0,4.0,4.0,3.0,4.0,4.0,4.0
213,Phi-3.5-mini,1.0,1.0,1.0,1.0,1.0,1.0,4.0,5.0,5.0,5.0,5.0,5.0
213,Qwen2.5-3B,4.0,5.0,3.0,5.0,4.0,4.0,4.0,5.0,5.0,5.0,5.0,5.0
213,Qwen2.5-7B,4.0,5.0,3.0,3.0,4.0,4.0,3.0,2.0,2.0,3.0,3.0,3.0
214,HingGPT,4.0,5.0,4.0,5.0,5.0,4.0,4.0,4.0,4.0,5.0,5.0,5.0
214,Phi-3.5-mini,1.0,1.0,1.0,1.0,1.0,1.0,3.0,3.0,3.0,3.0,3.0,3.0
214,Qwen2.5-3B,4.0,5.0,3.0,4.0,5.0,4.0,3.0,4.0,2.0,3.0,3.0,3.0
214,Qwen2.5-7B,4.0,5.0,4.0,5.0,5.0,4.0,4.0,5.0,5.0,5.0,5.0,5.0
215,HingGPT,1.0,1.0,1.0,1.0,3.0,1.0,2.0,2.0,2.0,2.0,3.0,2.0
215,Phi-3.5-mini,1.0,1.0,1.0,1.0,1.0,1.0,2.0,3.0,1.0,2.0,1.0,2.0
215,Qwen2.5-3B,1.0,1.0,1.0,1.0,3.0,1.0,2.0,1.0,2.0,2.0,3.0,2.0
215,Qwen2.5-7B,4.0,4.0,3.0,4.0,5.0,4.0,3.0,3.0,1.0,5.0,5.0,4.0
216,HingGPT,3.0,4.0,2.0,3.0,3.0,3.0,3.0,4.0,3.0,4.0,3.0,3.0
216,Phi-3.5-mini,1.0,1.0,1.0,1.0,1.0,1.0,4.0,4.0,5.0,5.0,5.0,5.0
216,Qwen2.5-3B,4.0,5.0,4.0,5.0,5.0,4.0,4.0,4.0,4.0,5.0,5.0,4.0
216,Qwen2.5-7B,2.0,2.0,1.0,1.0,5.0,2.0,3.0,2.0,2.0,2.0,5.0,3.0
217,HingGPT,3.0,4.0,2.0,3.0,3.0,3.0,3.0,4.0,3.0,4.0,3.0,3.0
217,Phi-3.5-mini,1.0,1.0,1.0,1.0,1.0,1.0,1.0,1.0,1.0,1.0,1.0,1.0
217,Qwen2.5-3B,4.0,5.0,4.0,5.0,5.0,5.0,4.0,4.0,3.0,4.0,4.0,4.0
217,Qwen2.5-7B,4.0,4.0,3.0,4.0,5.0,4.0,4.0,4.0,3.0,4.0,5.0,4.0
218,HingGPT,4.0,5.0,3.0,2.0,3.0,3.0,3.0,4.0,2.0,2.0,3.0,3.0
218,Phi-3.5-mini,1.0,1.0,1.0,1.0,1.0,1.0,3.0,4.0,2.0,4.0,3.0,3.0
218,Qwen2.5-3B,4.0,4.0,4.0,5.0,5.0,4.0,4.0,4.0,3.0,5.0,5.0,4.0
218,Qwen2.5-7B,4.0,4.0,3.0,5.0,5.0,4.0,5.0,5.0,5.0,5.0,5.0,5.0
219,HingGPT,3.0,4.0,2.0,3.0,3.0,3.0,3.0,3.0,2.0,3.0,3.0,3.0
219,Phi-3.5-mini,1.0,1.0,1.0,1.0,1.0,1.0,4.0,5.0,5.0,5.0,5.0,5.0
219,Qwen2.5-3B,5.0,5.0,5.0,5.0,5.0,5.0,2.0,2.0,1.0,1.0,3.0,2.0
219,Qwen2.5-7B,4.0,5.0,3.0,5.0,4.0,4.0,4.0,5.0,5.0,5.0,5.0,5.0
220,HingGPT,3.0,2.0,2.0,1.0,1.0,2.0,3.0,4.0,2.0,3.0,3.0,3.0
220,Phi-3.5-mini,1.0,1.0,1.0,1.0,1.0,1.0,2.0,3.0,2.0,3.0,1.0,2.0
220,Qwen2.5-3B,3.0,3.0,2.0,1.0,5.0,2.0,3.0,3.0,1.0,1.0,5.0,2.0
220,Qwen2.5-7B,4.0,4.0,3.0,4.0,5.0,4.0,4.0,4.0,3.0,4.0,5.0,4.0
221,HingGPT,3.0,4.0,2.0,3.0,4.0,3.0,3.0,2.0,2.0,2.0,3.0,2.0
221,Phi-3.5-mini,1.0,1.0,1.0,1.0,1.0,1.0,3.0,4.0,3.0,4.0,3.0,3.0
221,Qwen2.5-3B,1.0,1.0,1.0,1.0,5.0,1.0,2.0,2.0,1.0,1.0,3.0,2.0
221,Qwen2.5-7B,4.0,5.0,3.0,3.0,4.0,4.0,2.0,2.0,1.0,1.0,3.0,2.0
222,HingGPT,3.0,2.0,2.0,2.0,4.0,2.0,3.0,4.0,2.0,3.0,4.0,3.0
222,Phi-3.5-mini,1.0,1.0,1.0,1.0,1.0,1.0,3.0,3.0,1.0,2.0,1.0,2.0
222,Qwen2.5-3B,4.0,4.0,3.0,4.0,5.0,4.0,4.0,4.0,3.0,4.0,5.0,4.0
222,Qwen2.5-7B,4.0,4.0,3.0,4.0,5.0,4.0,3.0,2.0,1.0,2.0,5.0,2.0
223,HingGPT,2.0,3.0,2.0,1.0,3.0,2.0,2.0,3.0,2.0,2.0,3.0,2.0
223,Phi-3.5-mini,1.0,1.0,1.0,1.0,1.0,1.0,3.0,3.0,3.0,5.0,5.0,4.0
223,Qwen2.5-3B,5.0,5.0,5.0,5.0,5.0,5.0,3.0,4.0,3.0,5.0,5.0,4.0
223,Qwen2.5-7B,3.0,3.0,2.0,2.0,3.0,2.0,3.0,3.0,2.0,4.0,3.0,3.0
224,HingGPT,3.0,2.0,2.0,1.0,1.0,2.0,2.0,2.0,2.0,2.0,2.0,2.0
224,Phi-3.5-mini,1.0,1.0,1.0,1.0,1.0,1.0,4.0,4.0,3.0,4.0,3.0,4.0
224,Qwen2.5-3B,4.0,5.0,4.0,5.0,5.0,5.0,4.0,4.0,4.0,5.0,5.0,4.0
224,Qwen2.5-7B,3.0,4.0,3.0,3.0,5.0,3.0,3.0,2.0,1.0,1.0,5.0,2.0
225,HingGPT,2.0,3.0,2.0,2.0,3.0,2.0,2.0,3.0,2.0,2.0,3.0,2.0
225,Phi-3.5-mini,1.0,1.0,1.0,1.0,1.0,1.0,3.0,4.0,3.0,4.0,3.0,3.0
225,Qwen2.5-3B,1.0,1.0,1.0,1.0,5.0,1.0,2.0,1.0,1.0,2.0,5.0,2.0
225,Qwen2.5-7B,4.0,4.0,3.0,3.0,4.0,3.0,3.0,2.0,2.0,2.0,3.0,2.0
226,HingGPT,2.0,3.0,2.0,1.0,3.0,2.0,2.0,3.0,2.0,2.0,3.0,2.0
226,Phi-3.5-mini,1.0,1.0,1.0,1.0,1.0,1.0,2.0,3.0,2.0,3.0,1.0,2.0
226,Qwen2.5-3B,4.0,4.0,3.0,4.0,4.0,4.0,4.0,4.0,4.0,5.0,5.0,4.0
226,Qwen2.5-7B,1.0,1.0,1.0,1.0,5.0,1.0,1.0,1.0,1.0,1.0,1.0,1.0
227,HingGPT,2.0,3.0,1.0,1.0,3.0,2.0,3.0,4.0,2.0,3.0,3.0,3.0
227,Phi-3.5-mini,1.0,1.0,1.0,1.0,1.0,1.0,3.0,4.0,2.0,4.0,3.0,3.0
227,Qwen2.5-3B,4.0,5.0,3.0,5.0,5.0,4.0,3.0,4.0,3.0,2.0,5.0,3.0
227,Qwen2.5-7B,4.0,4.0,3.0,4.0,5.0,4.0,4.0,4.0,3.0,4.0,5.0,4.0
228,HingGPT,1.0,1.0,1.0,1.0,3.0,1.0,2.0,2.0,2.0,2.0,3.0,2.0
228,Phi-3.5-mini,1.0,1.0,1.0,1.0,1.0,1.0,2.0,3.0,2.0,3.0,2.0,2.0
228,Qwen2.5-3B,4.0,5.0,3.0,5.0,5.0,4.0,3.0,4.0,4.0,4.0,5.0,4.0
228,Qwen2.5-7B,3.0,4.0,2.0,1.0,3.0,2.0,2.0,2.0,1.0,1.0,1.0,1.0
229,HingGPT,4.0,3.0,2.0,3.0,4.0,3.0,3.0,4.0,2.0,3.0,3.0,3.0
229,Phi-3.5-mini,1.0,1.0,1.0,1.0,1.0,1.0,3.0,4.0,3.0,3.0,3.0,3.0
229,Qwen2.5-3B,4.0,4.0,4.0,5.0,5.0,4.0,4.0,4.0,3.0,5.0,5.0,4.0
229,Qwen2.5-7B,3.0,2.0,2.0,1.0,3.0,2.0,3.0,4.0,2.0,3.0,3.0,3.0
230,HingGPT,4.0,4.0,3.0,4.0,4.0,4.0,3.0,4.0,3.0,4.0,3.0,3.0
230,Phi-3.5-mini,1.0,1.0,1.0,1.0,1.0,1.0,3.0,3.0,3.0,3.0,3.0,3.0
230,Qwen2.5-3B,4.0,5.0,3.0,4.0,5.0,4.0,4.0,4.0,4.0,5.0,5.0,5.0
230,Qwen2.5-7B,2.0,2.0,1.0,1.0,5.0,2.0,3.0,2.0,1.0,2.0,5.0,2.0
231,HingGPT,1.0,1.0,1.0,1.0,5.0,1.0,2.0,1.0,1.0,2.0,1.0,2.0
231,Phi-3.5-mini,1.0,1.0,1.0,1.0,1.0,1.0,3.0,4.0,3.0,4.0,3.0,3.0
231,Qwen2.5-3B,4.0,4.0,3.0,4.0,5.0,4.0,4.0,4.0,2.0,4.0,5.0,3.0
231,Qwen2.5-7B,4.0,4.0,3.0,4.0,5.0,4.0,4.0,4.0,2.0,4.0,5.0,3.0
232,HingGPT,4.0,5.0,3.0,5.0,4.0,4.0,2.0,3.0,2.0,3.0,3.0,2.0
232,Phi-3.5-mini,1.0,1.0,1.0,1.0,1.0,1.0,3.0,2.0,1.0,3.0,1.0,2.0
232,Qwen2.5-3B,3.0,4.0,2.0,3.0,5.0,3.0,3.0,2.0,1.0,1.0,3.0,2.0
232,Qwen2.5-7B,4.0,5.0,4.0,5.0,5.0,5.0,4.0,4.0,4.0,5.0,5.0,4.0
233,HingGPT,1.0,1.0,1.0,1.0,1.0,1.0,2.0,3.0,2.0,2.0,2.0,2.0
233,Phi-3.5-mini,1.0,1.0,1.0,1.0,1.0,1.0,3.0,4.0,3.0,5.0,5.0,4.0
233,Qwen2.5-3B,5.0,5.0,5.0,5.0,5.0,5.0,2.0,1.0,1.0,1.0,1.0,1.0
233,Qwen2.5-7B,1.0,1.0,1.0,1.0,1.0,1.0,2.0,1.0,1.0,1.0,1.0,1.0
234,HingGPT,2.0,3.0,2.0,2.0,3.0,2.0,3.0,4.0,2.0,3.0,4.0,3.0
234,Phi-3.5-mini,1.0,1.0,1.0,1.0,1.0,1.0,3.0,4.0,3.0,4.0,3.0,3.0
234,Qwen2.5-3B,4.0,4.0,4.0,5.0,5.0,4.0,5.0,5.0,5.0,5.0,5.0,5.0
234,Qwen2.5-7B,4.0,4.0,3.0,4.0,5.0,4.0,4.0,4.0,4.0,5.0,5.0,4.0
235,HingGPT,2.0,3.0,2.0,2.0,3.0,2.0,2.0,2.0,1.0,2.0,3.0,2.0
235,Phi-3.5-mini,1.0,1.0,1.0,1.0,1.0,1.0,3.0,4.0,3.0,4.0,5.0,3.0
235,Qwen2.5-3B,4.0,4.0,3.0,4.0,5.0,4.0,4.0,4.0,4.0,5.0,5.0,4.0
235,Qwen2.5-7B,3.0,4.0,2.0,1.0,5.0,2.0,1.0,1.0,1.0,1.0,1.0,1.0
236,HingGPT,1.0,1.0,1.0,1.0,1.0,1.0,2.0,2.0,1.0,1.0,1.0,2.0
236,Phi-3.5-mini,1.0,1.0,1.0,1.0,1.0,1.0,3.0,4.0,3.0,5.0,5.0,4.0
236,Qwen2.5-3B,4.0,5.0,4.0,5.0,5.0,4.0,4.0,5.0,5.0,5.0,5.0,5.0
236,Qwen2.5-7B,5.0,5.0,5.0,5.0,5.0,5.0,5.0,5.0,5.0,5.0,5.0,5.0
237,HingGPT,2.0,3.0,2.0,1.0,3.0,2.0,3.0,2.0,1.0,2.0,3.0,2.0
237,Phi-3.5-mini,1.0,1.0,1.0,1.0,1.0,1.0,3.0,4.0,3.0,5.0,3.0,3.0
237,Qwen2.5-3B,4.0,5.0,3.0,4.0,3.0,4.0,3.0,2.0,2.0,2.0,3.0,3.0
237,Qwen2.5-7B,3.0,4.0,2.0,2.0,5.0,3.0,3.0,4.0,3.0,3.0,5.0,3.0
238,HingGPT,1.0,1.0,1.0,1.0,1.0,1.0,2.0,3.0,2.0,2.0,2.0,2.0
238,Phi-3.5-mini,1.0,1.0,1.0,1.0,1.0,1.0,2.0,1.0,1.0,1.0,1.0,1.0
238,Qwen2.5-3B,3.0,3.0,2.0,2.0,4.0,3.0,3.0,2.0,1.0,2.0,3.0,2.0
238,Qwen2.5-7B,4.0,4.0,3.0,4.0,4.0,4.0,3.0,4.0,3.0,4.0,4.0,3.0
239,HingGPT,1.0,1.0,1.0,1.0,1.0,1.0,2.0,3.0,2.0,3.0,2.0,2.0
239,Phi-3.5-mini,1.0,1.0,1.0,1.0,1.0,1.0,3.0,3.0,1.0,4.0,5.0,3.0
239,Qwen2.5-3B,4.0,5.0,4.0,5.0,5.0,4.0,3.0,4.0,3.0,2.0,4.0,3.0
239,Qwen2.5-7B,3.0,4.0,2.0,3.0,4.0,3.0,3.0,4.0,2.0,3.0,3.0,3.0
240,HingGPT,2.0,1.0,1.0,1.0,3.0,2.0,2.0,2.0,1.0,1.0,3.0,2.0
240,Phi-3.5-mini,1.0,1.0,1.0,1.0,1.0,1.0,1.0,1.0,1.0,1.0,1.0,1.0
240,Qwen2.5-3B,4.0,4.0,3.0,4.0,4.0,4.0,3.0,4.0,3.0,4.0,4.0,3.0
240,Qwen2.5-7B,4.0,4.0,4.0,5.0,5.0,4.0,4.0,4.0,4.0,5.0,5.0,4.0
241,HingGPT,2.0,2.0,1.0,1.0,3.0,2.0,2.0,2.0,1.0,2.0,3.0,2.0
241,Phi-3.5-mini,1.0,1.0,1.0,1.0,1.0,1.0,3.0,4.0,3.0,3.0,3.0,3.0
241,Qwen2.5-3B,4.0,5.0,4.0,5.0,5.0,4.0,4.0,5.0,3.0,5.0,4.0,4.0
241,Qwen2.5-7B,3.0,4.0,2.0,1.0,5.0,2.0,2.0,1.0,2.0,1.0,3.0,2.0
242,HingGPT,3.0,3.0,2.0,2.0,4.0,3.0,2.0,3.0,2.0,3.0,3.0,3.0
242,Phi-3.5-mini,1.0,1.0,1.0,1.0,1.0,1.0,5.0,5.0,5.0,5.0,5.0,5.0
242,Qwen2.5-3B,4.0,5.0,4.0,5.0,5.0,5.0,4.0,4.0,4.0,5.0,5.0,5.0
242,Qwen2.5-7B,3.0,4.0,2.0,2.0,3.0,3.0,2.0,2.0,2.0,2.0,3.0,2.0
243,HingGPT,1.0,1.0,1.0,1.0,1.0,1.0,2.0,3.0,2.0,2.0,2.0,2.0
243,Phi-3.5-mini,1.0,1.0,1.0,1.0,1.0,1.0,3.0,3.0,3.0,3.0,5.0,3.0
243,Qwen2.5-3B,4.0,4.0,4.0,5.0,5.0,4.0,4.0,4.0,4.0,5.0,5.0,5.0
243,Qwen2.5-7B,3.0,3.0,3.0,1.0,5.0,3.0,3.0,1.0,1.0,1.0,3.0,2.0
244,HingGPT,3.0,4.0,2.0,3.0,4.0,3.0,3.0,4.0,2.0,3.0,4.0,3.0
244,Phi-3.5-mini,1.0,1.0,1.0,1.0,1.0,1.0,3.0,4.0,3.0,4.0,5.0,3.0
244,Qwen2.5-3B,4.0,4.0,3.0,4.0,5.0,4.0,4.0,4.0,3.0,4.0,5.0,4.0
244,Qwen2.5-7B,3.0,4.0,2.0,2.0,5.0,3.0,2.0,2.0,2.0,2.0,3.0,2.0
245,HingGPT,1.0,1.0,1.0,1.0,1.0,1.0,2.0,2.0,1.0,2.0,2.0,2.0
245,Phi-3.5-mini,1.0,1.0,1.0,1.0,1.0,1.0,3.0,4.0,3.0,4.0,5.0,4.0
245,Qwen2.5-3B,4.0,5.0,3.0,5.0,5.0,4.0,5.0,5.0,5.0,5.0,5.0,5.0
245,Qwen2.5-7B,3.0,4.0,2.0,2.0,3.0,3.0,2.0,2.0,1.0,1.0,3.0,2.0
246,HingGPT,3.0,4.0,2.0,3.0,4.0,3.0,2.0,3.0,2.0,3.0,4.0,3.0
246,Phi-3.5-mini,1.0,1.0,1.0,1.0,1.0,1.0,3.0,4.0,3.0,4.0,3.0,3.0
246,Qwen2.5-3B,4.0,4.0,4.0,5.0,5.0,4.0,4.0,4.0,3.0,5.0,5.0,4.0
246,Qwen2.5-7B,4.0,4.0,3.0,4.0,5.0,4.0,3.0,4.0,3.0,4.0,3.0,3.0
247,HingGPT,1.0,1.0,1.0,1.0,1.0,1.0,3.0,4.0,2.0,3.0,2.0,3.0
247,Phi-3.5-mini,1.0,1.0,1.0,1.0,1.0,1.0,4.0,4.0,3.0,4.0,3.0,4.0
247,Qwen2.5-3B,4.0,5.0,4.0,5.0,5.0,5.0,5.0,5.0,5.0,5.0,5.0,5.0
247,Qwen2.5-7B,4.0,5.0,4.0,5.0,5.0,5.0,4.0,4.0,3.0,5.0,5.0,4.0
248,HingGPT,3.0,3.0,2.0,2.0,3.0,2.0,2.0,3.0,2.0,2.0,3.0,2.0
248,Phi-3.5-mini,1.0,1.0,1.0,1.0,1.0,1.0,2.0,3.0,2.0,3.0,1.0,2.0
248,Qwen2.5-3B,3.0,4.0,3.0,3.0,5.0,3.0,3.0,2.0,1.0,2.0,5.0,2.0
248,Qwen2.5-7B,2.0,3.0,2.0,1.0,3.0,2.0,3.0,4.0,3.0,1.0,5.0,3.0
249,HingGPT,1.0,1.0,1.0,1.0,5.0,1.0,2.0,2.0,1.0,2.0,3.0,2.0
249,Phi-3.5-mini,1.0,1.0,1.0,1.0,1.0,1.0,3.0,2.0,3.0,2.0,3.0,3.0
249,Qwen2.5-3B,3.0,4.0,3.0,3.0,5.0,3.0,3.0,4.0,2.0,3.0,3.0,3.0
249,Qwen2.5-7B,1.0,1.0,1.0,1.0,5.0,1.0,2.0,1.0,1.0,1.0,3.0,2.0
250,HingGPT,1.0,1.0,1.0,1.0,1.0,1.0,2.0,2.0,1.0,1.0,1.0,1.0
250,Phi-3.5-mini,1.0,1.0,1.0,1.0,1.0,1.0,3.0,4.0,3.0,5.0,3.0,3.0
250,Qwen2.5-3B,3.0,4.0,3.0,4.0,5.0,4.0,2.0,2.0,1.0,2.0,3.0,2.0
250,Qwen2.5-7B,3.0,3.0,2.0,1.0,5.0,2.0,2.0,2.0,1.0,1.0,1.0,1.0
251,HingGPT,3.0,4.0,2.0,2.0,3.0,3.0,3.0,4.0,2.0,3.0,4.0,3.0
251,Phi-3.5-mini,1.0,1.0,1.0,1.0,1.0,1.0,3.0,4.0,3.0,3.0,5.0,3.0
251,Qwen2.5-3B,4.0,4.0,3.0,4.0,5.0,4.0,4.0,4.0,3.0,4.0,4.0,4.0
251,Qwen2.5-7B,3.0,3.0,2.0,1.0,5.0,2.0,2.0,1.0,1.0,1.0,5.0,2.0
252,HingGPT,2.0,3.0,2.0,1.0,3.0,2.0,3.0,2.0,1.0,1.0,3.0,2.0
252,Phi-3.5-mini,1.0,1.0,1.0,1.0,1.0,1.0,3.0,4.0,3.0,5.0,1.0,3.0
252,Qwen2.5-3B,4.0,5.0,4.0,5.0,5.0,4.0,5.0,5.0,5.0,5.0,5.0,5.0
252,Qwen2.5-7B,2.0,3.0,2.0,1.0,5.0,2.0,3.0,2.0,1.0,1.0,5.0,2.0
253,HingGPT,2.0,3.0,2.0,1.0,3.0,2.0,2.0,2.0,1.0,1.0,1.0,2.0
253,Phi-3.5-mini,1.0,1.0,1.0,1.0,1.0,1.0,3.0,4.0,3.0,4.0,3.0,3.0
253,Qwen2.5-3B,4.0,5.0,4.0,5.0,5.0,5.0,4.0,4.0,3.0,4.0,5.0,4.0
253,Qwen2.5-7B,3.0,3.0,2.0,2.0,5.0,3.0,3.0,2.0,1.0,3.0,5.0,3.0
254,HingGPT,2.0,2.0,1.0,1.0,3.0,2.0,2.0,2.0,1.0,2.0,2.0,2.0
254,Phi-3.5-mini,1.0,1.0,1.0,1.0,1.0,1.0,3.0,4.0,3.0,4.0,2.0,3.0
254,Qwen2.5-3B,4.0,5.0,4.0,5.0,5.0,5.0,4.0,4.0,4.0,4.0,4.0,4.0
254,Qwen2.5-7B,1.0,1.0,1.0,1.0,5.0,1.0,2.0,1.0,1.0,2.0,3.0,2.0
255,HingGPT,2.0,3.0,2.0,3.0,3.0,3.0,2.0,3.0,2.0,2.0,2.0,2.0
255,Phi-3.5-mini,1.0,1.0,1.0,1.0,1.0,1.0,3.0,3.0,3.0,3.0,5.0,3.0
255,Qwen2.5-3B,4.0,3.0,3.0,4.0,5.0,4.0,4.0,4.0,3.0,5.0,5.0,4.0
255,Qwen2.5-7B,4.0,4.0,4.0,5.0,5.0,4.0,4.0,4.0,4.0,4.0,5.0,4.0
256,HingGPT,1.0,1.0,1.0,1.0,5.0,1.0,1.0,1.0,1.0,1.0,1.0,1.0
256,Phi-3.5-mini,1.0,1.0,1.0,1.0,1.0,1.0,3.0,4.0,3.0,5.0,3.0,4.0
256,Qwen2.5-3B,4.0,4.0,3.0,4.0,5.0,4.0,4.0,5.0,5.0,5.0,5.0,5.0
256,Qwen2.5-7B,4.0,5.0,3.0,4.0,5.0,4.0,4.0,4.0,3.0,4.0,5.0,4.0
257,HingGPT,2.0,3.0,2.0,2.0,3.0,2.0,2.0,3.0,2.0,2.0,2.0,2.0
257,Phi-3.5-mini,1.0,1.0,1.0,1.0,1.0,1.0,3.0,3.0,3.0,3.0,4.0,3.0
257,Qwen2.5-3B,4.0,3.0,2.0,4.0,5.0,3.0,3.0,3.0,3.0,4.0,3.0,3.0
257,Qwen2.5-7B,4.0,4.0,3.0,5.0,5.0,4.0,2.0,2.0,1.0,1.0,1.0,1.0
258,HingGPT,1.0,1.0,1.0,1.0,1.0,1.0,2.0,2.0,1.0,1.0,1.0,1.0
258,Phi-3.5-mini,1.0,1.0,1.0,1.0,1.0,1.0,3.0,4.0,2.0,3.0,3.0,3.0
258,Qwen2.5-3B,4.0,5.0,4.0,5.0,5.0,4.0,4.0,4.0,3.0,5.0,5.0,4.0
258,Qwen2.5-7B,4.0,5.0,4.0,5.0,5.0,4.0,4.0,4.0,4.0,5.0,5.0,5.0
259,HingGPT,3.0,4.0,2.0,3.0,3.0,3.0,4.0,4.0,3.0,4.0,3.0,4.0
259,Phi-3.5-mini,1.0,1.0,1.0,1.0,1.0,1.0,3.0,4.0,2.0,3.0,3.0,3.0
259,Qwen2.5-3B,4.0,5.0,3.0,5.0,5.0,4.0,3.0,4.0,1.0,3.0,5.0,3.0
259,Qwen2.5-7B,4.0,5.0,3.0,4.0,5.0,4.0,3.0,4.0,2.0,4.0,5.0,3.0
260,HingGPT,2.0,3.0,2.0,3.0,2.0,3.0,3.0,4.0,2.0,3.0,2.0,3.0
260,Phi-3.5-mini,1.0,1.0,1.0,1.0,1.0,1.0,3.0,4.0,3.0,4.0,3.0,3.0
260,Qwen2.5-3B,3.0,4.0,3.0,2.0,4.0,3.0,3.0,2.0,2.0,2.0,3.0,2.0
260,Qwen2.5-7B,1.0,1.0,1.0,1.0,5.0,1.0,1.0,2.0,1.0,1.0,1.0,1.0
261,HingGPT,1.0,1.0,1.0,1.0,1.0,1.0,2.0,3.0,2.0,2.0,1.0,2.0
261,Phi-3.5-mini,1.0,1.0,1.0,1.0,1.0,1.0,3.0,4.0,3.0,5.0,3.0,4.0
261,Qwen2.5-3B,4.0,5.0,3.0,5.0,5.0,4.0,5.0,5.0,5.0,5.0,5.0,5.0
261,Qwen2.5-7B,1.0,1.0,1.0,1.0,1.0,1.0,2.0,2.0,1.0,1.0,1.0,2.0
262,HingGPT,3.0,2.0,2.0,2.0,3.0,2.0,2.0,3.0,2.0,2.0,3.0,2.0
262,Phi-3.5-mini,1.0,1.0,1.0,1.0,1.0,1.0,3.0,4.0,3.0,4.0,5.0,4.0
262,Qwen2.5-3B,4.0,4.0,4.0,4.0,5.0,4.0,4.0,4.0,3.0,4.0,5.0,4.0
262,Qwen2.5-7B,3.0,4.0,2.0,2.0,5.0,3.0,2.0,3.0,2.0,2.0,3.0,2.0
263,HingGPT,1.0,1.0,1.0,1.0,5.0,1.0,2.0,2.0,1.0,2.0,3.0,2.0
263,Phi-3.5-mini,1.0,1.0,1.0,1.0,1.0,1.0,3.0,4.0,2.0,3.0,3.0,3.0
263,Qwen2.5-3B,3.0,4.0,2.0,3.0,5.0,3.0,2.0,1.0,1.0,1.0,1.0,1.0
263,Qwen2.5-7B,4.0,4.0,3.0,4.0,5.0,4.0,4.0,4.0,3.0,3.0,5.0,4.0
264,HingGPT,1.0,1.0,1.0,1.0,1.0,1.0,2.0,3.0,2.0,2.0,1.0,2.0
264,Phi-3.5-mini,1.0,1.0,1.0,1.0,1.0,1.0,4.0,4.0,3.0,4.0,5.0,4.0
264,Qwen2.5-3B,4.0,5.0,3.0,4.0,5.0,4.0,3.0,3.0,2.0,3.0,4.0,3.0
264,Qwen2.5-7B,4.0,5.0,3.0,5.0,4.0,4.0,4.0,4.0,3.0,5.0,5.0,4.0
265,HingGPT,2.0,3.0,2.0,1.0,3.0,2.0,2.0,2.0,1.0,1.0,3.0,2.0
265,Phi-3.5-mini,1.0,1.0,1.0,1.0,1.0,1.0,3.0,4.0,3.0,5.0,5.0,4.0
265,Qwen2.5-3B,4.0,5.0,4.0,5.0,5.0,5.0,4.0,4.0,3.0,4.0,3.0,4.0
265,Qwen2.5-7B,3.0,4.0,2.0,2.0,5.0,3.0,2.0,2.0,1.0,1.0,3.0,2.0
266,HingGPT,2.0,1.0,1.0,1.0,1.0,1.0,3.0,3.0,1.0,1.0,1.0,2.0
266,Phi-3.5-mini,1.0,1.0,1.0,1.0,1.0,1.0,3.0,4.0,2.0,3.0,3.0,3.0
266,Qwen2.5-3B,4.0,4.0,3.0,4.0,5.0,4.0,3.0,2.0,1.0,2.0,3.0,2.0
266,Qwen2.5-7B,3.0,4.0,3.0,4.0,5.0,4.0,3.0,2.0,2.0,3.0,5.0,3.0
267,HingGPT,3.0,3.0,2.0,2.0,3.0,2.0,2.0,3.0,2.0,2.0,2.0,2.0
267,Phi-3.5-mini,3.0,3.0,1.0,5.0,5.0,3.0,5.0,5.0,5.0,5.0,5.0,5.0
267,Qwen2.5-3B,4.0,4.0,3.0,5.0,5.0,4.0,3.0,4.0,3.0,4.0,5.0,3.0
267,Qwen2.5-7B,4.0,4.0,3.0,5.0,5.0,4.0,2.0,2.0,1.0,3.0,1.0,2.0
268,HingGPT,3.0,4.0,2.0,3.0,5.0,3.0,3.0,4.0,2.0,3.0,4.0,3.0
268,Phi-3.5-mini,1.0,1.0,1.0,1.0,1.0,1.0,3.0,4.0,1.0,4.0,3.0,3.0
268,Qwen2.5-3B,4.0,4.0,3.0,4.0,5.0,4.0,4.0,4.0,3.0,4.0,5.0,4.0
268,Qwen2.5-7B,4.0,4.0,3.0,4.0,5.0,4.0,4.0,4.0,3.0,4.0,5.0,4.0
269,HingGPT,1.0,1.0,1.0,1.0,5.0,1.0,2.0,2.0,1.0,1.0,3.0,2.0
269,Phi-3.5-mini,1.0,1.0,1.0,1.0,1.0,1.0,3.0,4.0,2.0,3.0,5.0,3.0
269,Qwen2.5-3B,4.0,4.0,3.0,4.0,5.0,4.0,4.0,4.0,3.0,4.0,5.0,4.0
269,Qwen2.5-7B,4.0,4.0,3.0,4.0,5.0,4.0,4.0,4.0,3.0,4.0,5.0,4.0
270,HingGPT,2.0,3.0,2.0,1.0,5.0,2.0,2.0,3.0,1.0,2.0,3.0,2.0
270,Phi-3.5-mini,1.0,1.0,1.0,1.0,1.0,1.0,3.0,4.0,3.0,4.0,3.0,3.0
270,Qwen2.5-3B,3.0,4.0,3.0,4.0,5.0,4.0,3.0,4.0,3.0,3.0,5.0,3.0
270,Qwen2.5-7B,4.0,4.0,3.0,4.0,5.0,4.0,4.0,4.0,3.0,4.0,5.0,4.0
271,HingGPT,1.0,1.0,1.0,1.0,1.0,1.0,2.0,3.0,1.0,1.0,2.0,2.0
271,Phi-3.5-mini,1.0,1.0,1.0,1.0,1.0,1.0,3.0,4.0,2.0,3.0,5.0,3.0
271,Qwen2.5-3B,3.0,4.0,2.0,2.0,3.0,3.0,2.0,3.0,1.0,2.0,3.0,2.0
271,Qwen2.5-7B,3.0,4.0,2.0,2.0,5.0,3.0,2.0,1.0,1.0,1.0,3.0,2.0
272,HingGPT,2.0,3.0,2.0,1.0,3.0,2.0,2.0,3.0,2.0,1.0,3.0,2.0
272,Phi-3.5-mini,1.0,1.0,1.0,1.0,1.0,1.0,3.0,4.0,3.0,4.0,3.0,3.0
272,Qwen2.5-3B,4.0,4.0,4.0,5.0,5.0,4.0,4.0,4.0,4.0,5.0,5.0,4.0
272,Qwen2.5-7B,3.0,4.0,3.0,3.0,5.0,3.0,3.0,2.0,1.0,2.0,5.0,2.0
273,HingGPT,2.0,2.0,1.0,1.0,3.0,2.0,2.0,2.0,2.0,2.0,3.0,2.0
273,Phi-3.5-mini,1.0,1.0,1.0,1.0,1.0,1.0,4.0,4.0,3.0,4.0,5.0,4.0
273,Qwen2.5-3B,4.0,4.0,3.0,4.0,5.0,4.0,4.0,4.0,3.0,4.0,5.0,4.0
273,Qwen2.5-7B,4.0,5.0,4.0,5.0,5.0,5.0,3.0,4.0,3.0,4.0,5.0,3.0
274,HingGPT,1.0,1.0,1.0,1.0,5.0,1.0,1.0,1.0,1.0,1.0,1.0,1.0
274,Phi-3.5-mini,1.0,1.0,1.0,1.0,1.0,1.0,3.0,3.0,3.0,3.0,3.0,3.0
274,Qwen2.5-3B,4.0,4.0,4.0,5.0,5.0,4.0,4.0,4.0,3.0,5.0,5.0,4.0
274,Qwen2.5-7B,4.0,4.0,3.0,3.0,5.0,3.0,2.0,3.0,2.0,3.0,4.0,3.0
275,HingGPT,2.0,3.0,2.0,1.0,3.0,2.0,2.0,2.0,1.0,1.0,1.0,2.0
275,Phi-3.5-mini,1.0,1.0,1.0,1.0,1.0,1.0,3.0,4.0,2.0,3.0,4.0,3.0
275,Qwen2.5-3B,1.0,1.0,1.0,1.0,1.0,1.0,2.0,3.0,2.0,2.0,3.0,2.0
275,Qwen2.5-7B,3.0,3.0,2.0,2.0,3.0,2.0,2.0,2.0,2.0,2.0,3.0,2.0
276,HingGPT,2.0,3.0,1.0,1.0,1.0,2.0,2.0,2.0,1.0,1.0,1.0,2.0
276,Phi-3.5-mini,1.0,1.0,1.0,1.0,1.0,1.0,5.0,5.0,5.0,5.0,5.0,5.0
276,Qwen2.5-3B,4.0,4.0,3.0,4.0,5.0,4.0,4.0,4.0,4.0,5.0,5.0,4.0
276,Qwen2.5-7B,4.0,5.0,3.0,4.0,5.0,4.0,4.0,4.0,3.0,3.0,5.0,4.0
277,HingGPT,1.0,1.0,1.0,1.0,3.0,1.0,2.0,2.0,1.0,1.0,1.0,2.0
277,Phi-3.5-mini,1.0,1.0,1.0,1.0,1.0,1.0,3.0,4.0,2.0,3.0,5.0,3.0
277,Qwen2.5-3B,1.0,1.0,1.0,1.0,1.0,1.0,3.0,3.0,1.0,1.0,3.0,2.0
277,Qwen2.5-7B,4.0,4.0,3.0,4.0,5.0,4.0,4.0,4.0,3.0,4.0,5.0,4.0
278,HingGPT,3.0,2.0,2.0,1.0,3.0,2.0,2.0,2.0,1.0,1.0,3.0,2.0
278,Phi-3.5-mini,1.0,1.0,1.0,1.0,1.0,1.0,5.0,5.0,5.0,5.0,5.0,5.0
278,Qwen2.5-3B,4.0,5.0,4.0,5.0,5.0,4.0,4.0,4.0,3.0,5.0,5.0,4.0
278,Qwen2.5-7B,4.0,5.0,4.0,5.0,5.0,4.0,5.0,5.0,5.0,5.0,5.0,5.0
279,HingGPT,3.0,2.0,2.0,2.0,3.0,2.0,2.0,3.0,2.0,2.0,3.0,2.0
279,Phi-3.5-mini,1.0,1.0,1.0,1.0,1.0,1.0,1.0,1.0,1.0,1.0,1.0,1.0
279,Qwen2.5-3B,4.0,4.0,3.0,4.0,5.0,4.0,4.0,4.0,3.0,4.0,5.0,4.0
279,Qwen2.5-7B,4.0,4.0,3.0,4.0,5.0,4.0,4.0,4.0,3.0,4.0,4.0,4.0
280,HingGPT,3.0,4.0,2.0,3.0,4.0,3.0,2.0,3.0,2.0,3.0,3.0,2.0
280,Phi-3.5-mini,1.0,1.0,1.0,1.0,1.0,1.0,3.0,2.0,1.0,1.0,3.0,2.0
280,Qwen2.5-3B,4.0,3.0,3.0,2.0,4.0,3.0,2.0,3.0,2.0,2.0,3.0,2.0
280,Qwen2.5-7B,3.0,4.0,2.0,2.0,3.0,3.0,2.0,2.0,2.0,1.0,3.0,2.0
281,HingGPT,2.0,3.0,2.0,1.0,3.0,2.0,2.0,3.0,2.0,2.0,3.0,2.0
281,Phi-3.5-mini,1.0,1.0,1.0,1.0,1.0,1.0,5.0,5.0,5.0,5.0,5.0,5.0
281,Qwen2.5-3B,4.0,5.0,3.0,4.0,5.0,4.0,3.0,4.0,1.0,3.0,3.0,3.0
281,Qwen2.5-7B,1.0,1.0,1.0,1.0,5.0,1.0,3.0,2.0,1.0,1.0,3.0,2.0
282,HingGPT,2.0,3.0,2.0,2.0,3.0,2.0,2.0,2.0,1.0,2.0,1.0,2.0
282,Phi-3.5-mini,1.0,1.0,1.0,1.0,1.0,1.0,3.0,4.0,2.0,3.0,5.0,3.0
282,Qwen2.5-3B,4.0,5.0,3.0,4.0,5.0,4.0,3.0,4.0,3.0,4.0,5.0,3.0
282,Qwen2.5-7B,4.0,5.0,4.0,5.0,5.0,5.0,4.0,4.0,4.0,4.0,5.0,4.0
283,HingGPT,3.0,4.0,2.0,3.0,4.0,3.0,3.0,4.0,2.0,3.0,3.0,3.0
283,Phi-3.5-mini,1.0,1.0,1.0,1.0,1.0,1.0,1.0,1.0,1.0,1.0,1.0,1.0
283,Qwen2.5-3B,4.0,5.0,4.0,5.0,5.0,5.0,4.0,4.0,4.0,5.0,5.0,5.0
283,Qwen2.5-7B,3.0,4.0,3.0,2.0,5.0,3.0,2.0,2.0,1.0,1.0,3.0,2.0
284,HingGPT,4.0,4.0,3.0,4.0,4.0,4.0,3.0,4.0,3.0,4.0,3.0,3.0
284,Phi-3.5-mini,1.0,1.0,1.0,1.0,1.0,1.0,1.0,1.0,1.0,1.0,1.0,1.0
284,Qwen2.5-3B,4.0,4.0,3.0,4.0,4.0,4.0,4.0,4.0,4.0,4.0,5.0,4.0
284,Qwen2.5-7B,1.0,1.0,1.0,1.0,5.0,1.0,2.0,1.0,1.0,1.0,1.0,1.0
285,HingGPT,1.0,1.0,1.0,1.0,1.0,1.0,1.0,1.0,1.0,1.0,1.0,1.0
285,Phi-3.5-mini,1.0,1.0,1.0,1.0,1.0,1.0,3.0,4.0,3.0,4.0,2.0,3.0
285,Qwen2.5-3B,4.0,3.0,3.0,2.0,4.0,3.0,3.0,4.0,2.0,3.0,3.0,3.0
285,Qwen2.5-7B,1.0,1.0,1.0,1.0,5.0,1.0,2.0,3.0,2.0,1.0,3.0,2.0
286,HingGPT,3.0,4.0,2.0,4.0,3.0,3.0,2.0,3.0,2.0,3.0,3.0,2.0
286,Phi-3.5-mini,1.0,1.0,1.0,1.0,1.0,1.0,3.0,4.0,3.0,5.0,5.0,4.0
286,Qwen2.5-3B,4.0,5.0,4.0,5.0,5.0,4.0,4.0,4.0,4.0,5.0,5.0,4.0
286,Qwen2.5-7B,4.0,5.0,4.0,5.0,5.0,5.0,4.0,4.0,5.0,5.0,5.0,5.0
287,HingGPT,1.0,1.0,1.0,1.0,1.0,1.0,2.0,3.0,1.0,1.0,1.0,2.0
287,Phi-3.5-mini,1.0,1.0,1.0,1.0,1.0,1.0,4.0,4.0,3.0,5.0,3.0,4.0
287,Qwen2.5-3B,4.0,5.0,4.0,5.0,5.0,4.0,4.0,4.0,3.0,4.0,4.0,4.0
287,Qwen2.5-7B,4.0,5.0,4.0,5.0,5.0,4.0,4.0,4.0,4.0,5.0,5.0,4.0
288,HingGPT,3.0,4.0,2.0,5.0,5.0,4.0,1.0,1.0,1.0,1.0,1.0,1.0
288,Phi-3.5-mini,1.0,1.0,1.0,1.0,1.0,1.0,2.0,2.0,1.0,1.0,1.0,1.0
288,Qwen2.5-3B,4.0,5.0,4.0,5.0,5.0,4.0,2.0,3.0,2.0,2.0,3.0,2.0
288,Qwen2.5-7B,3.0,3.0,2.0,2.0,5.0,3.0,3.0,2.0,2.0,2.0,5.0,3.0
289,HingGPT,4.0,4.0,3.0,3.0,4.0,3.0,3.0,4.0,2.0,3.0,3.0,3.0
289,Phi-3.5-mini,1.0,1.0,1.0,1.0,1.0,1.0,3.0,4.0,3.0,4.0,3.0,3.0
289,Qwen2.5-3B,5.0,5.0,5.0,5.0,5.0,5.0,5.0,5.0,5.0,5.0,5.0,5.0
289,Qwen2.5-7B,3.0,3.0,2.0,1.0,5.0,2.0,2.0,2.0,1.0,1.0,5.0,2.0
290,HingGPT,2.0,3.0,2.0,1.0,3.0,2.0,2.0,3.0,2.0,2.0,3.0,2.0
290,Phi-3.5-mini,1.0,1.0,1.0,1.0,1.0,1.0,4.0,4.0,3.0,4.0,5.0,4.0
290,Qwen2.5-3B,4.0,4.0,3.0,4.0,5.0,4.0,4.0,4.0,4.0,5.0,5.0,4.0
290,Qwen2.5-7B,4.0,4.0,3.0,4.0,5.0,4.0,4.0,4.0,3.0,4.0,5.0,4.0
291,HingGPT,3.0,4.0,2.0,3.0,4.0,3.0,2.0,3.0,2.0,2.0,3.0,2.0
291,Phi-3.5-mini,1.0,1.0,1.0,1.0,1.0,1.0,3.0,4.0,3.0,4.0,3.0,3.0
291,Qwen2.5-3B,4.0,5.0,4.0,5.0,5.0,5.0,4.0,4.0,3.0,4.0,5.0,4.0
291,Qwen2.5-7B,4.0,5.0,4.0,5.0,5.0,5.0,4.0,4.0,3.0,4.0,5.0,4.0
292,HingGPT,1.0,1.0,1.0,1.0,1.0,1.0,2.0,2.0,1.0,1.0,3.0,2.0
292,Phi-3.5-mini,1.0,1.0,1.0,1.0,1.0,1.0,3.0,4.0,3.0,4.0,3.0,3.0
292,Qwen2.5-3B,3.0,4.0,3.0,2.0,5.0,3.0,3.0,3.0,3.0,2.0,5.0,3.0
292,Qwen2.5-7B,1.0,1.0,1.0,1.0,5.0,1.0,3.0,2.0,2.0,1.0,5.0,2.0
293,HingGPT,3.0,4.0,2.0,3.0,4.0,3.0,3.0,4.0,2.0,3.0,3.0,3.0
293,Phi-3.5-mini,1.0,1.0,1.0,1.0,1.0,1.0,3.0,4.0,1.0,4.0,5.0,3.0
293,Qwen2.5-3B,4.0,4.0,3.0,4.0,5.0,4.0,3.0,4.0,3.0,4.0,4.0,3.0
293,Qwen2.5-7B,4.0,4.0,1.0,1.0,5.0,2.0,2.0,3.0,1.0,2.0,1.0,2.0
294,HingGPT,2.0,3.0,1.0,1.0,5.0,2.0,2.0,2.0,1.0,1.0,3.0,2.0
294,Phi-3.5-mini,1.0,1.0,1.0,1.0,1.0,1.0,3.0,4.0,3.0,4.0,5.0,4.0
294,Qwen2.5-3B,4.0,5.0,4.0,5.0,5.0,4.0,4.0,4.0,4.0,5.0,5.0,5.0
294,Qwen2.5-7B,3.0,4.0,2.0,3.0,4.0,3.0,3.0,4.0,2.0,2.0,3.0,3.0
295,HingGPT,1.0,1.0,1.0,1.0,1.0,1.0,2.0,3.0,2.0,2.0,2.0,2.0
295,Phi-3.5-mini,1.0,1.0,1.0,1.0,1.0,1.0,3.0,3.0,2.0,5.0,3.0,3.0
295,Qwen2.5-3B,3.0,3.0,2.0,2.0,5.0,2.0,3.0,2.0,1.0,2.0,3.0,2.0
295,Qwen2.5-7B,3.0,3.0,2.0,3.0,5.0,3.0,3.0,4.0,2.0,3.0,5.0,3.0
296,HingGPT,2.0,3.0,2.0,2.0,3.0,2.0,2.0,3.0,2.0,2.0,2.0,2.0
296,Phi-3.5-mini,1.0,1.0,1.0,1.0,1.0,1.0,3.0,4.0,3.0,4.0,3.0,3.0
296,Qwen2.5-3B,4.0,5.0,3.0,5.0,5.0,4.0,4.0,4.0,3.0,4.0,4.0,4.0
296,Qwen2.5-7B,3.0,3.0,2.0,1.0,5.0,2.0,3.0,2.0,1.0,1.0,5.0,2.0
297,HingGPT,2.0,1.0,1.0,1.0,5.0,2.0,2.0,2.0,1.0,1.0,3.0,2.0
297,Phi-3.5-mini,1.0,1.0,1.0,1.0,1.0,1.0,4.0,4.0,3.0,5.0,5.0,4.0
297,Qwen2.5-3B,4.0,5.0,4.0,5.0,5.0,5.0,3.0,4.0,3.0,2.0,5.0,3.0
297,Qwen2.5-7B,4.0,5.0,4.0,5.0,5.0,5.0,5.0,5.0,5.0,5.0,5.0,5.0
298,HingGPT,3.0,3.0,2.0,1.0,5.0,2.0,2.0,1.0,1.0,1.0,3.0,2.0
298,Phi-3.5-mini,1.0,1.0,1.0,1.0,1.0,1.0,3.0,2.0,3.0,2.0,5.0,3.0
298,Qwen2.5-3B,4.0,5.0,3.0,5.0,5.0,4.0,4.0,4.0,3.0,5.0,5.0,4.0
298,Qwen2.5-7B,3.0,3.0,3.0,4.0,5.0,4.0,3.0,2.0,1.0,5.0,1.0,2.0
299,HingGPT,1.0,1.0,1.0,1.0,1.0,1.0,3.0,4.0,2.0,3.0,2.0,3.0
299,Phi-3.5-mini,1.0,1.0,1.0,1.0,1.0,1.0,3.0,4.0,3.0,4.0,5.0,3.0
299,Qwen2.5-3B,3.0,2.0,1.0,1.0,3.0,2.0,1.0,2.0,1.0,1.0,1.0,1.0
299,Qwen2.5-7B,4.0,4.0,3.0,5.0,5.0,4.0,,,,,,
300,HingGPT,3.0,2.0,2.0,3.0,2.0,2.0,1.0,1.0,1.0,1.0,1.0,1.0
300,Phi-3.5-mini,1.0,1.0,1.0,1.0,1.0,1.0,3.0,4.0,2.0,4.0,3.0,3.0
300,Qwen2.5-3B,4.0,5.0,3.0,4.0,5.0,4.0,4.0,4.0,1.0,4.0,5.0,4.0
300,Qwen2.5-7B,3.0,4.0,3.0,4.0,5.0,4.0,2.0,2.0,1.0,2.0,5.0,2.0
301,HingGPT,3.0,4.0,2.0,3.0,4.0,3.0,2.0,2.0,1.0,2.0,3.0,2.0
301,Phi-3.5-mini,1.0,1.0,1.0,1.0,1.0,1.0,3.0,4.0,3.0,3.0,3.0,3.0
301,Qwen2.5-3B,3.0,3.0,2.0,2.0,5.0,3.0,2.0,1.0,1.0,1.0,1.0,1.0
301,Qwen2.5-7B,4.0,5.0,3.0,4.0,5.0,4.0,3.0,2.0,2.0,2.0,3.0,2.0
302,HingGPT,4.0,4.0,3.0,4.0,3.0,4.0,4.0,4.0,3.0,4.0,3.0,4.0
302,Phi-3.5-mini,1.0,1.0,1.0,1.0,1.0,1.0,2.0,2.0,1.0,2.0,1.0,2.0
302,Qwen2.5-3B,3.0,5.0,1.0,2.0,3.0,2.0,4.0,4.0,3.0,5.0,5.0,4.0
302,Qwen2.5-7B,3.0,3.0,1.0,1.0,5.0,2.0,3.0,3.0,3.0,3.0,3.0,3.0
303,HingGPT,3.0,2.0,2.0,2.0,3.0,2.0,2.0,3.0,2.0,2.0,2.0,2.0
303,Phi-3.5-mini,3.0,5.0,3.0,1.0,5.0,3.0,5.0,5.0,5.0,5.0,5.0,5.0
303,Qwen2.5-3B,1.0,1.0,1.0,1.0,1.0,1.0,1.0,1.0,1.0,1.0,1.0,1.0
303,Qwen2.5-7B,3.0,3.0,2.0,2.0,5.0,2.0,3.0,2.0,1.0,1.0,5.0,2.0
304,HingGPT,3.0,4.0,2.0,3.0,4.0,3.0,3.0,4.0,2.0,3.0,4.0,3.0
304,Phi-3.5-mini,1.0,1.0,1.0,1.0,1.0,1.0,3.0,4.0,3.0,4.0,3.0,3.0
304,Qwen2.5-3B,3.0,5.0,3.0,4.0,5.0,4.0,3.0,4.0,3.0,2.0,5.0,3.0
304,Qwen2.5-7B,2.0,3.0,2.0,1.0,3.0,2.0,3.0,4.0,2.0,1.0,3.0,2.0
305,HingGPT,3.0,4.0,2.0,3.0,4.0,3.0,3.0,4.0,2.0,3.0,3.0,3.0
305,Phi-3.5-mini,1.0,1.0,1.0,1.0,1.0,1.0,2.0,3.0,1.0,1.0,1.0,2.0
305,Qwen2.5-3B,4.0,4.0,3.0,4.0,5.0,4.0,3.0,4.0,3.0,4.0,5.0,3.0
305,Qwen2.5-7B,4.0,5.0,4.0,5.0,5.0,4.0,5.0,5.0,5.0,5.0,5.0,5.0
306,HingGPT,1.0,1.0,1.0,1.0,3.0,1.0,2.0,3.0,2.0,2.0,3.0,2.0
306,Phi-3.5-mini,1.0,1.0,1.0,1.0,1.0,1.0,3.0,4.0,3.0,4.0,5.0,4.0
306,Qwen2.5-3B,4.0,4.0,3.0,5.0,5.0,4.0,4.0,4.0,3.0,4.0,5.0,4.0
306,Qwen2.5-7B,4.0,4.0,3.0,5.0,5.0,4.0,4.0,4.0,3.0,5.0,5.0,4.0
307,HingGPT,3.0,3.0,2.0,3.0,3.0,3.0,3.0,4.0,2.0,3.0,3.0,3.0
307,Phi-3.5-mini,1.0,1.0,1.0,1.0,1.0,1.0,3.0,4.0,3.0,4.0,3.0,3.0
307,Qwen2.5-3B,4.0,5.0,3.0,4.0,5.0,4.0,3.0,4.0,2.0,2.0,3.0,3.0
307,Qwen2.5-7B,4.0,5.0,4.0,5.0,5.0,5.0,5.0,5.0,5.0,5.0,5.0,5.0
308,HingGPT,3.0,4.0,2.0,3.0,4.0,3.0,3.0,4.0,2.0,3.0,3.0,3.0
308,Phi-3.5-mini,1.0,1.0,1.0,1.0,1.0,1.0,3.0,4.0,3.0,5.0,5.0,4.0
308,Qwen2.5-3B,4.0,4.0,3.0,4.0,5.0,4.0,4.0,4.0,3.0,5.0,5.0,4.0
308,Qwen2.5-7B,3.0,4.0,3.0,4.0,5.0,4.0,3.0,4.0,2.0,3.0,5.0,3.0
309,HingGPT,2.0,3.0,2.0,2.0,3.0,2.0,2.0,3.0,2.0,3.0,3.0,2.0
309,Phi-3.5-mini,1.0,1.0,1.0,1.0,1.0,1.0,3.0,4.0,3.0,4.0,3.0,3.0
309,Qwen2.5-3B,4.0,4.0,3.0,4.0,5.0,4.0,2.0,3.0,2.0,1.0,2.0,2.0
309,Qwen2.5-7B,4.0,4.0,3.0,4.0,5.0,4.0,3.0,3.0,3.0,4.0,4.0,3.0
310,HingGPT,2.0,2.0,1.0,1.0,2.0,2.0,2.0,2.0,1.0,1.0,1.0,1.0
310,Phi-3.5-mini,1.0,1.0,1.0,1.0,1.0,1.0,3.0,4.0,3.0,4.0,1.0,3.0
310,Qwen2.5-3B,4.0,5.0,3.0,5.0,5.0,4.0,4.0,4.0,1.0,5.0,5.0,4.0
310,Qwen2.5-7B,4.0,4.0,4.0,4.0,5.0,4.0,3.0,2.0,1.0,4.0,5.0,3.0
311,HingGPT,2.0,3.0,1.0,1.0,5.0,2.0,2.0,2.0,1.0,2.0,3.0,2.0
311,Phi-3.5-mini,1.0,1.0,1.0,1.0,1.0,1.0,3.0,4.0,1.0,5.0,5.0,3.0
311,Qwen2.5-3B,4.0,4.0,3.0,4.0,5.0,4.0,3.0,2.0,1.0,1.0,3.0,2.0
311,Qwen2.5-7B,4.0,4.0,3.0,4.0,4.0,4.0,2.0,2.0,2.0,2.0,3.0,2.0
312,HingGPT,1.0,1.0,1.0,1.0,1.0,1.0,2.0,2.0,1.0,2.0,2.0,2.0
312,Phi-3.5-mini,1.0,1.0,1.0,1.0,1.0,1.0,3.0,4.0,3.0,4.0,3.0,3.0
312,Qwen2.5-3B,4.0,5.0,4.0,5.0,5.0,4.0,4.0,4.0,3.0,5.0,5.0,4.0
312,Qwen2.5-7B,1.0,1.0,1.0,1.0,5.0,1.0,2.0,1.0,1.0,2.0,5.0,2.0
313,HingGPT,1.0,1.0,1.0,1.0,1.0,1.0,3.0,4.0,2.0,3.0,3.0,3.0
313,Phi-3.5-mini,1.0,1.0,1.0,1.0,1.0,1.0,3.0,4.0,3.0,4.0,3.0,3.0
313,Qwen2.5-3B,4.0,4.0,3.0,4.0,4.0,4.0,4.0,4.0,3.0,4.0,4.0,4.0
313,Qwen2.5-7B,3.0,4.0,2.0,2.0,3.0,3.0,2.0,2.0,1.0,1.0,1.0,1.0
314,HingGPT,1.0,1.0,1.0,1.0,5.0,1.0,2.0,1.0,1.0,1.0,1.0,1.0
314,Phi-3.5-mini,1.0,1.0,1.0,1.0,1.0,1.0,3.0,3.0,3.0,3.0,5.0,3.0
314,Qwen2.5-3B,1.0,1.0,1.0,1.0,5.0,1.0,1.0,1.0,1.0,1.0,1.0,1.0
314,Qwen2.5-7B,3.0,3.0,2.0,2.0,5.0,3.0,3.0,3.0,3.0,2.0,5.0,3.0
315,HingGPT,3.0,3.0,2.0,2.0,3.0,2.0,3.0,4.0,2.0,3.0,3.0,3.0
315,Phi-3.5-mini,1.0,1.0,1.0,1.0,1.0,1.0,3.0,4.0,2.0,3.0,5.0,3.0
315,Qwen2.5-3B,4.0,4.0,3.0,4.0,5.0,4.0,4.0,4.0,4.0,4.0,5.0,4.0
315,Qwen2.5-7B,4.0,4.0,3.0,4.0,5.0,4.0,4.0,4.0,1.0,5.0,5.0,4.0
316,HingGPT,1.0,1.0,1.0,1.0,1.0,1.0,2.0,3.0,2.0,2.0,3.0,2.0
316,Phi-3.5-mini,1.0,1.0,1.0,1.0,1.0,1.0,1.0,1.0,1.0,1.0,1.0,1.0
316,Qwen2.5-3B,4.0,4.0,3.0,4.0,3.0,4.0,3.0,4.0,1.0,4.0,5.0,3.0
316,Qwen2.5-7B,4.0,4.0,3.0,3.0,4.0,3.0,2.0,2.0,1.0,1.0,3.0,2.0
317,HingGPT,3.0,4.0,2.0,2.0,5.0,3.0,4.0,4.0,3.0,4.0,3.0,4.0
317,Phi-3.5-mini,1.0,1.0,1.0,1.0,1.0,1.0,3.0,4.0,3.0,4.0,3.0,3.0
317,Qwen2.5-3B,4.0,4.0,3.0,4.0,5.0,4.0,4.0,4.0,3.0,4.0,3.0,4.0
317,Qwen2.5-7B,4.0,4.0,4.0,5.0,5.0,4.0,4.0,4.0,4.0,5.0,5.0,4.0
318,HingGPT,4.0,5.0,3.0,5.0,4.0,4.0,3.0,4.0,3.0,4.0,3.0,3.0
318,Phi-3.5-mini,1.0,1.0,1.0,1.0,1.0,1.0,4.0,4.0,4.0,5.0,5.0,5.0
318,Qwen2.5-3B,1.0,1.0,1.0,1.0,1.0,1.0,2.0,2.0,1.0,1.0,1.0,1.0
318,Qwen2.5-7B,3.0,4.0,2.0,1.0,5.0,2.0,3.0,2.0,2.0,1.0,3.0,2.0
319,HingGPT,3.0,4.0,2.0,3.0,3.0,3.0,3.0,4.0,2.0,3.0,3.0,3.0
319,Phi-3.5-mini,1.0,1.0,1.0,1.0,1.0,1.0,2.0,3.0,2.0,2.0,1.0,2.0
319,Qwen2.5-3B,3.0,3.0,2.0,2.0,3.0,2.0,3.0,2.0,1.0,2.0,3.0,2.0
319,Qwen2.5-7B,3.0,2.0,2.0,1.0,5.0,2.0,3.0,2.0,1.0,1.0,3.0,2.0
320,HingGPT,1.0,1.0,1.0,1.0,5.0,1.0,2.0,2.0,1.0,2.0,3.0,2.0
320,Phi-3.5-mini,1.0,1.0,1.0,1.0,1.0,1.0,3.0,4.0,3.0,4.0,3.0,3.0
320,Qwen2.5-3B,4.0,5.0,4.0,5.0,5.0,5.0,4.0,4.0,3.0,5.0,5.0,4.0
320,Qwen2.5-7B,3.0,4.0,2.0,1.0,5.0,3.0,2.0,2.0,2.0,1.0,2.0,2.0
321,HingGPT,3.0,3.0,2.0,4.0,1.0,2.0,2.0,3.0,2.0,3.0,1.0,2.0
321,Phi-3.5-mini,1.0,1.0,1.0,1.0,1.0,1.0,1.0,1.0,1.0,1.0,1.0,1.0
321,Qwen2.5-3B,4.0,4.0,3.0,4.0,5.0,4.0,3.0,4.0,3.0,4.0,5.0,4.0
321,Qwen2.5-7B,3.0,4.0,2.0,1.0,3.0,2.0,2.0,2.0,2.0,2.0,2.0,2.0
322,HingGPT,3.0,4.0,2.0,3.0,4.0,3.0,2.0,2.0,1.0,2.0,3.0,2.0
322,Phi-3.5-mini,1.0,1.0,1.0,1.0,1.0,1.0,3.0,4.0,3.0,4.0,5.0,3.0
322,Qwen2.5-3B,4.0,5.0,4.0,5.0,5.0,4.0,4.0,4.0,4.0,5.0,5.0,4.0
322,Qwen2.5-7B,3.0,4.0,2.0,1.0,5.0,2.0,2.0,1.0,1.0,1.0,3.0,2.0
323,HingGPT,1.0,1.0,1.0,1.0,3.0,1.0,2.0,2.0,2.0,2.0,3.0,2.0
323,Phi-3.5-mini,1.0,1.0,1.0,1.0,1.0,1.0,3.0,4.0,3.0,4.0,5.0,3.0
323,Qwen2.5-3B,1.0,1.0,1.0,1.0,5.0,1.0,2.0,1.0,1.0,1.0,1.0,1.0
323,Qwen2.5-7B,4.0,4.0,3.0,4.0,5.0,4.0,4.0,4.0,3.0,4.0,5.0,4.0
324,HingGPT,1.0,1.0,1.0,1.0,5.0,1.0,2.0,2.0,1.0,1.0,3.0,2.0
324,Phi-3.5-mini,1.0,1.0,1.0,1.0,1.0,1.0,3.0,4.0,3.0,5.0,5.0,4.0
324,Qwen2.5-3B,4.0,4.0,3.0,4.0,5.0,4.0,3.0,4.0,3.0,4.0,4.0,3.0
324,Qwen2.5-7B,4.0,4.0,3.0,4.0,5.0,4.0,4.0,4.0,3.0,4.0,5.0,4.0
325,HingGPT,1.0,1.0,1.0,1.0,5.0,1.0,2.0,1.0,1.0,1.0,1.0,1.0
325,Phi-3.5-mini,1.0,1.0,1.0,1.0,1.0,1.0,3.0,4.0,3.0,4.0,3.0,3.0
325,Qwen2.5-3B,4.0,4.0,3.0,4.0,4.0,4.0,3.0,4.0,3.0,3.0,5.0,3.0
325,Qwen2.5-7B,4.0,4.0,3.0,4.0,5.0,4.0,3.0,4.0,3.0,4.0,3.0,3.0
326,HingGPT,2.0,3.0,2.0,1.0,3.0,2.0,2.0,3.0,2.0,2.0,3.0,2.0
326,Phi-3.5-mini,1.0,1.0,1.0,1.0,1.0,1.0,3.0,4.0,3.0,4.0,3.0,3.0
326,Qwen2.5-3B,4.0,4.0,3.0,4.0,5.0,4.0,4.0,4.0,3.0,4.0,5.0,4.0
326,Qwen2.5-7B,3.0,4.0,3.0,3.0,5.0,3.0,3.0,2.0,1.0,2.0,5.0,2.0
327,HingGPT,3.0,4.0,2.0,3.0,4.0,3.0,3.0,4.0,2.0,3.0,4.0,3.0
327,Phi-3.5-mini,1.0,1.0,1.0,1.0,1.0,1.0,4.0,4.0,3.0,4.0,5.0,4.0
327,Qwen2.5-3B,4.0,4.0,3.0,4.0,5.0,4.0,3.0,3.0,2.0,4.0,5.0,3.0
327,Qwen2.5-7B,3.0,4.0,3.0,4.0,5.0,4.0,3.0,4.0,3.0,4.0,5.0,3.0
328,HingGPT,3.0,4.0,2.0,2.0,3.0,3.0,3.0,4.0,2.0,3.0,3.0,3.0
328,Phi-3.5-mini,1.0,1.0,1.0,1.0,1.0,1.0,1.0,1.0,1.0,1.0,1.0,1.0
328,Qwen2.5-3B,4.0,5.0,4.0,5.0,5.0,4.0,4.0,4.0,4.0,5.0,5.0,4.0
328,Qwen2.5-7B,4.0,4.0,4.0,5.0,5.0,4.0,4.0,4.0,4.0,5.0,5.0,4.0
329,HingGPT,2.0,3.0,2.0,2.0,2.0,2.0,3.0,4.0,2.0,3.0,2.0,3.0
329,Phi-3.5-mini,1.0,1.0,1.0,1.0,1.0,1.0,3.0,2.0,1.0,1.0,1.0,2.0
329,Qwen2.5-3B,4.0,5.0,4.0,5.0,5.0,5.0,5.0,5.0,5.0,5.0,5.0,5.0
329,Qwen2.5-7B,3.0,2.0,2.0,1.0,5.0,2.0,3.0,2.0,1.0,1.0,3.0,2.0
330,HingGPT,2.0,3.0,2.0,2.0,3.0,2.0,2.0,3.0,2.0,2.0,3.0,2.0
330,Phi-3.5-mini,1.0,1.0,1.0,1.0,1.0,1.0,3.0,4.0,3.0,4.0,2.0,3.0
330,Qwen2.5-3B,3.0,4.0,3.0,4.0,5.0,4.0,3.0,2.0,3.0,4.0,5.0,3.0
330,Qwen2.5-7B,4.0,4.0,3.0,5.0,5.0,4.0,,,,,,
331,HingGPT,3.0,3.0,2.0,2.0,4.0,3.0,3.0,4.0,2.0,3.0,4.0,3.0
331,Phi-3.5-mini,1.0,1.0,1.0,1.0,1.0,1.0,2.0,3.0,1.0,2.0,3.0,2.0
331,Qwen2.5-3B,1.0,1.0,1.0,1.0,5.0,1.0,3.0,1.0,1.0,1.0,5.0,2.0
331,Qwen2.5-7B,4.0,3.0,3.0,4.0,5.0,4.0,2.0,1.0,1.0,2.0,3.0,2.0
332,HingGPT,3.0,2.0,2.0,1.0,1.0,2.0,2.0,3.0,2.0,3.0,2.0,2.0
332,Phi-3.5-mini,1.0,1.0,1.0,1.0,1.0,1.0,3.0,4.0,3.0,3.0,4.0,3.0
332,Qwen2.5-3B,4.0,5.0,4.0,5.0,5.0,5.0,4.0,4.0,4.0,4.0,5.0,4.0
332,Qwen2.5-7B,1.0,1.0,1.0,1.0,1.0,1.0,3.0,2.0,1.0,1.0,3.0,2.0
333,HingGPT,3.0,4.0,2.0,2.0,3.0,3.0,3.0,4.0,2.0,2.0,3.0,3.0
333,Phi-3.5-mini,1.0,1.0,1.0,1.0,1.0,1.0,4.0,4.0,3.0,4.0,4.0,4.0
333,Qwen2.5-3B,3.0,2.0,2.0,1.0,5.0,2.0,2.0,2.0,1.0,1.0,1.0,2.0
333,Qwen2.5-7B,3.0,4.0,3.0,4.0,5.0,4.0,3.0,2.0,1.0,3.0,5.0,2.0
334,HingGPT,1.0,1.0,1.0,1.0,1.0,1.0,3.0,4.0,2.0,3.0,3.0,3.0
334,Phi-3.5-mini,1.0,1.0,1.0,1.0,1.0,1.0,2.0,2.0,1.0,1.0,3.0,2.0
334,Qwen2.5-3B,4.0,5.0,4.0,5.0,5.0,4.0,5.0,5.0,5.0,5.0,5.0,5.0
334,Qwen2.5-7B,4.0,5.0,3.0,5.0,5.0,4.0,5.0,5.0,5.0,5.0,5.0,5.0
335,HingGPT,2.0,3.0,2.0,2.0,3.0,2.0,2.0,3.0,2.0,3.0,2.0,2.0
335,Phi-3.5-mini,1.0,1.0,1.0,1.0,1.0,1.0,1.0,1.0,1.0,1.0,1.0,1.0
335,Qwen2.5-3B,3.0,2.0,1.0,1.0,1.0,1.0,3.0,4.0,2.0,5.0,3.0,3.0
335,Qwen2.5-7B,3.0,3.0,3.0,4.0,5.0,3.0,3.0,2.0,1.0,2.0,5.0,2.0
336,HingGPT,1.0,1.0,1.0,1.0,1.0,1.0,2.0,2.0,2.0,2.0,2.0,2.0
336,Phi-3.5-mini,1.0,1.0,1.0,1.0,1.0,1.0,3.0,4.0,3.0,4.0,3.0,3.0
336,Qwen2.5-3B,4.0,4.0,4.0,5.0,5.0,4.0,4.0,4.0,2.0,5.0,5.0,4.0
336,Qwen2.5-7B,3.0,3.0,2.0,1.0,5.0,2.0,3.0,2.0,1.0,1.0,5.0,2.0
337,HingGPT,1.0,1.0,1.0,1.0,1.0,1.0,4.0,4.0,3.0,4.0,3.0,4.0
337,Phi-3.5-mini,1.0,1.0,1.0,1.0,1.0,1.0,4.0,4.0,3.0,5.0,5.0,4.0
337,Qwen2.5-3B,1.0,1.0,1.0,1.0,5.0,1.0,1.0,1.0,1.0,1.0,1.0,1.0
337,Qwen2.5-7B,4.0,5.0,3.0,4.0,5.0,4.0,3.0,3.0,1.0,1.0,1.0,2.0
338,HingGPT,3.0,2.0,2.0,3.0,3.0,3.0,3.0,4.0,3.0,4.0,4.0,3.0
338,Phi-3.5-mini,1.0,1.0,1.0,1.0,1.0,1.0,3.0,4.0,3.0,4.0,5.0,4.0
338,Qwen2.5-3B,3.0,2.0,2.0,1.0,1.0,2.0,1.0,1.0,1.0,1.0,1.0,1.0
338,Qwen2.5-7B,3.0,4.0,2.0,1.0,5.0,2.0,2.0,2.0,1.0,1.0,1.0,1.0
339,HingGPT,2.0,2.0,1.0,1.0,1.0,1.0,3.0,4.0,2.0,2.0,3.0,3.0
339,Phi-3.5-mini,1.0,1.0,1.0,1.0,1.0,1.0,3.0,4.0,3.0,4.0,3.0,3.0
339,Qwen2.5-3B,1.0,1.0,1.0,1.0,1.0,1.0,1.0,1.0,1.0,1.0,1.0,1.0
339,Qwen2.5-7B,3.0,3.0,2.0,2.0,5.0,2.0,3.0,2.0,1.0,1.0,3.0,2.0
340,HingGPT,3.0,4.0,2.0,3.0,4.0,3.0,2.0,3.0,1.0,2.0,3.0,2.0
340,Phi-3.5-mini,1.0,1.0,1.0,1.0,1.0,1.0,4.0,5.0,5.0,5.0,5.0,5.0
340,Qwen2.5-3B,4.0,5.0,4.0,5.0,5.0,4.0,4.0,4.0,4.0,5.0,5.0,4.0
340,Qwen2.5-7B,3.0,4.0,2.0,2.0,5.0,3.0,2.0,2.0,1.0,2.0,5.0,2.0
341,HingGPT,1.0,1.0,1.0,1.0,1.0,1.0,2.0,3.0,2.0,2.0,2.0,2.0
341,Phi-3.5-mini,1.0,1.0,1.0,1.0,1.0,1.0,3.0,3.0,2.0,5.0,3.0,3.0
341,Qwen2.5-3B,4.0,4.0,3.0,4.0,5.0,4.0,3.0,4.0,3.0,4.0,3.0,3.0
341,Qwen2.5-7B,3.0,5.0,3.0,5.0,5.0,4.0,5.0,5.0,5.0,5.0,5.0,5.0
342,HingGPT,1.0,1.0,1.0,1.0,1.0,1.0,2.0,1.0,1.0,1.0,1.0,1.0
342,Phi-3.5-mini,1.0,1.0,1.0,1.0,1.0,1.0,2.0,4.0,3.0,4.0,2.0,3.0
342,Qwen2.5-3B,1.0,1.0,1.0,1.0,5.0,1.0,1.0,1.0,1.0,1.0,1.0,1.0
342,Qwen2.5-7B,1.0,1.0,1.0,1.0,5.0,1.0,3.0,1.0,1.0,1.0,3.0,2.0
343,HingGPT,2.0,3.0,2.0,2.0,3.0,2.0,2.0,2.0,1.0,2.0,2.0,2.0
343,Phi-3.5-mini,1.0,1.0,1.0,1.0,1.0,1.0,3.0,4.0,3.0,5.0,1.0,3.0
343,Qwen2.5-3B,4.0,5.0,4.0,5.0,5.0,4.0,4.0,4.0,4.0,5.0,5.0,5.0
343,Qwen2.5-7B,3.0,4.0,2.0,3.0,5.0,3.0,3.0,2.0,1.0,1.0,5.0,2.0
344,HingGPT,2.0,3.0,2.0,2.0,3.0,2.0,2.0,3.0,2.0,3.0,3.0,2.0
344,Phi-3.5-mini,1.0,1.0,1.0,1.0,1.0,1.0,3.0,4.0,3.0,5.0,5.0,4.0
344,Qwen2.5-3B,4.0,5.0,3.0,4.0,5.0,4.0,3.0,4.0,3.0,5.0,5.0,4.0
344,Qwen2.5-7B,4.0,4.0,3.0,4.0,5.0,4.0,3.0,4.0,2.0,4.0,3.0,3.0
345,HingGPT,4.0,4.0,3.0,4.0,4.0,4.0,3.0,4.0,2.0,3.0,3.0,3.0
345,Phi-3.5-mini,1.0,1.0,1.0,1.0,1.0,1.0,2.0,3.0,2.0,2.0,1.0,2.0
345,Qwen2.5-3B,4.0,4.0,3.0,4.0,5.0,4.0,4.0,4.0,3.0,5.0,5.0,4.0
345,Qwen2.5-7B,3.0,4.0,2.0,2.0,3.0,3.0,2.0,1.0,1.0,1.0,3.0,2.0
346,HingGPT,3.0,2.0,2.0,2.0,3.0,2.0,3.0,4.0,2.0,3.0,2.0,3.0
346,Phi-3.5-mini,1.0,1.0,1.0,1.0,1.0,1.0,3.0,4.0,3.0,5.0,5.0,4.0
346,Qwen2.5-3B,4.0,5.0,3.0,4.0,5.0,4.0,5.0,5.0,5.0,5.0,5.0,5.0
346,Qwen2.5-7B,4.0,4.0,3.0,4.0,5.0,4.0,3.0,2.0,2.0,3.0,5.0,3.0
347,HingGPT,3.0,2.0,2.0,1.0,5.0,2.0,2.0,3.0,2.0,2.0,3.0,2.0
347,Phi-3.5-mini,1.0,1.0,1.0,1.0,1.0,1.0,3.0,4.0,3.0,4.0,3.0,3.0
347,Qwen2.5-3B,4.0,5.0,3.0,4.0,5.0,4.0,3.0,2.0,1.0,2.0,5.0,2.0
347,Qwen2.5-7B,4.0,4.0,3.0,4.0,5.0,4.0,3.0,2.0,1.0,3.0,5.0,3.0
348,HingGPT,2.0,3.0,2.0,1.0,2.0,2.0,2.0,3.0,2.0,2.0,2.0,2.0
348,Phi-3.5-mini,1.0,1.0,1.0,1.0,1.0,1.0,3.0,3.0,1.0,1.0,1.0,2.0
348,Qwen2.5-3B,4.0,5.0,3.0,5.0,4.0,4.0,4.0,4.0,1.0,5.0,5.0,4.0
348,Qwen2.5-7B,4.0,5.0,3.0,4.0,5.0,4.0,3.0,2.0,1.0,2.0,3.0,2.0
349,HingGPT,2.0,1.0,1.0,1.0,5.0,2.0,2.0,2.0,1.0,1.0,5.0,2.0
349,Phi-3.5-mini,1.0,1.0,1.0,1.0,1.0,1.0,3.0,3.0,3.0,3.0,3.0,3.0
349,Qwen2.5-3B,4.0,5.0,4.0,5.0,5.0,5.0,5.0,5.0,5.0,5.0,5.0,5.0
349,Qwen2.5-7B,4.0,4.0,3.0,4.0,5.0,4.0,4.0,4.0,3.0,4.0,5.0,4.0
350,HingGPT,2.0,3.0,2.0,2.0,3.0,2.0,2.0,2.0,1.0,1.0,3.0,2.0
350,Phi-3.5-mini,1.0,1.0,1.0,1.0,1.0,1.0,3.0,3.0,2.0,3.0,3.0,3.0
350,Qwen2.5-3B,4.0,5.0,4.0,5.0,5.0,5.0,4.0,4.0,4.0,5.0,5.0,4.0
350,Qwen2.5-7B,4.0,5.0,4.0,5.0,5.0,5.0,5.0,5.0,5.0,5.0,5.0,5.0
351,HingGPT,3.0,4.0,2.0,3.0,3.0,3.0,2.0,3.0,2.0,3.0,2.0,2.0
351,Phi-3.5-mini,1.0,1.0,1.0,1.0,1.0,1.0,2.0,2.0,2.0,2.0,3.0,2.0
351,Qwen2.5-3B,3.0,4.0,3.0,2.0,5.0,3.0,2.0,2.0,2.0,2.0,3.0,2.0
351,Qwen2.5-7B,1.0,1.0,1.0,1.0,5.0,1.0,2.0,1.0,2.0,1.0,3.0,2.0
352,HingGPT,2.0,3.0,2.0,1.0,3.0,2.0,2.0,3.0,2.0,2.0,3.0,2.0
352,Phi-3.5-mini,1.0,1.0,1.0,1.0,1.0,1.0,3.0,1.0,1.0,1.0,5.0,2.0
352,Qwen2.5-3B,3.0,3.0,2.0,1.0,5.0,2.0,4.0,4.0,3.0,3.0,4.0,4.0
352,Qwen2.5-7B,1.0,1.0,1.0,1.0,1.0,1.0,3.0,1.0,1.0,1.0,3.0,2.0
353,HingGPT,2.0,3.0,2.0,1.0,3.0,2.0,2.0,2.0,1.0,1.0,3.0,2.0
353,Phi-3.5-mini,1.0,1.0,1.0,1.0,1.0,1.0,3.0,4.0,3.0,4.0,3.0,3.0
353,Qwen2.5-3B,4.0,4.0,3.0,4.0,5.0,4.0,4.0,4.0,3.0,4.0,5.0,4.0
353,Qwen2.5-7B,4.0,5.0,3.0,5.0,5.0,4.0,5.0,5.0,3.0,5.0,5.0,4.0
354,HingGPT,1.0,1.0,1.0,1.0,1.0,1.0,2.0,2.0,1.0,1.0,1.0,2.0
354,Phi-3.5-mini,1.0,1.0,1.0,1.0,1.0,1.0,1.0,1.0,1.0,1.0,1.0,1.0
354,Qwen2.5-3B,4.0,4.0,4.0,5.0,5.0,4.0,4.0,4.0,3.0,5.0,5.0,4.0
354,Qwen2.5-7B,4.0,4.0,4.0,5.0,5.0,4.0,4.0,4.0,3.0,5.0,5.0,4.0
355,HingGPT,1.0,1.0,1.0,1.0,1.0,1.0,2.0,3.0,2.0,2.0,2.0,2.0
355,Phi-3.5-mini,1.0,1.0,1.0,1.0,1.0,1.0,3.0,4.0,3.0,4.0,3.0,3.0
355,Qwen2.5-3B,4.0,5.0,4.0,5.0,5.0,4.0,4.0,4.0,4.0,5.0,5.0,4.0
355,Qwen2.5-7B,3.0,4.0,2.0,2.0,5.0,3.0,2.0,2.0,1.0,1.0,3.0,2.0
356,HingGPT,2.0,3.0,2.0,1.0,2.0,2.0,3.0,3.0,2.0,2.0,2.0,2.0
356,Phi-3.5-mini,1.0,1.0,1.0,1.0,1.0,1.0,3.0,1.0,3.0,1.0,3.0,2.0
356,Qwen2.5-3B,3.0,4.0,3.0,5.0,4.0,4.0,3.0,4.0,3.0,4.0,4.0,3.0
356,Qwen2.5-7B,3.0,4.0,2.0,2.0,3.0,3.0,3.0,2.0,2.0,3.0,3.0,2.0
357,HingGPT,1.0,1.0,1.0,1.0,1.0,1.0,2.0,2.0,1.0,1.0,2.0,2.0
357,Phi-3.5-mini,1.0,1.0,1.0,1.0,1.0,1.0,5.0,5.0,5.0,5.0,5.0,5.0
357,Qwen2.5-3B,4.0,5.0,4.0,5.0,5.0,4.0,3.0,4.0,3.0,4.0,3.0,3.0
357,Qwen2.5-7B,3.0,4.0,2.0,1.0,5.0,2.0,2.0,1.0,1.0,1.0,3.0,2.0
358,HingGPT,3.0,4.0,2.0,4.0,3.0,3.0,1.0,1.0,1.0,1.0,1.0,1.0
358,Phi-3.5-mini,1.0,1.0,1.0,1.0,1.0,1.0,3.0,4.0,3.0,4.0,3.0,3.0
358,Qwen2.5-3B,4.0,5.0,4.0,5.0,5.0,4.0,4.0,4.0,4.0,5.0,5.0,5.0
358,Qwen2.5-7B,4.0,5.0,4.0,5.0,5.0,4.0,5.0,5.0,5.0,5.0,5.0,5.0
359,HingGPT,1.0,1.0,1.0,1.0,1.0,1.0,3.0,4.0,2.0,3.0,2.0,3.0
359,Phi-3.5-mini,1.0,1.0,1.0,1.0,1.0,1.0,3.0,4.0,3.0,4.0,5.0,3.0
359,Qwen2.5-3B,4.0,5.0,4.0,5.0,5.0,4.0,3.0,4.0,3.0,4.0,3.0,3.0
359,Qwen2.5-7B,4.0,5.0,3.0,5.0,4.0,4.0,3.0,4.0,2.0,5.0,5.0,3.0
360,HingGPT,3.0,2.0,1.0,2.0,1.0,2.0,2.0,3.0,2.0,2.0,1.0,2.0
360,Phi-3.5-mini,1.0,1.0,1.0,1.0,1.0,1.0,3.0,4.0,3.0,4.0,2.0,3.0
360,Qwen2.5-3B,4.0,5.0,4.0,5.0,5.0,4.0,4.0,4.0,3.0,5.0,5.0,4.0
360,Qwen2.5-7B,4.0,4.0,3.0,4.0,5.0,4.0,4.0,4.0,3.0,4.0,5.0,4.0
361,HingGPT,4.0,4.0,3.0,4.0,4.0,4.0,3.0,2.0,3.0,3.0,3.0,3.0
361,Phi-3.5-mini,1.0,1.0,1.0,1.0,1.0,1.0,3.0,4.0,3.0,4.0,3.0,3.0
361,Qwen2.5-3B,3.0,4.0,2.0,3.0,5.0,3.0,3.0,4.0,2.0,4.0,5.0,3.0
361,Qwen2.5-7B,4.0,4.0,3.0,4.0,5.0,4.0,3.0,2.0,2.0,3.0,5.0,3.0
362,HingGPT,3.0,2.0,2.0,3.0,3.0,3.0,3.0,4.0,2.0,3.0,3.0,3.0
362,Phi-3.5-mini,1.0,1.0,1.0,1.0,1.0,1.0,3.0,4.0,3.0,4.0,3.0,3.0
362,Qwen2.5-3B,4.0,5.0,3.0,5.0,5.0,4.0,5.0,5.0,5.0,5.0,5.0,5.0
362,Qwen2.5-7B,4.0,4.0,3.0,4.0,4.0,4.0,4.0,4.0,3.0,4.0,4.0,4.0
363,HingGPT,2.0,2.0,1.0,1.0,3.0,2.0,3.0,2.0,1.0,2.0,3.0,2.0
363,Phi-3.5-mini,1.0,1.0,1.0,1.0,1.0,1.0,4.0,5.0,5.0,5.0,5.0,5.0
363,Qwen2.5-3B,4.0,4.0,3.0,4.0,5.0,4.0,4.0,4.0,4.0,5.0,5.0,4.0
363,Qwen2.5-7B,4.0,5.0,3.0,4.0,5.0,4.0,4.0,3.0,2.0,4.0,5.0,3.0
364,HingGPT,1.0,1.0,1.0,1.0,5.0,1.0,2.0,2.0,2.0,2.0,3.0,2.0
364,Phi-3.5-mini,1.0,1.0,1.0,1.0,1.0,1.0,3.0,4.0,1.0,4.0,1.0,3.0
364,Qwen2.5-3B,4.0,4.0,3.0,4.0,5.0,4.0,2.0,3.0,2.0,3.0,3.0,2.0
364,Qwen2.5-7B,4.0,4.0,4.0,5.0,5.0,4.0,4.0,4.0,4.0,4.0,5.0,4.0
365,HingGPT,2.0,3.0,2.0,1.0,5.0,2.0,3.0,2.0,1.0,2.0,4.0,2.0
365,Phi-3.5-mini,1.0,1.0,1.0,1.0,1.0,1.0,4.0,4.0,3.0,4.0,3.0,4.0
365,Qwen2.5-3B,4.0,4.0,3.0,4.0,5.0,4.0,4.0,4.0,3.0,4.0,5.0,4.0
365,Qwen2.5-7B,4.0,4.0,3.0,4.0,5.0,4.0,4.0,4.0,3.0,4.0,5.0,4.0
366,HingGPT,3.0,3.0,2.0,2.0,4.0,2.0,3.0,2.0,2.0,2.0,3.0,2.0
366,Phi-3.5-mini,1.0,1.0,1.0,1.0,1.0,1.0,3.0,4.0,2.0,3.0,3.0,3.0
366,Qwen2.5-3B,3.0,4.0,2.0,3.0,4.0,3.0,3.0,4.0,3.0,3.0,5.0,3.0
366,Qwen2.5-7B,4.0,4.0,3.0,4.0,5.0,4.0,4.0,4.0,3.0,4.0,5.0,4.0
367,HingGPT,1.0,1.0,1.0,1.0,5.0,1.0,2.0,1.0,1.0,2.0,3.0,2.0
367,Phi-3.5-mini,1.0,1.0,1.0,1.0,1.0,1.0,3.0,4.0,3.0,4.0,3.0,3.0
367,Qwen2.5-3B,4.0,4.0,3.0,3.0,4.0,3.0,3.0,2.0,2.0,1.0,3.0,2.0
367,Qwen2.5-7B,3.0,4.0,2.0,3.0,4.0,3.0,3.0,4.0,2.0,4.0,5.0,3.0
368,HingGPT,4.0,5.0,3.0,5.0,5.0,4.0,2.0,3.0,1.0,1.0,1.0,1.0
368,Phi-3.5-mini,1.0,1.0,1.0,1.0,1.0,1.0,3.0,4.0,3.0,4.0,1.0,3.0
368,Qwen2.5-3B,4.0,5.0,4.0,5.0,5.0,5.0,4.0,4.0,4.0,5.0,5.0,5.0
368,Qwen2.5-7B,4.0,5.0,3.0,5.0,5.0,4.0,3.0,5.0,3.0,5.0,3.0,4.0
369,HingGPT,3.0,4.0,2.0,3.0,4.0,3.0,3.0,2.0,2.0,2.0,3.0,2.0
369,Phi-3.5-mini,1.0,1.0,1.0,1.0,1.0,1.0,4.0,4.0,3.0,4.0,3.0,4.0
369,Qwen2.5-3B,4.0,4.0,3.0,4.0,5.0,4.0,3.0,4.0,3.0,4.0,5.0,3.0
369,Qwen2.5-7B,4.0,4.0,3.0,4.0,5.0,4.0,4.0,4.0,3.0,4.0,5.0,4.0
370,HingGPT,3.0,4.0,2.0,3.0,4.0,3.0,3.0,4.0,3.0,4.0,3.0,3.0
370,Phi-3.5-mini,1.0,1.0,1.0,1.0,1.0,1.0,1.0,1.0,1.0,1.0,1.0,1.0
370,Qwen2.5-3B,4.0,4.0,3.0,4.0,4.0,4.0,4.0,4.0,4.0,5.0,5.0,5.0
370,Qwen2.5-7B,4.0,5.0,4.0,5.0,5.0,5.0,4.0,4.0,4.0,4.0,4.0,4.0
371,HingGPT,1.0,1.0,1.0,1.0,3.0,1.0,3.0,2.0,1.0,2.0,3.0,2.0
371,Phi-3.5-mini,1.0,1.0,1.0,1.0,1.0,1.0,4.0,4.0,3.0,4.0,3.0,3.0
371,Qwen2.5-3B,4.0,4.0,4.0,5.0,4.0,4.0,4.0,4.0,4.0,5.0,5.0,4.0
371,Qwen2.5-7B,4.0,4.0,3.0,4.0,5.0,4.0,4.0,4.0,3.0,4.0,4.0,4.0
372,HingGPT,3.0,3.0,2.0,3.0,2.0,2.0,3.0,4.0,2.0,3.0,3.0,3.0
372,Phi-3.5-mini,1.0,1.0,1.0,1.0,1.0,1.0,3.0,1.0,3.0,1.0,3.0,2.0
372,Qwen2.5-3B,4.0,5.0,3.0,4.0,5.0,4.0,,,,,,
372,Qwen2.5-7B,3.0,3.0,2.0,2.0,5.0,3.0,3.0,3.0,1.0,2.0,3.0,2.0
373,HingGPT,1.0,1.0,1.0,1.0,1.0,1.0,3.0,4.0,2.0,3.0,3.0,3.0
373,Phi-3.5-mini,1.0,1.0,1.0,1.0,1.0,1.0,3.0,4.0,2.0,4.0,3.0,3.0
373,Qwen2.5-3B,4.0,5.0,4.0,5.0,5.0,5.0,4.0,4.0,4.0,5.0,5.0,4.0
373,Qwen2.5-7B,4.0,5.0,3.0,4.0,5.0,4.0,3.0,2.0,1.0,3.0,5.0,3.0
374,HingGPT,4.0,5.0,3.0,5.0,4.0,4.0,2.0,3.0,2.0,3.0,3.0,2.0
374,Phi-3.5-mini,1.0,1.0,1.0,1.0,1.0,1.0,3.0,4.0,3.0,4.0,3.0,3.0
374,Qwen2.5-3B,4.0,5.0,4.0,5.0,5.0,5.0,4.0,4.0,3.0,4.0,5.0,4.0
374,Qwen2.5-7B,3.0,4.0,2.0,2.0,5.0,3.0,2.0,1.0,1.0,1.0,3.0,2.0
375,HingGPT,1.0,1.0,1.0,1.0,1.0,1.0,2.0,2.0,1.0,1.0,1.0,2.0
375,Phi-3.5-mini,1.0,1.0,1.0,1.0,1.0,1.0,3.0,4.0,2.0,4.0,5.0,3.0
375,Qwen2.5-3B,4.0,4.0,4.0,5.0,5.0,4.0,4.0,4.0,3.0,5.0,5.0,4.0
375,Qwen2.5-7B,3.0,3.0,2.0,1.0,3.0,2.0,2.0,1.0,1.0,1.0,1.0,1.0
376,HingGPT,1.0,1.0,1.0,1.0,1.0,1.0,2.0,3.0,2.0,2.0,2.0,2.0
376,Phi-3.5-mini,1.0,1.0,1.0,1.0,1.0,1.0,1.0,1.0,1.0,1.0,1.0,1.0
376,Qwen2.5-3B,4.0,5.0,3.0,4.0,5.0,4.0,3.0,4.0,3.0,3.0,4.0,3.0
376,Qwen2.5-7B,3.0,3.0,2.0,1.0,5.0,2.0,2.0,2.0,2.0,1.0,3.0,2.0
377,HingGPT,1.0,1.0,1.0,1.0,5.0,1.0,1.0,1.0,1.0,1.0,1.0,1.0
377,Phi-3.5-mini,1.0,1.0,1.0,1.0,1.0,1.0,3.0,4.0,3.0,5.0,1.0,3.0
377,Qwen2.5-3B,4.0,5.0,4.0,4.0,5.0,4.0,4.0,4.0,4.0,4.0,5.0,4.0
377,Qwen2.5-7B,3.0,3.0,2.0,1.0,5.0,2.0,3.0,3.0,3.0,2.0,5.0,3.0
378,HingGPT,3.0,4.0,2.0,4.0,3.0,3.0,3.0,4.0,3.0,4.0,4.0,3.0
378,Phi-3.5-mini,1.0,1.0,1.0,1.0,1.0,1.0,3.0,4.0,2.0,3.0,5.0,3.0
378,Qwen2.5-3B,3.0,3.0,2.0,2.0,5.0,3.0,3.0,3.0,1.0,1.0,3.0,2.0
378,Qwen2.5-7B,4.0,5.0,4.0,5.0,5.0,5.0,4.0,5.0,1.0,5.0,5.0,5.0
379,HingGPT,3.0,4.0,2.0,3.0,4.0,3.0,2.0,3.0,2.0,2.0,3.0,2.0
379,Phi-3.5-mini,1.0,1.0,1.0,1.0,1.0,1.0,1.0,1.0,1.0,1.0,1.0,1.0
379,Qwen2.5-3B,4.0,5.0,3.0,5.0,5.0,4.0,4.0,4.0,5.0,5.0,5.0,5.0
379,Qwen2.5-7B,1.0,1.0,1.0,1.0,5.0,1.0,3.0,1.0,1.0,1.0,3.0,2.0
380,HingGPT,2.0,2.0,1.0,1.0,1.0,1.0,2.0,3.0,2.0,2.0,2.0,2.0
380,Phi-3.5-mini,1.0,1.0,1.0,1.0,1.0,1.0,3.0,4.0,3.0,4.0,3.0,3.0
380,Qwen2.5-3B,3.0,4.0,2.0,3.0,4.0,3.0,3.0,4.0,3.0,4.0,4.0,3.0
380,Qwen2.5-7B,3.0,2.0,2.0,1.0,5.0,2.0,2.0,2.0,1.0,2.0,3.0,2.0
381,HingGPT,4.0,5.0,3.0,4.0,5.0,4.0,3.0,4.0,2.0,4.0,3.0,3.0
381,Phi-3.5-mini,1.0,1.0,1.0,1.0,1.0,1.0,3.0,4.0,3.0,5.0,3.0,4.0
381,Qwen2.5-3B,3.0,4.0,2.0,3.0,5.0,3.0,3.0,4.0,1.0,2.0,3.0,3.0
381,Qwen2.5-7B,4.0,5.0,4.0,5.0,5.0,5.0,4.0,4.0,3.0,5.0,5.0,4.0
382,HingGPT,1.0,1.0,1.0,1.0,1.0,1.0,2.0,3.0,1.0,1.0,2.0,2.0
382,Phi-3.5-mini,1.0,1.0,1.0,1.0,1.0,1.0,3.0,4.0,3.0,5.0,3.0,4.0
382,Qwen2.5-3B,4.0,4.0,3.0,4.0,5.0,4.0,3.0,4.0,2.0,3.0,3.0,3.0
382,Qwen2.5-7B,4.0,5.0,3.0,4.0,5.0,4.0,4.0,4.0,3.0,4.0,5.0,4.0
383,HingGPT,1.0,1.0,1.0,1.0,3.0,1.0,2.0,3.0,2.0,2.0,3.0,2.0
383,Phi-3.5-mini,1.0,1.0,1.0,1.0,1.0,1.0,2.0,1.0,1.0,1.0,1.0,1.0
383,Qwen2.5-3B,,,,,,,2.0,3.0,2.0,2.0,3.0,2.0
383,Qwen2.5-7B,3.0,4.0,2.0,1.0,5.0,2.0,2.0,1.0,1.0,1.0,1.0,1.0
384,HingGPT,2.0,3.0,2.0,1.0,5.0,2.0,2.0,2.0,1.0,2.0,3.0,2.0
384,Phi-3.5-mini,1.0,1.0,1.0,1.0,1.0,1.0,3.0,4.0,2.0,3.0,3.0,3.0
384,Qwen2.5-3B,4.0,4.0,3.0,4.0,5.0,4.0,4.0,4.0,3.0,4.0,5.0,4.0
384,Qwen2.5-7B,4.0,5.0,3.0,4.0,5.0,4.0,4.0,4.0,3.0,4.0,5.0,4.0
385,HingGPT,1.0,1.0,1.0,1.0,1.0,1.0,2.0,1.0,1.0,1.0,3.0,2.0
385,Phi-3.5-mini,1.0,1.0,1.0,1.0,1.0,1.0,4.0,5.0,5.0,5.0,5.0,5.0
385,Qwen2.5-3B,1.0,1.0,1.0,1.0,1.0,1.0,1.0,1.0,1.0,1.0,1.0,1.0
385,Qwen2.5-7B,3.0,3.0,2.0,2.0,5.0,2.0,3.0,2.0,2.0,2.0,5.0,2.0
386,HingGPT,1.0,1.0,1.0,1.0,1.0,1.0,3.0,4.0,2.0,3.0,2.0,3.0
386,Phi-3.5-mini,1.0,1.0,1.0,1.0,1.0,1.0,1.0,2.0,1.0,1.0,1.0,1.0
386,Qwen2.5-3B,4.0,3.0,3.0,4.0,4.0,3.0,3.0,4.0,3.0,3.0,3.0,3.0
386,Qwen2.5-7B,3.0,4.0,3.0,3.0,5.0,3.0,3.0,4.0,2.0,3.0,5.0,3.0
387,HingGPT,2.0,3.0,2.0,1.0,3.0,2.0,2.0,2.0,2.0,2.0,3.0,2.0
387,Phi-3.5-mini,1.0,1.0,1.0,1.0,1.0,1.0,3.0,4.0,3.0,4.0,3.0,3.0
387,Qwen2.5-3B,1.0,1.0,1.0,1.0,5.0,1.0,1.0,1.0,1.0,1.0,1.0,1.0
387,Qwen2.5-7B,4.0,4.0,3.0,4.0,5.0,4.0,3.0,4.0,2.0,4.0,5.0,3.0
388,HingGPT,1.0,1.0,1.0,1.0,5.0,1.0,1.0,2.0,1.0,1.0,1.0,1.0
388,Phi-3.5-mini,1.0,1.0,1.0,1.0,1.0,1.0,2.0,1.0,1.0,1.0,1.0,1.0
388,Qwen2.5-3B,4.0,4.0,4.0,5.0,5.0,4.0,4.0,4.0,4.0,5.0,5.0,4.0
388,Qwen2.5-7B,3.0,3.0,2.0,1.0,3.0,2.0,2.0,1.0,1.0,1.0,1.0,1.0
389,HingGPT,3.0,4.0,2.0,3.0,4.0,3.0,3.0,4.0,2.0,2.0,3.0,3.0
389,Phi-3.5-mini,1.0,1.0,1.0,1.0,1.0,1.0,2.0,2.0,1.0,1.0,1.0,1.0
389,Qwen2.5-3B,4.0,5.0,3.0,5.0,5.0,4.0,4.0,4.0,5.0,5.0,5.0,5.0
389,Qwen2.5-7B,4.0,5.0,3.0,4.0,5.0,4.0,3.0,2.0,2.0,1.0,3.0,2.0
390,HingGPT,3.0,2.0,2.0,3.0,2.0,2.0,2.0,3.0,2.0,3.0,2.0,2.0
390,Phi-3.5-mini,1.0,1.0,1.0,1.0,1.0,1.0,3.0,4.0,3.0,4.0,3.0,3.0
390,Qwen2.5-3B,3.0,2.0,2.0,1.0,5.0,2.0,3.0,2.0,1.0,1.0,3.0,2.0
390,Qwen2.5-7B,3.0,4.0,3.0,3.0,5.0,3.0,3.0,2.0,1.0,1.0,5.0,2.0
391,HingGPT,2.0,3.0,2.0,1.0,3.0,2.0,3.0,4.0,2.0,2.0,3.0,3.0
391,Phi-3.5-mini,1.0,1.0,1.0,1.0,1.0,1.0,2.0,2.0,2.0,2.0,2.0,2.0
391,Qwen2.5-3B,4.0,5.0,3.0,4.0,5.0,4.0,4.0,4.0,3.0,4.0,5.0,4.0
391,Qwen2.5-7B,4.0,4.0,3.0,4.0,5.0,4.0,4.0,4.0,3.0,4.0,5.0,4.0
392,HingGPT,1.0,1.0,1.0,1.0,5.0,1.0,2.0,1.0,1.0,2.0,3.0,2.0
392,Phi-3.5-mini,1.0,1.0,1.0,1.0,1.0,1.0,4.0,4.0,3.0,4.0,5.0,4.0
392,Qwen2.5-3B,4.0,4.0,3.0,4.0,5.0,4.0,4.0,3.0,2.0,4.0,5.0,3.0
392,Qwen2.5-7B,4.0,4.0,3.0,4.0,5.0,4.0,3.0,4.0,2.0,3.0,5.0,3.0
393,HingGPT,3.0,4.0,2.0,3.0,4.0,3.0,2.0,2.0,1.0,2.0,3.0,2.0
393,Phi-3.5-mini,1.0,1.0,1.0,1.0,1.0,1.0,4.0,5.0,5.0,5.0,5.0,5.0
393,Qwen2.5-3B,4.0,5.0,3.0,5.0,5.0,4.0,5.0,5.0,3.0,5.0,5.0,4.0
393,Qwen2.5-7B,3.0,3.0,2.0,2.0,5.0,2.0,3.0,2.0,1.0,1.0,3.0,2.0
394,HingGPT,3.0,4.0,2.0,3.0,5.0,3.0,3.0,2.0,1.0,2.0,3.0,2.0
394,Phi-3.5-mini,1.0,1.0,1.0,1.0,1.0,1.0,1.0,1.0,1.0,1.0,1.0,1.0
394,Qwen2.5-3B,4.0,4.0,3.0,4.0,4.0,4.0,4.0,4.0,3.0,5.0,4.0,4.0
394,Qwen2.5-7B,4.0,5.0,4.0,5.0,5.0,4.0,4.0,4.0,3.0,4.0,5.0,4.0
395,HingGPT,1.0,1.0,1.0,1.0,1.0,1.0,2.0,3.0,2.0,2.0,2.0,2.0
395,Phi-3.5-mini,1.0,1.0,1.0,1.0,1.0,1.0,3.0,4.0,3.0,4.0,5.0,3.0
395,Qwen2.5-3B,4.0,4.0,3.0,4.0,4.0,4.0,4.0,4.0,3.0,4.0,4.0,4.0
395,Qwen2.5-7B,4.0,4.0,3.0,4.0,4.0,4.0,2.0,3.0,2.0,3.0,3.0,2.0
396,HingGPT,1.0,1.0,1.0,1.0,1.0,1.0,3.0,4.0,2.0,3.0,3.0,3.0
396,Phi-3.5-mini,1.0,1.0,1.0,1.0,1.0,1.0,3.0,4.0,3.0,4.0,3.0,3.0
396,Qwen2.5-3B,3.0,2.0,2.0,1.0,5.0,2.0,3.0,2.0,1.0,1.0,4.0,2.0
396,Qwen2.5-7B,1.0,1.0,1.0,1.0,5.0,1.0,2.0,2.0,1.0,1.0,1.0,2.0
397,HingGPT,1.0,1.0,1.0,1.0,5.0,1.0,3.0,4.0,2.0,2.0,3.0,3.0
397,Phi-3.5-mini,1.0,1.0,1.0,1.0,1.0,1.0,3.0,3.0,3.0,5.0,5.0,4.0
397,Qwen2.5-3B,5.0,5.0,5.0,5.0,5.0,5.0,5.0,5.0,5.0,5.0,5.0,5.0
397,Qwen2.5-7B,4.0,4.0,3.0,4.0,5.0,4.0,4.0,4.0,3.0,4.0,5.0,4.0
398,HingGPT,1.0,1.0,1.0,1.0,1.0,1.0,2.0,3.0,2.0,2.0,2.0,2.0
398,Phi-3.5-mini,1.0,1.0,1.0,1.0,1.0,1.0,3.0,4.0,3.0,4.0,3.0,3.0
398,Qwen2.5-3B,1.0,1.0,1.0,1.0,1.0,1.0,2.0,3.0,1.0,2.0,3.0,2.0
398,Qwen2.5-7B,1.0,1.0,1.0,1.0,5.0,1.0,3.0,1.0,1.0,1.0,3.0,1.0
399,HingGPT,2.0,3.0,2.0,2.0,3.0,2.0,2.0,3.0,2.0,2.0,3.0,2.0
399,Phi-3.5-mini,1.0,1.0,1.0,1.0,1.0,1.0,3.0,3.0,1.0,3.0,5.0,3.0
399,Qwen2.5-3B,3.0,4.0,2.0,3.0,4.0,3.0,3.0,3.0,2.0,3.0,3.0,3.0
399,Qwen2.5-7B,4.0,4.0,3.0,4.0,5.0,4.0,5.0,5.0,5.0,5.0,5.0,5.0
400,HingGPT,1.0,1.0,1.0,1.0,5.0,1.0,3.0,2.0,1.0,1.0,3.0,2.0
400,Phi-3.5-mini,1.0,1.0,1.0,1.0,1.0,1.0,3.0,4.0,3.0,2.0,5.0,3.0
400,Qwen2.5-3B,4.0,4.0,3.0,4.0,5.0,4.0,4.0,4.0,2.0,4.0,5.0,3.0
400,Qwen2.5-7B,4.0,3.0,2.0,3.0,4.0,3.0,3.0,4.0,2.0,3.0,5.0,3.0
401,HingGPT,3.0,2.0,2.0,3.0,3.0,3.0,2.0,3.0,2.0,3.0,2.0,2.0
401,Phi-3.5-mini,1.0,1.0,1.0,1.0,1.0,1.0,3.0,4.0,3.0,4.0,2.0,3.0
401,Qwen2.5-3B,4.0,5.0,3.0,5.0,4.0,4.0,4.0,4.0,3.0,5.0,5.0,4.0
401,Qwen2.5-7B,4.0,5.0,4.0,5.0,5.0,5.0,4.0,4.0,3.0,5.0,3.0,4.0
402,HingGPT,1.0,1.0,1.0,1.0,1.0,1.0,2.0,3.0,2.0,3.0,2.0,2.0
402,Phi-3.5-mini,1.0,1.0,1.0,1.0,1.0,1.0,3.0,4.0,3.0,4.0,1.0,3.0
402,Qwen2.5-3B,4.0,5.0,4.0,5.0,5.0,4.0,4.0,4.0,4.0,5.0,5.0,4.0
402,Qwen2.5-7B,1.0,1.0,1.0,1.0,5.0,1.0,1.0,1.0,1.0,1.0,1.0,1.0
403,HingGPT,3.0,3.0,2.0,2.0,3.0,2.0,2.0,3.0,2.0,3.0,3.0,2.0
403,Phi-3.5-mini,1.0,1.0,1.0,1.0,1.0,1.0,3.0,4.0,2.0,4.0,3.0,3.0
403,Qwen2.5-3B,2.0,3.0,1.0,1.0,3.0,2.0,3.0,4.0,3.0,2.0,3.0,3.0
403,Qwen2.5-7B,4.0,4.0,4.0,5.0,5.0,4.0,4.0,4.0,4.0,5.0,5.0,4.0
404,HingGPT,3.0,2.0,2.0,2.0,3.0,2.0,3.0,4.0,2.0,3.0,3.0,3.0
404,Phi-3.5-mini,1.0,1.0,1.0,1.0,1.0,1.0,2.0,2.0,2.0,2.0,3.0,2.0
404,Qwen2.5-3B,1.0,1.0,1.0,1.0,5.0,1.0,3.0,1.0,1.0,1.0,5.0,2.0
404,Qwen2.5-7B,1.0,1.0,1.0,1.0,5.0,1.0,2.0,1.0,1.0,1.0,3.0,2.0
405,HingGPT,3.0,3.0,2.0,2.0,3.0,2.0,3.0,4.0,2.0,3.0,2.0,3.0
405,Phi-3.5-mini,1.0,1.0,1.0,1.0,1.0,1.0,3.0,4.0,2.0,3.0,1.0,2.0
405,Qwen2.5-3B,4.0,5.0,3.0,4.0,5.0,4.0,3.0,4.0,2.0,3.0,5.0,3.0
405,Qwen2.5-7B,4.0,5.0,4.0,5.0,5.0,4.0,3.0,4.0,2.0,4.0,5.0,3.0
406,HingGPT,2.0,3.0,2.0,1.0,3.0,2.0,3.0,4.0,2.0,2.0,3.0,3.0
406,Phi-3.5-mini,1.0,1.0,1.0,1.0,1.0,1.0,3.0,4.0,3.0,5.0,2.0,3.0
406,Qwen2.5-3B,4.0,5.0,4.0,5.0,5.0,5.0,4.0,4.0,4.0,5.0,5.0,5.0
406,Qwen2.5-7B,3.0,4.0,3.0,4.0,5.0,4.0,3.0,2.0,2.0,1.0,5.0,2.0
407,HingGPT,3.0,4.0,2.0,3.0,4.0,3.0,2.0,3.0,2.0,2.0,2.0,2.0
407,Phi-3.5-mini,1.0,1.0,1.0,1.0,1.0,1.0,4.0,5.0,5.0,5.0,5.0,5.0
407,Qwen2.5-3B,4.0,5.0,4.0,5.0,5.0,4.0,4.0,5.0,5.0,5.0,5.0,5.0
407,Qwen2.5-7B,3.0,4.0,2.0,1.0,5.0,2.0,2.0,1.0,2.0,1.0,3.0,2.0
408,HingGPT,1.0,1.0,1.0,1.0,1.0,1.0,2.0,3.0,1.0,2.0,2.0,2.0
408,Phi-3.5-mini,1.0,1.0,1.0,1.0,1.0,1.0,3.0,2.0,2.0,2.0,3.0,2.0
408,Qwen2.5-3B,4.0,4.0,3.0,4.0,5.0,4.0,4.0,4.0,1.0,4.0,5.0,4.0
408,Qwen2.5-7B,1.0,1.0,1.0,1.0,5.0,1.0,2.0,1.0,2.0,1.0,5.0,2.0
409,HingGPT,2.0,3.0,2.0,1.0,3.0,2.0,2.0,2.0,1.0,2.0,2.0,2.0
409,Phi-3.5-mini,1.0,1.0,1.0,1.0,1.0,1.0,5.0,5.0,5.0,5.0,5.0,5.0
409,Qwen2.5-3B,1.0,1.0,1.0,1.0,5.0,1.0,1.0,2.0,1.0,1.0,3.0,1.0
409,Qwen2.5-7B,1.0,1.0,1.0,1.0,5.0,1.0,2.0,1.0,2.0,1.0,5.0,2.0
410,HingGPT,1.0,1.0,1.0,1.0,1.0,1.0,2.0,3.0,2.0,2.0,2.0,2.0
410,Phi-3.5-mini,1.0,1.0,1.0,1.0,1.0,1.0,3.0,4.0,3.0,2.0,3.0,3.0
410,Qwen2.5-3B,4.0,5.0,3.0,5.0,4.0,4.0,4.0,4.0,4.0,5.0,5.0,4.0
410,Qwen2.5-7B,4.0,4.0,3.0,4.0,5.0,4.0,4.0,4.0,3.0,5.0,5.0,4.0
411,HingGPT,1.0,1.0,1.0,1.0,1.0,1.0,2.0,2.0,2.0,2.0,2.0,2.0
411,Phi-3.5-mini,1.0,1.0,1.0,1.0,1.0,1.0,4.0,4.0,3.0,4.0,3.0,4.0
411,Qwen2.5-3B,4.0,4.0,3.0,4.0,5.0,4.0,3.0,4.0,3.0,3.0,3.0,3.0
411,Qwen2.5-7B,3.0,4.0,2.0,2.0,3.0,3.0,2.0,2.0,2.0,2.0,3.0,2.0
412,HingGPT,1.0,1.0,1.0,1.0,3.0,1.0,2.0,2.0,2.0,2.0,3.0,2.0
412,Phi-3.5-mini,1.0,1.0,1.0,1.0,1.0,1.0,2.0,3.0,2.0,3.0,1.0,2.0
412,Qwen2.5-3B,4.0,5.0,4.0,5.0,5.0,4.0,4.0,4.0,3.0,4.0,4.0,4.0
412,Qwen2.5-7B,4.0,4.0,3.0,4.0,4.0,4.0,4.0,4.0,3.0,4.0,3.0,4.0
413,HingGPT,1.0,1.0,1.0,1.0,1.0,1.0,2.0,2.0,1.0,1.0,1.0,2.0
413,Phi-3.5-mini,1.0,1.0,1.0,1.0,1.0,1.0,3.0,4.0,3.0,3.0,5.0,3.0
413,Qwen2.5-3B,4.0,5.0,4.0,5.0,5.0,5.0,4.0,4.0,4.0,5.0,5.0,4.0
413,Qwen2.5-7B,3.0,3.0,2.0,1.0,5.0,2.0,2.0,1.0,2.0,1.0,5.0,2.0
414,HingGPT,3.0,4.0,2.0,2.0,3.0,3.0,3.0,4.0,2.0,3.0,4.0,3.0
414,Phi-3.5-mini,1.0,1.0,1.0,1.0,1.0,1.0,1.0,1.0,1.0,1.0,1.0,1.0
414,Qwen2.5-3B,4.0,4.0,3.0,4.0,4.0,4.0,4.0,4.0,4.0,4.0,5.0,4.0
414,Qwen2.5-7B,4.0,4.0,3.0,4.0,5.0,4.0,4.0,4.0,3.0,4.0,5.0,4.0
415,HingGPT,3.0,3.0,2.0,2.0,4.0,3.0,3.0,2.0,1.0,3.0,3.0,2.0
415,Phi-3.5-mini,1.0,1.0,1.0,1.0,1.0,1.0,3.0,4.0,2.0,3.0,1.0,2.0
415,Qwen2.5-3B,4.0,5.0,3.0,5.0,4.0,4.0,4.0,4.0,3.0,4.0,4.0,4.0
415,Qwen2.5-7B,1.0,1.0,1.0,1.0,1.0,1.0,3.0,4.0,3.0,4.0,3.0,3.0
416,HingGPT,2.0,2.0,1.0,1.0,3.0,2.0,2.0,2.0,1.0,2.0,3.0,2.0
416,Phi-3.5-mini,1.0,1.0,1.0,1.0,1.0,1.0,3.0,4.0,3.0,4.0,2.0,3.0
416,Qwen2.5-3B,3.0,3.0,2.0,1.0,5.0,2.0,3.0,2.0,1.0,1.0,5.0,2.0
416,Qwen2.5-7B,1.0,1.0,1.0,1.0,1.0,1.0,1.0,1.0,1.0,1.0,1.0,1.0
417,HingGPT,3.0,4.0,2.0,2.0,3.0,3.0,2.0,2.0,1.0,2.0,2.0,2.0
417,Phi-3.5-mini,1.0,1.0,1.0,1.0,1.0,1.0,4.0,4.0,3.0,4.0,3.0,4.0
417,Qwen2.5-3B,4.0,4.0,4.0,5.0,5.0,4.0,4.0,4.0,4.0,5.0,5.0,5.0
417,Qwen2.5-7B,4.0,4.0,3.0,4.0,4.0,4.0,4.0,4.0,3.0,5.0,5.0,4.0
418,HingGPT,3.0,2.0,2.0,3.0,3.0,3.0,2.0,3.0,2.0,3.0,2.0,2.0
418,Phi-3.5-mini,1.0,1.0,1.0,1.0,1.0,1.0,1.0,1.0,1.0,1.0,1.0,1.0
418,Qwen2.5-3B,5.0,5.0,5.0,5.0,5.0,5.0,4.0,5.0,5.0,5.0,5.0,5.0
418,Qwen2.5-7B,4.0,5.0,3.0,4.0,5.0,4.0,4.0,5.0,5.0,5.0,5.0,5.0
419,HingGPT,3.0,3.0,2.0,2.0,4.0,3.0,2.0,3.0,2.0,3.0,3.0,2.0
419,Phi-3.5-mini,1.0,1.0,1.0,1.0,1.0,1.0,3.0,2.0,1.0,1.0,3.0,2.0
419,Qwen2.5-3B,4.0,5.0,3.0,4.0,5.0,4.0,4.0,4.0,4.0,4.0,5.0,4.0
419,Qwen2.5-7B,4.0,5.0,4.0,5.0,5.0,4.0,4.0,4.0,4.0,5.0,5.0,5.0
420,HingGPT,1.0,1.0,1.0,1.0,1.0,1.0,1.0,2.0,1.0,1.0,1.0,1.0
420,Phi-3.5-mini,1.0,1.0,1.0,1.0,1.0,1.0,3.0,4.0,3.0,4.0,5.0,3.0
420,Qwen2.5-3B,4.0,5.0,3.0,5.0,5.0,4.0,5.0,5.0,5.0,5.0,5.0,5.0
420,Qwen2.5-7B,4.0,4.0,3.0,4.0,5.0,4.0,3.0,4.0,2.0,3.0,3.0,3.0
421,HingGPT,3.0,3.0,2.0,2.0,4.0,2.0,2.0,2.0,2.0,2.0,3.0,2.0
421,Phi-3.5-mini,1.0,1.0,1.0,1.0,1.0,1.0,3.0,4.0,3.0,4.0,3.0,3.0
421,Qwen2.5-3B,4.0,4.0,4.0,5.0,5.0,4.0,4.0,4.0,3.0,4.0,4.0,4.0
421,Qwen2.5-7B,3.0,3.0,2.0,2.0,3.0,2.0,3.0,4.0,3.0,3.0,3.0,3.0
422,HingGPT,1.0,1.0,1.0,1.0,1.0,1.0,2.0,2.0,1.0,1.0,1.0,2.0
422,Phi-3.5-mini,1.0,1.0,1.0,1.0,1.0,1.0,3.0,4.0,2.0,3.0,3.0,3.0
422,Qwen2.5-3B,4.0,4.0,4.0,5.0,5.0,4.0,3.0,3.0,3.0,3.0,5.0,3.0
422,Qwen2.5-7B,3.0,4.0,2.0,3.0,5.0,3.0,2.0,2.0,1.0,1.0,3.0,2.0
423,HingGPT,3.0,4.0,2.0,2.0,3.0,3.0,2.0,2.0,1.0,2.0,3.0,2.0
423,Phi-3.5-mini,1.0,1.0,1.0,1.0,1.0,1.0,3.0,4.0,3.0,4.0,5.0,3.0
423,Qwen2.5-3B,4.0,5.0,3.0,5.0,5.0,4.0,4.0,5.0,2.0,5.0,5.0,4.0
423,Qwen2.5-7B,4.0,5.0,3.0,3.0,5.0,4.0,2.0,2.0,1.0,1.0,1.0,1.0
424,HingGPT,1.0,1.0,1.0,1.0,1.0,1.0,1.0,1.0,1.0,1.0,1.0,1.0
424,Phi-3.5-mini,1.0,1.0,1.0,1.0,1.0,1.0,3.0,4.0,3.0,4.0,2.0,3.0
424,Qwen2.5-3B,4.0,5.0,3.0,5.0,4.0,4.0,4.0,4.0,3.0,4.0,5.0,4.0
424,Qwen2.5-7B,4.0,4.0,3.0,4.0,5.0,4.0,4.0,4.0,3.0,4.0,5.0,4.0
425,HingGPT,3.0,4.0,2.0,3.0,4.0,3.0,3.0,2.0,2.0,2.0,3.0,2.0
425,Phi-3.5-mini,1.0,1.0,1.0,1.0,1.0,1.0,2.0,2.0,1.0,1.0,1.0,1.0
425,Qwen2.5-3B,3.0,4.0,3.0,4.0,5.0,4.0,4.0,4.0,1.0,3.0,5.0,3.0
425,Qwen2.5-7B,4.0,5.0,4.0,5.0,5.0,4.0,4.0,4.0,4.0,5.0,5.0,4.0
426,HingGPT,1.0,1.0,1.0,1.0,1.0,1.0,2.0,1.0,1.0,1.0,1.0,1.0
426,Phi-3.5-mini,1.0,1.0,1.0,1.0,1.0,1.0,4.0,4.0,4.0,5.0,5.0,4.0
426,Qwen2.5-3B,4.0,5.0,4.0,5.0,5.0,5.0,4.0,4.0,4.0,5.0,5.0,5.0
426,Qwen2.5-7B,3.0,3.0,2.0,2.0,5.0,3.0,3.0,2.0,2.0,2.0,5.0,3.0
427,HingGPT,1.0,1.0,1.0,1.0,1.0,1.0,2.0,2.0,1.0,1.0,1.0,2.0
427,Phi-3.5-mini,1.0,1.0,1.0,1.0,1.0,1.0,3.0,4.0,3.0,4.0,5.0,3.0
427,Qwen2.5-3B,4.0,5.0,3.0,5.0,5.0,4.0,4.0,4.0,3.0,5.0,5.0,4.0
427,Qwen2.5-7B,3.0,4.0,2.0,3.0,4.0,3.0,2.0,2.0,2.0,1.0,3.0,2.0
428,HingGPT,3.0,4.0,2.0,2.0,3.0,3.0,3.0,4.0,2.0,3.0,4.0,3.0
428,Phi-3.5-mini,1.0,1.0,1.0,1.0,1.0,1.0,1.0,1.0,1.0,1.0,1.0,1.0
428,Qwen2.5-3B,4.0,5.0,4.0,5.0,5.0,5.0,3.0,4.0,3.0,4.0,5.0,3.0
428,Qwen2.5-7B,1.0,1.0,1.0,1.0,5.0,1.0,2.0,1.0,1.0,2.0,5.0,2.0
429,HingGPT,3.0,2.0,2.0,2.0,3.0,2.0,3.0,4.0,2.0,3.0,3.0,3.0
429,Phi-3.5-mini,1.0,1.0,1.0,1.0,1.0,1.0,4.0,5.0,5.0,5.0,5.0,5.0
429,Qwen2.5-3B,4.0,4.0,3.0,4.0,5.0,4.0,4.0,4.0,2.0,4.0,5.0,3.0
429,Qwen2.5-7B,3.0,4.0,3.0,4.0,5.0,4.0,3.0,2.0,1.0,2.0,5.0,2.0
430,HingGPT,1.0,1.0,1.0,1.0,5.0,1.0,2.0,3.0,1.0,2.0,3.0,2.0
430,Phi-3.5-mini,1.0,1.0,1.0,1.0,1.0,1.0,3.0,4.0,3.0,4.0,5.0,3.0
430,Qwen2.5-3B,4.0,5.0,3.0,4.0,5.0,4.0,4.0,4.0,5.0,5.0,5.0,5.0
430,Qwen2.5-7B,3.0,4.0,2.0,3.0,5.0,3.0,4.0,5.0,3.0,5.0,5.0,4.0
431,HingGPT,1.0,1.0,1.0,1.0,1.0,1.0,2.0,2.0,2.0,2.0,2.0,2.0
431,Phi-3.5-mini,1.0,1.0,1.0,1.0,1.0,1.0,2.0,1.0,1.0,2.0,3.0,2.0
431,Qwen2.5-3B,4.0,4.0,3.0,4.0,5.0,4.0,4.0,4.0,3.0,5.0,5.0,4.0
431,Qwen2.5-7B,4.0,4.0,3.0,4.0,5.0,4.0,3.0,4.0,3.0,4.0,5.0,4.0
432,HingGPT,1.0,1.0,1.0,1.0,1.0,1.0,3.0,3.0,3.0,3.0,3.0,3.0
432,Phi-3.5-mini,1.0,1.0,1.0,1.0,1.0,1.0,1.0,1.0,1.0,1.0,1.0,1.0
432,Qwen2.5-3B,3.0,4.0,3.0,4.0,5.0,4.0,3.0,2.0,1.0,2.0,4.0,2.0
432,Qwen2.5-7B,3.0,4.0,2.0,2.0,5.0,3.0,2.0,2.0,2.0,2.0,3.0,2.0
433,HingGPT,1.0,1.0,1.0,1.0,1.0,1.0,2.0,2.0,1.0,1.0,1.0,1.0
433,Phi-3.5-mini,1.0,1.0,1.0,1.0,1.0,1.0,3.0,4.0,2.0,3.0,5.0,3.0
433,Qwen2.5-3B,4.0,5.0,4.0,5.0,5.0,4.0,4.0,4.0,4.0,5.0,5.0,4.0
433,Qwen2.5-7B,3.0,4.0,2.0,1.0,5.0,2.0,2.0,2.0,1.0,1.0,3.0,2.0
434,HingGPT,3.0,4.0,2.0,3.0,4.0,3.0,2.0,3.0,1.0,2.0,3.0,2.0
434,Phi-3.5-mini,1.0,1.0,1.0,1.0,1.0,1.0,2.0,3.0,2.0,3.0,1.0,2.0
434,Qwen2.5-3B,4.0,5.0,4.0,5.0,4.0,4.0,3.0,4.0,3.0,2.0,3.0,3.0
434,Qwen2.5-7B,3.0,4.0,3.0,2.0,5.0,3.0,3.0,2.0,1.0,1.0,5.0,2.0
435,HingGPT,3.0,4.0,2.0,3.0,4.0,3.0,3.0,4.0,2.0,3.0,3.0,3.0
435,Phi-3.5-mini,1.0,1.0,1.0,1.0,1.0,1.0,3.0,4.0,2.0,3.0,3.0,3.0
435,Qwen2.5-3B,1.0,1.0,1.0,1.0,5.0,1.0,3.0,3.0,1.0,1.0,3.0,2.0
435,Qwen2.5-7B,3.0,4.0,2.0,2.0,3.0,3.0,3.0,4.0,2.0,2.0,3.0,3.0
436,HingGPT,1.0,1.0,1.0,1.0,1.0,1.0,2.0,2.0,1.0,1.0,1.0,2.0
436,Phi-3.5-mini,1.0,1.0,1.0,1.0,1.0,1.0,2.0,2.0,1.0,1.0,1.0,1.0
436,Qwen2.5-3B,3.0,3.0,3.0,2.0,5.0,3.0,3.0,1.0,1.0,1.0,5.0,2.0
436,Qwen2.5-7B,1.0,1.0,1.0,1.0,1.0,1.0,3.0,5.0,1.0,1.0,1.0,2.0
437,HingGPT,2.0,3.0,2.0,2.0,3.0,2.0,3.0,4.0,2.0,3.0,3.0,3.0
437,Phi-3.5-mini,1.0,1.0,1.0,1.0,1.0,1.0,2.0,3.0,2.0,2.0,3.0,2.0
437,Qwen2.5-3B,3.0,4.0,2.0,3.0,5.0,3.0,1.0,1.0,1.0,1.0,1.0,1.0
437,Qwen2.5-7B,3.0,4.0,2.0,2.0,3.0,3.0,3.0,4.0,3.0,2.0,3.0,3.0
438,HingGPT,2.0,3.0,2.0,1.0,3.0,2.0,2.0,2.0,1.0,1.0,3.0,2.0
438,Phi-3.5-mini,1.0,1.0,1.0,1.0,1.0,1.0,3.0,4.0,3.0,4.0,5.0,4.0
438,Qwen2.5-3B,4.0,5.0,3.0,5.0,4.0,4.0,4.0,4.0,4.0,5.0,5.0,5.0
438,Qwen2.5-7B,4.0,5.0,3.0,5.0,5.0,4.0,3.0,4.0,3.0,4.0,5.0,4.0
439,HingGPT,1.0,1.0,1.0,1.0,1.0,1.0,2.0,2.0,1.0,1.0,1.0,2.0
439,Phi-3.5-mini,1.0,1.0,1.0,1.0,1.0,1.0,5.0,5.0,5.0,5.0,5.0,5.0
439,Qwen2.5-3B,1.0,1.0,1.0,1.0,1.0,1.0,1.0,1.0,1.0,1.0,1.0,1.0
439,Qwen2.5-7B,3.0,4.0,2.0,2.0,5.0,3.0,2.0,2.0,1.0,1.0,3.0,2.0
440,HingGPT,3.0,4.0,2.0,1.0,3.0,2.0,2.0,2.0,2.0,2.0,3.0,2.0
440,Phi-3.5-mini,1.0,1.0,1.0,1.0,1.0,1.0,2.0,3.0,2.0,4.0,3.0,3.0
440,Qwen2.5-3B,4.0,4.0,3.0,4.0,5.0,4.0,3.0,2.0,2.0,3.0,4.0,3.0
440,Qwen2.5-7B,4.0,4.0,3.0,4.0,5.0,4.0,4.0,4.0,3.0,4.0,5.0,4.0
441,HingGPT,1.0,1.0,1.0,1.0,1.0,1.0,1.0,1.0,1.0,1.0,1.0,1.0
441,Phi-3.5-mini,1.0,1.0,1.0,1.0,1.0,1.0,4.0,4.0,3.0,5.0,5.0,4.0
441,Qwen2.5-3B,4.0,4.0,3.0,4.0,5.0,4.0,3.0,4.0,3.0,4.0,5.0,4.0
441,Qwen2.5-7B,3.0,3.0,2.0,2.0,5.0,2.0,3.0,2.0,1.0,2.0,5.0,2.0
442,HingGPT,1.0,1.0,1.0,1.0,1.0,1.0,2.0,2.0,1.0,1.0,1.0,2.0
442,Phi-3.5-mini,1.0,1.0,1.0,1.0,1.0,1.0,3.0,4.0,3.0,5.0,5.0,4.0
442,Qwen2.5-3B,1.0,1.0,1.0,1.0,1.0,1.0,1.0,1.0,1.0,1.0,1.0,1.0
442,Qwen2.5-7B,3.0,4.0,2.0,3.0,5.0,3.0,3.0,3.0,2.0,2.0,5.0,3.0
443,HingGPT,1.0,1.0,1.0,1.0,5.0,1.0,2.0,2.0,1.0,1.0,1.0,1.0
443,Phi-3.5-mini,1.0,1.0,1.0,1.0,1.0,1.0,3.0,4.0,3.0,4.0,3.0,3.0
443,Qwen2.5-3B,4.0,5.0,4.0,5.0,5.0,4.0,4.0,4.0,4.0,5.0,5.0,5.0
443,Qwen2.5-7B,3.0,4.0,2.0,2.0,5.0,3.0,2.0,1.0,1.0,1.0,3.0,2.0
444,HingGPT,1.0,1.0,1.0,1.0,1.0,1.0,2.0,3.0,2.0,2.0,2.0,2.0
444,Phi-3.5-mini,1.0,1.0,1.0,1.0,1.0,1.0,1.0,1.0,1.0,1.0,1.0,1.0
444,Qwen2.5-3B,1.0,1.0,1.0,1.0,5.0,1.0,1.0,1.0,1.0,1.0,1.0,1.0
444,Qwen2.5-7B,1.0,1.0,1.0,1.0,5.0,1.0,2.0,1.0,1.0,1.0,3.0,2.0
445,HingGPT,1.0,1.0,1.0,1.0,1.0,1.0,2.0,3.0,2.0,3.0,2.0,2.0
445,Phi-3.5-mini,1.0,1.0,1.0,1.0,1.0,1.0,4.0,4.0,3.0,4.0,3.0,4.0
445,Qwen2.5-3B,4.0,5.0,4.0,5.0,5.0,4.0,4.0,4.0,4.0,4.0,5.0,4.0
445,Qwen2.5-7B,2.0,3.0,2.0,1.0,5.0,2.0,3.0,2.0,1.0,2.0,3.0,2.0
446,HingGPT,3.0,4.0,2.0,3.0,4.0,3.0,3.0,4.0,2.0,3.0,3.0,3.0
446,Phi-3.5-mini,1.0,1.0,1.0,1.0,1.0,1.0,3.0,4.0,3.0,4.0,3.0,3.0
446,Qwen2.5-3B,3.0,4.0,2.0,1.0,5.0,2.0,3.0,4.0,2.0,3.0,5.0,3.0
446,Qwen2.5-7B,3.0,4.0,2.0,1.0,5.0,2.0,3.0,4.0,2.0,2.0,5.0,3.0
447,HingGPT,1.0,1.0,1.0,1.0,1.0,1.0,2.0,2.0,1.0,1.0,1.0,2.0
447,Phi-3.5-mini,1.0,1.0,1.0,1.0,1.0,1.0,3.0,4.0,3.0,4.0,3.0,3.0
447,Qwen2.5-3B,3.0,4.0,3.0,4.0,5.0,4.0,3.0,2.0,1.0,1.0,5.0,2.0
447,Qwen2.5-7B,1.0,1.0,1.0,1.0,5.0,1.0,2.0,1.0,2.0,1.0,5.0,2.0
448,HingGPT,2.0,3.0,2.0,1.0,3.0,2.0,1.0,1.0,1.0,1.0,1.0,1.0
448,Phi-3.5-mini,1.0,1.0,1.0,1.0,1.0,1.0,3.0,4.0,3.0,4.0,3.0,3.0
448,Qwen2.5-3B,4.0,4.0,3.0,4.0,5.0,4.0,3.0,4.0,2.0,3.0,4.0,3.0
448,Qwen2.5-7B,3.0,4.0,2.0,1.0,5.0,2.0,2.0,1.0,1.0,1.0,1.0,1.0
449,HingGPT,1.0,1.0,1.0,1.0,1.0,1.0,2.0,3.0,1.0,2.0,2.0,2.0
449,Phi-3.5-mini,1.0,1.0,1.0,1.0,1.0,1.0,3.0,4.0,3.0,4.0,1.0,3.0
449,Qwen2.5-3B,4.0,5.0,3.0,5.0,5.0,4.0,3.0,4.0,2.0,3.0,5.0,3.0
449,Qwen2.5-7B,1.0,1.0,1.0,1.0,5.0,1.0,1.0,1.0,1.0,1.0,1.0,1.0
450,HingGPT,1.0,1.0,1.0,1.0,1.0,1.0,3.0,3.0,1.0,1.0,1.0,2.0
450,Phi-3.5-mini,1.0,1.0,1.0,1.0,1.0,1.0,3.0,4.0,3.0,4.0,3.0,3.0
450,Qwen2.5-3B,4.0,4.0,4.0,5.0,5.0,4.0,4.0,4.0,4.0,5.0,5.0,4.0
450,Qwen2.5-7B,3.0,3.0,2.0,1.0,5.0,2.0,2.0,1.0,2.0,1.0,5.0,2.0
451,HingGPT,1.0,1.0,1.0,1.0,1.0,1.0,2.0,2.0,1.0,1.0,1.0,1.0
451,Phi-3.5-mini,1.0,1.0,1.0,1.0,1.0,1.0,3.0,3.0,1.0,3.0,3.0,3.0
451,Qwen2.5-3B,3.0,4.0,3.0,4.0,5.0,4.0,3.0,2.0,1.0,1.0,5.0,2.0
451,Qwen2.5-7B,4.0,4.0,3.0,4.0,5.0,4.0,4.0,4.0,3.0,4.0,5.0,4.0
452,HingGPT,1.0,1.0,1.0,1.0,1.0,1.0,2.0,2.0,1.0,1.0,1.0,2.0
452,Phi-3.5-mini,1.0,1.0,1.0,1.0,1.0,1.0,3.0,2.0,1.0,1.0,3.0,2.0
452,Qwen2.5-3B,1.0,1.0,1.0,1.0,5.0,1.0,2.0,1.0,1.0,2.0,3.0,2.0
452,Qwen2.5-7B,4.0,4.0,3.0,4.0,4.0,4.0,3.0,4.0,2.0,4.0,4.0,3.0
453,HingGPT,3.0,4.0,2.0,3.0,4.0,3.0,2.0,3.0,2.0,2.0,3.0,2.0
453,Phi-3.5-mini,1.0,1.0,1.0,1.0,1.0,1.0,3.0,4.0,3.0,4.0,3.0,3.0
453,Qwen2.5-3B,4.0,4.0,4.0,5.0,5.0,4.0,4.0,4.0,4.0,5.0,5.0,4.0
453,Qwen2.5-7B,4.0,5.0,3.0,5.0,5.0,4.0,3.0,4.0,3.0,4.0,2.0,3.0
454,HingGPT,3.0,4.0,3.0,4.0,4.0,3.0,3.0,4.0,3.0,4.0,3.0,3.0
454,Phi-3.5-mini,1.0,1.0,1.0,1.0,1.0,1.0,4.0,4.0,3.0,4.0,5.0,4.0
454,Qwen2.5-3B,4.0,4.0,4.0,5.0,5.0,4.0,4.0,4.0,3.0,4.0,5.0,4.0
454,Qwen2.5-7B,1.0,1.0,1.0,1.0,5.0,1.0,3.0,1.0,3.0,1.0,5.0,2.0
455,HingGPT,4.0,4.0,3.0,3.0,4.0,3.0,3.0,4.0,2.0,3.0,4.0,3.0
455,Phi-3.5-mini,1.0,1.0,1.0,1.0,1.0,1.0,3.0,3.0,3.0,3.0,3.0,3.0
455,Qwen2.5-3B,4.0,4.0,3.0,4.0,5.0,4.0,3.0,4.0,3.0,4.0,5.0,3.0
455,Qwen2.5-7B,3.0,3.0,2.0,1.0,3.0,2.0,2.0,2.0,2.0,1.0,3.0,2.0
456,HingGPT,3.0,3.0,2.0,2.0,3.0,2.0,2.0,3.0,1.0,1.0,3.0,2.0
456,Phi-3.5-mini,1.0,1.0,1.0,1.0,1.0,1.0,4.0,4.0,3.0,4.0,3.0,4.0
456,Qwen2.5-3B,4.0,3.0,2.0,3.0,5.0,3.0,3.0,4.0,1.0,3.0,3.0,3.0
456,Qwen2.5-7B,4.0,5.0,4.0,5.0,5.0,4.0,4.0,4.0,3.0,5.0,5.0,4.0
457,HingGPT,1.0,1.0,1.0,1.0,1.0,1.0,2.0,2.0,1.0,1.0,1.0,1.0
457,Phi-3.5-mini,1.0,1.0,1.0,1.0,1.0,1.0,3.0,4.0,2.0,3.0,5.0,3.0
457,Qwen2.5-3B,4.0,4.0,4.0,5.0,5.0,4.0,4.0,4.0,3.0,5.0,5.0,4.0
457,Qwen2.5-7B,1.0,1.0,1.0,1.0,5.0,1.0,2.0,3.0,1.0,1.0,3.0,2.0
458,HingGPT,4.0,4.0,3.0,4.0,5.0,4.0,1.0,1.0,1.0,1.0,1.0,1.0
458,Phi-3.5-mini,1.0,1.0,1.0,1.0,1.0,1.0,3.0,4.0,2.0,4.0,3.0,3.0
458,Qwen2.5-3B,4.0,4.0,3.0,4.0,5.0,4.0,3.0,4.0,3.0,4.0,4.0,3.0
458,Qwen2.5-7B,4.0,4.0,3.0,4.0,5.0,4.0,4.0,4.0,3.0,5.0,5.0,4.0
459,HingGPT,2.0,3.0,2.0,1.0,3.0,2.0,3.0,4.0,2.0,2.0,3.0,3.0
459,Phi-3.5-mini,1.0,1.0,1.0,1.0,1.0,1.0,1.0,1.0,1.0,1.0,1.0,1.0
459,Qwen2.5-3B,4.0,4.0,4.0,5.0,5.0,4.0,4.0,4.0,4.0,5.0,5.0,4.0
459,Qwen2.5-7B,3.0,4.0,2.0,2.0,3.0,3.0,2.0,2.0,2.0,1.0,1.0,2.0
460,HingGPT,2.0,3.0,2.0,1.0,2.0,2.0,3.0,2.0,2.0,2.0,3.0,3.0
460,Phi-3.5-mini,1.0,1.0,1.0,1.0,1.0,1.0,4.0,4.0,3.0,5.0,3.0,4.0
460,Qwen2.5-3B,4.0,5.0,4.0,5.0,5.0,5.0,4.0,4.0,3.0,5.0,5.0,4.0
460,Qwen2.5-7B,4.0,5.0,3.0,5.0,5.0,4.0,3.0,3.0,1.0,3.0,1.0,2.0
461,HingGPT,1.0,1.0,1.0,1.0,1.0,1.0,1.0,1.0,1.0,1.0,1.0,1.0
461,Phi-3.5-mini,1.0,1.0,1.0,1.0,1.0,1.0,2.0,3.0,2.0,3.0,3.0,2.0
461,Qwen2.5-3B,4.0,5.0,4.0,5.0,5.0,4.0,4.0,4.0,3.0,5.0,4.0,4.0
461,Qwen2.5-7B,4.0,5.0,3.0,3.0,4.0,3.0,2.0,2.0,2.0,2.0,3.0,2.0
462,HingGPT,1.0,1.0,1.0,1.0,5.0,2.0,2.0,2.0,1.0,1.0,1.0,2.0
462,Phi-3.5-mini,1.0,1.0,1.0,1.0,1.0,1.0,4.0,4.0,4.0,5.0,5.0,5.0
462,Qwen2.5-3B,4.0,4.0,3.0,4.0,4.0,4.0,3.0,4.0,3.0,4.0,4.0,3.0
462,Qwen2.5-7B,4.0,4.0,3.0,4.0,4.0,4.0,3.0,4.0,2.0,4.0,3.0,3.0
463,HingGPT,1.0,1.0,1.0,1.0,5.0,1.0,2.0,2.0,1.0,1.0,1.0,2.0
463,Phi-3.5-mini,1.0,1.0,1.0,1.0,1.0,1.0,2.0,2.0,2.0,2.0,3.0,2.0
463,Qwen2.5-3B,4.0,4.0,3.0,4.0,5.0,4.0,4.0,4.0,3.0,4.0,5.0,4.0
463,Qwen2.5-7B,4.0,4.0,3.0,4.0,5.0,4.0,4.0,4.0,4.0,5.0,5.0,4.0
464,HingGPT,1.0,1.0,1.0,1.0,1.0,1.0,2.0,3.0,2.0,2.0,2.0,2.0
464,Phi-3.5-mini,1.0,1.0,1.0,1.0,1.0,1.0,3.0,5.0,3.0,5.0,5.0,4.0
464,Qwen2.5-3B,4.0,5.0,3.0,4.0,5.0,4.0,3.0,4.0,3.0,3.0,5.0,3.0
464,Qwen2.5-7B,4.0,5.0,4.0,5.0,5.0,5.0,5.0,5.0,5.0,5.0,5.0,5.0
465,HingGPT,3.0,2.0,2.0,2.0,3.0,2.0,3.0,4.0,2.0,3.0,3.0,3.0
465,Phi-3.5-mini,1.0,1.0,1.0,1.0,1.0,1.0,2.0,2.0,1.0,1.0,1.0,1.0
465,Qwen2.5-3B,1.0,1.0,1.0,1.0,1.0,1.0,3.0,2.0,1.0,2.0,1.0,2.0
465,Qwen2.5-7B,4.0,4.0,3.0,5.0,5.0,4.0,4.0,4.0,3.0,5.0,5.0,4.0
466,HingGPT,1.0,1.0,1.0,1.0,3.0,1.0,2.0,2.0,2.0,2.0,3.0,2.0
466,Phi-3.5-mini,1.0,1.0,1.0,1.0,1.0,1.0,3.0,4.0,2.0,3.0,2.0,3.0
466,Qwen2.5-3B,4.0,5.0,4.0,5.0,5.0,5.0,4.0,4.0,4.0,5.0,5.0,5.0
466,Qwen2.5-7B,1.0,1.0,1.0,1.0,5.0,2.0,2.0,1.0,1.0,2.0,5.0,2.0
467,HingGPT,1.0,1.0,1.0,1.0,1.0,1.0,2.0,3.0,2.0,2.0,1.0,2.0
467,Phi-3.5-mini,1.0,1.0,1.0,1.0,1.0,1.0,3.0,4.0,3.0,4.0,3.0,3.0
467,Qwen2.5-3B,3.0,3.0,3.0,1.0,5.0,3.0,3.0,3.0,3.0,2.0,5.0,3.0
467,Qwen2.5-7B,3.0,4.0,3.0,2.0,5.0,3.0,3.0,4.0,3.0,2.0,5.0,3.0
468,HingGPT,3.0,2.0,2.0,1.0,3.0,2.0,2.0,3.0,1.0,1.0,1.0,1.0
468,Phi-3.5-mini,1.0,1.0,1.0,1.0,1.0,1.0,3.0,4.0,2.0,3.0,3.0,3.0
468,Qwen2.5-3B,4.0,5.0,3.0,5.0,5.0,4.0,4.0,4.0,4.0,5.0,5.0,4.0
468,Qwen2.5-7B,1.0,1.0,1.0,1.0,5.0,1.0,1.0,1.0,1.0,1.0,1.0,1.0
469,HingGPT,1.0,1.0,1.0,1.0,1.0,1.0,1.0,1.0,1.0,1.0,1.0,1.0
469,Phi-3.5-mini,1.0,1.0,1.0,1.0,1.0,1.0,3.0,4.0,3.0,4.0,3.0,3.0
469,Qwen2.5-3B,4.0,4.0,4.0,5.0,5.0,4.0,4.0,4.0,3.0,4.0,4.0,4.0
469,Qwen2.5-7B,4.0,4.0,3.0,4.0,5.0,4.0,4.0,4.0,3.0,4.0,5.0,4.0
470,HingGPT,3.0,2.0,2.0,3.0,4.0,3.0,3.0,4.0,2.0,3.0,3.0,3.0
470,Phi-3.5-mini,1.0,1.0,1.0,1.0,1.0,1.0,3.0,4.0,2.0,4.0,3.0,3.0
470,Qwen2.5-3B,4.0,5.0,4.0,5.0,5.0,5.0,4.0,4.0,3.0,4.0,5.0,4.0
470,Qwen2.5-7B,4.0,4.0,3.0,4.0,5.0,4.0,4.0,4.0,3.0,5.0,5.0,4.0
471,HingGPT,3.0,4.0,2.0,3.0,4.0,3.0,2.0,2.0,2.0,2.0,3.0,2.0
471,Phi-3.5-mini,1.0,1.0,1.0,1.0,1.0,1.0,4.0,4.0,3.0,4.0,5.0,4.0
471,Qwen2.5-3B,3.0,4.0,2.0,3.0,4.0,3.0,2.0,3.0,2.0,2.0,3.0,2.0
471,Qwen2.5-7B,1.0,1.0,1.0,1.0,1.0,1.0,2.0,1.0,1.0,2.0,3.0,2.0
472,HingGPT,2.0,3.0,2.0,1.0,3.0,2.0,3.0,4.0,2.0,3.0,3.0,3.0
472,Phi-3.5-mini,1.0,1.0,1.0,1.0,1.0,1.0,3.0,4.0,3.0,5.0,3.0,4.0
472,Qwen2.5-3B,1.0,1.0,1.0,1.0,5.0,1.0,2.0,1.0,1.0,1.0,1.0,1.0
472,Qwen2.5-7B,1.0,1.0,1.0,1.0,1.0,1.0,2.0,2.0,1.0,1.0,1.0,2.0
473,HingGPT,1.0,1.0,1.0,1.0,1.0,1.0,2.0,3.0,1.0,1.0,1.0,1.0
473,Phi-3.5-mini,1.0,1.0,1.0,1.0,1.0,1.0,1.0,1.0,1.0,1.0,1.0,1.0
473,Qwen2.5-3B,4.0,4.0,3.0,4.0,5.0,4.0,3.0,2.0,2.0,3.0,4.0,3.0
473,Qwen2.5-7B,4.0,4.0,3.0,4.0,5.0,4.0,3.0,4.0,2.0,3.0,5.0,3.0
474,HingGPT,3.0,4.0,2.0,2.0,4.0,3.0,3.0,2.0,2.0,2.0,3.0,2.0
474,Phi-3.5-mini,1.0,1.0,1.0,1.0,1.0,1.0,3.0,4.0,3.0,4.0,5.0,3.0
474,Qwen2.5-3B,1.0,1.0,1.0,1.0,5.0,1.0,2.0,2.0,1.0,1.0,3.0,2.0
474,Qwen2.5-7B,3.0,4.0,2.0,1.0,5.0,2.0,2.0,1.0,1.0,1.0,3.0,2.0
475,HingGPT,1.0,1.0,1.0,1.0,1.0,1.0,2.0,2.0,1.0,2.0,2.0,2.0
475,Phi-3.5-mini,1.0,1.0,1.0,1.0,1.0,1.0,3.0,4.0,3.0,5.0,5.0,4.0
475,Qwen2.5-3B,3.0,4.0,2.0,1.0,5.0,2.0,2.0,2.0,2.0,2.0,3.0,2.0
475,Qwen2.5-7B,3.0,3.0,2.0,2.0,3.0,2.0,2.0,2.0,2.0,2.0,3.0,2.0
476,HingGPT,1.0,1.0,1.0,1.0,1.0,1.0,1.0,1.0,1.0,1.0,1.0,1.0
476,Phi-3.5-mini,1.0,1.0,1.0,1.0,1.0,1.0,4.0,5.0,5.0,5.0,5.0,5.0
476,Qwen2.5-3B,4.0,4.0,4.0,5.0,5.0,4.0,3.0,4.0,3.0,4.0,3.0,3.0
476,Qwen2.5-7B,3.0,2.0,2.0,1.0,5.0,2.0,3.0,4.0,3.0,4.0,5.0,3.0
477,HingGPT,1.0,1.0,1.0,1.0,1.0,1.0,2.0,3.0,2.0,3.0,2.0,2.0
477,Phi-3.5-mini,1.0,1.0,1.0,1.0,1.0,1.0,3.0,4.0,2.0,4.0,3.0,3.0
477,Qwen2.5-3B,4.0,4.0,4.0,4.0,5.0,4.0,4.0,4.0,4.0,5.0,5.0,4.0
477,Qwen2.5-7B,4.0,5.0,4.0,5.0,5.0,5.0,4.0,4.0,3.0,5.0,5.0,4.0
478,HingGPT,2.0,2.0,1.0,1.0,2.0,2.0,3.0,2.0,2.0,2.0,2.0,2.0
478,Phi-3.5-mini,1.0,1.0,1.0,1.0,1.0,1.0,3.0,4.0,3.0,4.0,3.0,3.0
478,Qwen2.5-3B,4.0,5.0,3.0,4.0,5.0,4.0,4.0,4.0,3.0,4.0,5.0,4.0
478,Qwen2.5-7B,4.0,4.0,3.0,4.0,5.0,4.0,4.0,4.0,3.0,4.0,5.0,4.0
479,HingGPT,3.0,4.0,2.0,1.0,5.0,2.0,3.0,4.0,3.0,2.0,3.0,3.0
479,Phi-3.5-mini,1.0,1.0,1.0,1.0,1.0,1.0,3.0,3.0,1.0,1.0,3.0,2.0
479,Qwen2.5-3B,4.0,4.0,3.0,5.0,5.0,4.0,3.0,4.0,3.0,5.0,5.0,4.0
479,Qwen2.5-7B,1.0,1.0,1.0,1.0,5.0,1.0,3.0,2.0,1.0,1.0,5.0,2.0
480,HingGPT,3.0,3.0,2.0,2.0,4.0,2.0,2.0,3.0,2.0,2.0,3.0,2.0
480,Phi-3.5-mini,1.0,1.0,1.0,1.0,1.0,1.0,3.0,3.0,2.0,2.0,3.0,3.0
480,Qwen2.5-3B,4.0,5.0,4.0,5.0,5.0,5.0,4.0,4.0,3.0,5.0,5.0,4.0
480,Qwen2.5-7B,3.0,4.0,2.0,1.0,5.0,2.0,2.0,1.0,2.0,1.0,3.0,2.0
481,HingGPT,2.0,3.0,2.0,2.0,3.0,2.0,2.0,3.0,2.0,2.0,3.0,2.0
481,Phi-3.5-mini,1.0,1.0,1.0,1.0,1.0,1.0,3.0,3.0,3.0,4.0,5.0,3.0
481,Qwen2.5-3B,1.0,1.0,1.0,1.0,1.0,1.0,2.0,3.0,1.0,1.0,1.0,2.0
481,Qwen2.5-7B,3.0,3.0,2.0,2.0,5.0,2.0,2.0,2.0,2.0,2.0,3.0,2.0
482,HingGPT,3.0,3.0,2.0,2.0,3.0,2.0,2.0,2.0,1.0,2.0,3.0,2.0
482,Phi-3.5-mini,1.0,1.0,1.0,1.0,1.0,1.0,1.0,1.0,1.0,1.0,1.0,1.0
482,Qwen2.5-3B,4.0,5.0,3.0,4.0,5.0,4.0,3.0,4.0,2.0,4.0,5.0,3.0
482,Qwen2.5-7B,1.0,1.0,1.0,1.0,1.0,1.0,3.0,4.0,3.0,4.0,3.0,3.0
483,HingGPT,3.0,4.0,2.0,3.0,3.0,3.0,3.0,4.0,2.0,3.0,2.0,3.0
483,Phi-3.5-mini,1.0,1.0,1.0,1.0,1.0,1.0,3.0,4.0,3.0,5.0,5.0,4.0
483,Qwen2.5-3B,4.0,5.0,3.0,5.0,4.0,4.0,3.0,4.0,2.0,3.0,3.0,3.0
483,Qwen2.5-7B,3.0,3.0,2.0,2.0,5.0,3.0,3.0,2.0,1.0,2.0,3.0,2.0
484,HingGPT,3.0,4.0,2.0,2.0,5.0,3.0,2.0,3.0,1.0,2.0,4.0,2.0
484,Phi-3.5-mini,1.0,1.0,1.0,1.0,1.0,1.0,3.0,4.0,3.0,5.0,5.0,4.0
484,Qwen2.5-3B,4.0,5.0,3.0,4.0,5.0,4.0,3.0,2.0,1.0,1.0,5.0,2.0
484,Qwen2.5-7B,4.0,5.0,4.0,5.0,5.0,4.0,4.0,4.0,4.0,5.0,5.0,4.0
485,HingGPT,4.0,4.0,3.0,4.0,4.0,4.0,4.0,4.0,4.0,5.0,5.0,4.0
485,Phi-3.5-mini,1.0,1.0,1.0,1.0,1.0,1.0,3.0,4.0,3.0,5.0,3.0,3.0
485,Qwen2.5-3B,4.0,5.0,4.0,5.0,5.0,5.0,4.0,5.0,5.0,5.0,5.0,5.0
485,Qwen2.5-7B,4.0,5.0,3.0,4.0,5.0,4.0,3.0,4.0,3.0,4.0,3.0,3.0
486,HingGPT,1.0,1.0,1.0,1.0,3.0,1.0,2.0,2.0,1.0,2.0,3.0,2.0
486,Phi-3.5-mini,1.0,1.0,1.0,1.0,1.0,1.0,3.0,4.0,3.0,2.0,3.0,3.0
486,Qwen2.5-3B,4.0,4.0,3.0,4.0,4.0,4.0,4.0,4.0,4.0,5.0,5.0,4.0
486,Qwen2.5-7B,4.0,3.0,3.0,4.0,4.0,3.0,4.0,4.0,4.0,5.0,5.0,4.0
487,HingGPT,4.0,4.0,3.0,4.0,4.0,4.0,3.0,4.0,3.0,4.0,3.0,3.0
487,Phi-3.5-mini,1.0,1.0,1.0,1.0,1.0,1.0,3.0,3.0,3.0,3.0,3.0,3.0
487,Qwen2.5-3B,4.0,5.0,4.0,5.0,5.0,4.0,3.0,4.0,3.0,5.0,5.0,4.0
487,Qwen2.5-7B,3.0,3.0,2.0,1.0,5.0,2.0,2.0,2.0,1.0,1.0,1.0,1.0
488,HingGPT,1.0,1.0,1.0,1.0,1.0,1.0,1.0,1.0,1.0,1.0,1.0,1.0
488,Phi-3.5-mini,1.0,1.0,1.0,1.0,1.0,1.0,3.0,2.0,1.0,2.0,3.0,2.0
488,Qwen2.5-3B,4.0,4.0,3.0,4.0,5.0,4.0,3.0,4.0,2.0,3.0,3.0,3.0
488,Qwen2.5-7B,3.0,3.0,2.0,1.0,5.0,2.0,2.0,1.0,1.0,1.0,1.0,1.0
489,HingGPT,4.0,4.0,3.0,4.0,3.0,4.0,2.0,3.0,2.0,3.0,2.0,2.0
489,Phi-3.5-mini,1.0,1.0,1.0,1.0,1.0,1.0,3.0,4.0,3.0,5.0,5.0,4.0
489,Qwen2.5-3B,4.0,5.0,3.0,5.0,5.0,4.0,5.0,5.0,1.0,5.0,5.0,5.0
489,Qwen2.5-7B,3.0,3.0,2.0,2.0,5.0,3.0,3.0,2.0,1.0,2.0,5.0,2.0
490,HingGPT,3.0,4.0,2.0,3.0,4.0,3.0,3.0,2.0,1.0,2.0,3.0,2.0
490,Phi-3.5-mini,1.0,1.0,1.0,1.0,1.0,1.0,4.0,4.0,3.0,5.0,5.0,4.0
490,Qwen2.5-3B,4.0,5.0,4.0,5.0,5.0,4.0,4.0,4.0,4.0,5.0,5.0,4.0
490,Qwen2.5-7B,4.0,5.0,3.0,3.0,5.0,4.0,3.0,2.0,2.0,1.0,3.0,2.0
491,HingGPT,1.0,1.0,1.0,1.0,1.0,1.0,2.0,2.0,1.0,1.0,1.0,2.0
491,Phi-3.5-mini,1.0,1.0,1.0,1.0,1.0,1.0,3.0,4.0,3.0,4.0,3.0,3.0
491,Qwen2.5-3B,4.0,4.0,3.0,4.0,5.0,4.0,3.0,4.0,1.0,2.0,5.0,3.0
491,Qwen2.5-7B,1.0,1.0,1.0,1.0,1.0,1.0,1.0,1.0,1.0,1.0,1.0,1.0
492,HingGPT,1.0,1.0,1.0,1.0,5.0,1.0,2.0,1.0,1.0,1.0,3.0,2.0
492,Phi-3.5-mini,1.0,1.0,1.0,1.0,1.0,1.0,3.0,3.0,3.0,3.0,3.0,3.0
492,Qwen2.5-3B,4.0,5.0,3.0,4.0,5.0,4.0,3.0,4.0,3.0,4.0,5.0,3.0
492,Qwen2.5-7B,1.0,1.0,1.0,1.0,5.0,1.0,2.0,1.0,1.0,1.0,5.0,2.0
493,HingGPT,3.0,2.0,2.0,1.0,3.0,2.0,2.0,3.0,1.0,2.0,2.0,2.0
493,Phi-3.5-mini,1.0,1.0,1.0,1.0,1.0,1.0,4.0,4.0,5.0,5.0,5.0,5.0
493,Qwen2.5-3B,1.0,1.0,1.0,1.0,5.0,1.0,3.0,4.0,3.0,4.0,5.0,4.0
493,Qwen2.5-7B,1.0,1.0,1.0,1.0,5.0,1.0,1.0,1.0,1.0,1.0,1.0,1.0
494,HingGPT,1.0,1.0,1.0,1.0,1.0,1.0,2.0,2.0,1.0,1.0,1.0,2.0
494,Phi-3.5-mini,1.0,1.0,1.0,1.0,1.0,1.0,4.0,4.0,3.0,4.0,3.0,4.0
494,Qwen2.5-3B,1.0,1.0,1.0,1.0,1.0,1.0,2.0,1.0,1.0,1.0,1.0,1.0
494,Qwen2.5-7B,3.0,3.0,2.0,2.0,5.0,2.0,3.0,2.0,1.0,1.0,5.0,2.0
495,HingGPT,1.0,1.0,1.0,1.0,1.0,1.0,1.0,2.0,1.0,1.0,1.0,1.0
495,Phi-3.5-mini,1.0,1.0,1.0,1.0,1.0,1.0,4.0,5.0,5.0,5.0,5.0,5.0
495,Qwen2.5-3B,4.0,4.0,4.0,4.0,5.0,4.0,4.0,4.0,3.0,4.0,5.0,4.0
495,Qwen2.5-7B,1.0,1.0,1.0,1.0,1.0,1.0,1.0,1.0,1.0,1.0,1.0,1.0
496,HingGPT,3.0,4.0,2.0,3.0,4.0,3.0,3.0,2.0,2.0,2.0,3.0,2.0
496,Phi-3.5-mini,1.0,1.0,1.0,1.0,1.0,1.0,2.0,4.0,3.0,4.0,2.0,3.0
496,Qwen2.5-3B,4.0,4.0,3.0,4.0,5.0,4.0,4.0,4.0,3.0,4.0,4.0,4.0
496,Qwen2.5-7B,4.0,4.0,3.0,4.0,5.0,4.0,4.0,4.0,3.0,4.0,5.0,4.0
497,HingGPT,4.0,4.0,3.0,4.0,4.0,4.0,4.0,4.0,3.0,4.0,4.0,4.0
497,Phi-3.5-mini,1.0,1.0,1.0,1.0,1.0,1.0,3.0,4.0,3.0,4.0,5.0,3.0
497,Qwen2.5-3B,4.0,4.0,3.0,4.0,5.0,4.0,4.0,4.0,3.0,4.0,5.0,4.0
497,Qwen2.5-7B,4.0,4.0,3.0,4.0,5.0,4.0,4.0,4.0,4.0,5.0,5.0,4.0
498,HingGPT,3.0,3.0,2.0,2.0,2.0,2.0,3.0,4.0,2.0,3.0,3.0,3.0
498,Phi-3.5-mini,1.0,1.0,1.0,1.0,1.0,1.0,3.0,3.0,2.0,3.0,3.0,3.0
498,Qwen2.5-3B,3.0,3.0,2.0,2.0,3.0,2.0,3.0,3.0,1.0,2.0,3.0,2.0
498,Qwen2.5-7B,3.0,4.0,2.0,3.0,4.0,3.0,3.0,2.0,1.0,1.0,3.0,2.0
499,HingGPT,3.0,4.0,2.0,3.0,3.0,3.0,2.0,3.0,2.0,3.0,2.0,2.0
499,Phi-3.5-mini,1.0,1.0,1.0,1.0,1.0,1.0,5.0,5.0,5.0,5.0,5.0,5.0
499,Qwen2.5-3B,3.0,3.0,2.0,3.0,5.0,3.0,3.0,3.0,1.0,3.0,5.0,3.0
499,Qwen2.5-7B,3.0,3.0,2.0,2.0,5.0,3.0,3.0,2.0,1.0,1.0,5.0,2.0
500,HingGPT,3.0,3.0,2.0,1.0,5.0,2.0,3.0,2.0,2.0,2.0,3.0,2.0
500,Phi-3.5-mini,1.0,1.0,1.0,1.0,1.0,1.0,1.0,1.0,1.0,1.0,1.0,1.0
500,Qwen2.5-3B,4.0,4.0,3.0,4.0,5.0,4.0,4.0,4.0,3.0,4.0,4.0,4.0
500,Qwen2.5-7B,4.0,4.0,3.0,5.0,4.0,4.0,3.0,4.0,2.0,5.0,5.0,3.0
501,HingGPT,2.0,3.0,2.0,2.0,2.0,2.0,2.0,2.0,2.0,2.0,2.0,2.0
501,Phi-3.5-mini,1.0,1.0,1.0,1.0,1.0,1.0,3.0,4.0,2.0,3.0,3.0,3.0
501,Qwen2.5-3B,1.0,1.0,1.0,1.0,1.0,1.0,2.0,2.0,1.0,1.0,1.0,1.0
501,Qwen2.5-7B,2.0,3.0,2.0,1.0,5.0,2.0,3.0,2.0,2.0,1.0,3.0,2.0
502,HingGPT,1.0,1.0,1.0,1.0,1.0,1.0,1.0,1.0,1.0,1.0,1.0,1.0
502,Phi-3.5-mini,1.0,1.0,1.0,1.0,1.0,1.0,3.0,4.0,3.0,4.0,1.0,3.0
502,Qwen2.5-3B,4.0,5.0,3.0,4.0,5.0,4.0,3.0,4.0,2.0,3.0,5.0,3.0
502,Qwen2.5-7B,4.0,5.0,4.0,5.0,5.0,4.0,4.0,4.0,3.0,4.0,5.0,4.0
503,HingGPT,3.0,4.0,2.0,2.0,3.0,3.0,2.0,3.0,2.0,2.0,3.0,2.0
503,Phi-3.5-mini,1.0,1.0,1.0,1.0,1.0,1.0,1.0,1.0,1.0,1.0,1.0,1.0
503,Qwen2.5-3B,4.0,4.0,3.0,4.0,5.0,4.0,4.0,4.0,3.0,4.0,4.0,4.0
503,Qwen2.5-7B,4.0,4.0,3.0,4.0,5.0,4.0,4.0,4.0,3.0,4.0,5.0,4.0
504,HingGPT,3.0,4.0,2.0,3.0,4.0,3.0,3.0,4.0,2.0,3.0,3.0,3.0
504,Phi-3.5-mini,1.0,1.0,1.0,1.0,1.0,1.0,3.0,4.0,2.0,3.0,3.0,3.0
504,Qwen2.5-3B,4.0,4.0,4.0,5.0,5.0,4.0,4.0,4.0,3.0,4.0,3.0,3.0
504,Qwen2.5-7B,1.0,1.0,1.0,1.0,5.0,1.0,2.0,1.0,2.0,1.0,3.0,2.0
505,HingGPT,3.0,2.0,2.0,3.0,3.0,3.0,2.0,3.0,2.0,2.0,2.0,2.0
505,Phi-3.5-mini,1.0,1.0,1.0,1.0,1.0,1.0,3.0,4.0,3.0,4.0,5.0,4.0
505,Qwen2.5-3B,4.0,5.0,3.0,5.0,5.0,4.0,3.0,3.0,1.0,5.0,5.0,4.0
505,Qwen2.5-7B,4.0,5.0,4.0,5.0,5.0,4.0,5.0,5.0,5.0,5.0,5.0,5.0
506,HingGPT,2.0,1.0,1.0,1.0,5.0,2.0,2.0,2.0,1.0,1.0,3.0,2.0
506,Phi-3.5-mini,1.0,1.0,1.0,1.0,1.0,1.0,3.0,4.0,3.0,4.0,2.0,3.0
506,Qwen2.5-3B,4.0,4.0,3.0,4.0,5.0,4.0,4.0,4.0,3.0,4.0,5.0,4.0
506,Qwen2.5-7B,4.0,5.0,4.0,5.0,5.0,4.0,5.0,5.0,5.0,5.0,5.0,5.0
507,HingGPT,1.0,1.0,1.0,1.0,1.0,1.0,1.0,1.0,1.0,1.0,1.0,1.0
507,Phi-3.5-mini,3.0,4.0,1.0,3.0,3.0,3.0,3.0,4.0,3.0,4.0,5.0,4.0
507,Qwen2.5-3B,3.0,4.0,2.0,3.0,5.0,3.0,3.0,2.0,2.0,2.0,3.0,2.0
507,Qwen2.5-7B,4.0,4.0,3.0,4.0,5.0,4.0,3.0,4.0,3.0,4.0,4.0,3.0
508,HingGPT,3.0,3.0,2.0,3.0,3.0,3.0,1.0,1.0,1.0,1.0,1.0,1.0
508,Phi-3.5-mini,1.0,1.0,1.0,1.0,1.0,1.0,1.0,1.0,1.0,1.0,1.0,1.0
508,Qwen2.5-3B,4.0,3.0,2.0,3.0,4.0,3.0,3.0,4.0,2.0,3.0,3.0,3.0
508,Qwen2.5-7B,4.0,4.0,4.0,5.0,5.0,4.0,4.0,4.0,3.0,4.0,5.0,4.0
509,HingGPT,4.0,5.0,3.0,5.0,4.0,4.0,2.0,2.0,1.0,2.0,3.0,2.0
509,Phi-3.5-mini,1.0,1.0,1.0,1.0,1.0,1.0,4.0,4.0,3.0,5.0,3.0,4.0
509,Qwen2.5-3B,4.0,5.0,3.0,4.0,5.0,4.0,4.0,4.0,3.0,3.0,5.0,4.0
509,Qwen2.5-7B,1.0,1.0,1.0,1.0,5.0,1.0,2.0,1.0,1.0,2.0,3.0,2.0
510,HingGPT,1.0,1.0,1.0,1.0,1.0,1.0,3.0,4.0,1.0,2.0,3.0,2.0
510,Phi-3.5-mini,1.0,1.0,1.0,1.0,1.0,1.0,3.0,4.0,3.0,3.0,3.0,3.0
510,Qwen2.5-3B,4.0,4.0,3.0,4.0,5.0,4.0,4.0,4.0,3.0,4.0,3.0,4.0
510,Qwen2.5-7B,3.0,4.0,2.0,2.0,5.0,3.0,2.0,2.0,1.0,1.0,3.0,2.0
511,HingGPT,1.0,1.0,1.0,1.0,1.0,1.0,2.0,1.0,1.0,1.0,1.0,1.0
511,Phi-3.5-mini,1.0,1.0,1.0,1.0,1.0,1.0,3.0,4.0,3.0,4.0,3.0,3.0
511,Qwen2.5-3B,4.0,5.0,4.0,5.0,5.0,5.0,4.0,5.0,4.0,5.0,5.0,5.0
511,Qwen2.5-7B,3.0,2.0,2.0,1.0,5.0,2.0,3.0,2.0,1.0,1.0,5.0,2.0
512,HingGPT,3.0,3.0,2.0,2.0,4.0,3.0,2.0,3.0,2.0,2.0,3.0,2.0
512,Phi-3.5-mini,1.0,1.0,1.0,1.0,1.0,1.0,3.0,4.0,3.0,4.0,3.0,3.0
512,Qwen2.5-3B,4.0,4.0,3.0,4.0,5.0,4.0,3.0,4.0,3.0,4.0,4.0,3.0
512,Qwen2.5-7B,4.0,4.0,3.0,4.0,5.0,4.0,3.0,4.0,3.0,4.0,5.0,4.0
513,HingGPT,3.0,4.0,2.0,3.0,3.0,3.0,3.0,4.0,2.0,1.0,1.0,2.0
513,Phi-3.5-mini,1.0,1.0,1.0,1.0,1.0,1.0,3.0,5.0,3.0,5.0,5.0,4.0
513,Qwen2.5-3B,4.0,4.0,3.0,4.0,5.0,4.0,3.0,4.0,2.0,4.0,5.0,3.0
513,Qwen2.5-7B,3.0,3.0,2.0,1.0,5.0,2.0,3.0,2.0,1.0,1.0,5.0,2.0
514,HingGPT,2.0,3.0,2.0,1.0,3.0,2.0,3.0,2.0,2.0,2.0,3.0,3.0
514,Phi-3.5-mini,1.0,1.0,1.0,1.0,1.0,1.0,3.0,4.0,3.0,4.0,5.0,4.0
514,Qwen2.5-3B,4.0,5.0,4.0,5.0,5.0,4.0,4.0,4.0,4.0,5.0,5.0,4.0
514,Qwen2.5-7B,4.0,5.0,4.0,5.0,5.0,4.0,3.0,3.0,2.0,3.0,3.0,3.0
515,HingGPT,1.0,1.0,1.0,1.0,1.0,1.0,1.0,1.0,1.0,1.0,1.0,1.0
515,Phi-3.5-mini,1.0,1.0,1.0,1.0,1.0,1.0,4.0,5.0,5.0,5.0,5.0,5.0
515,Qwen2.5-3B,4.0,5.0,3.0,5.0,5.0,4.0,2.0,1.0,1.0,1.0,1.0,1.0
515,Qwen2.5-7B,4.0,5.0,3.0,5.0,5.0,4.0,4.0,4.0,3.0,5.0,5.0,4.0
516,HingGPT,1.0,1.0,1.0,1.0,1.0,1.0,3.0,4.0,2.0,2.0,3.0,3.0
516,Phi-3.5-mini,1.0,1.0,1.0,1.0,1.0,1.0,3.0,4.0,3.0,4.0,3.0,3.0
516,Qwen2.5-3B,3.0,2.0,2.0,1.0,3.0,2.0,1.0,1.0,1.0,1.0,1.0,1.0
516,Qwen2.5-7B,3.0,4.0,3.0,3.0,5.0,3.0,3.0,4.0,2.0,3.0,5.0,3.0
517,HingGPT,3.0,3.0,2.0,2.0,3.0,2.0,2.0,3.0,2.0,3.0,2.0,2.0
517,Phi-3.5-mini,1.0,1.0,1.0,1.0,1.0,1.0,3.0,4.0,3.0,5.0,5.0,4.0
517,Qwen2.5-3B,4.0,5.0,4.0,5.0,5.0,5.0,5.0,5.0,5.0,5.0,5.0,5.0
517,Qwen2.5-7B,4.0,3.0,2.0,2.0,4.0,3.0,3.0,4.0,3.0,4.0,3.0,3.0
518,HingGPT,1.0,1.0,1.0,1.0,1.0,1.0,2.0,2.0,1.0,1.0,1.0,1.0
518,Phi-3.5-mini,1.0,1.0,1.0,1.0,1.0,1.0,3.0,4.0,3.0,4.0,3.0,3.0
518,Qwen2.5-3B,4.0,4.0,3.0,4.0,4.0,4.0,2.0,3.0,2.0,2.0,3.0,2.0
518,Qwen2.5-7B,4.0,4.0,3.0,4.0,5.0,4.0,4.0,4.0,3.0,4.0,4.0,4.0
519,HingGPT,4.0,4.0,3.0,4.0,4.0,4.0,4.0,4.0,3.0,4.0,4.0,4.0
519,Phi-3.5-mini,1.0,1.0,1.0,1.0,1.0,1.0,3.0,3.0,1.0,1.0,1.0,2.0
519,Qwen2.5-3B,4.0,5.0,4.0,5.0,5.0,4.0,4.0,4.0,3.0,4.0,5.0,4.0
519,Qwen2.5-7B,4.0,5.0,3.0,5.0,5.0,4.0,5.0,5.0,5.0,5.0,5.0,5.0
520,HingGPT,2.0,3.0,2.0,3.0,3.0,3.0,3.0,2.0,1.0,2.0,2.0,2.0
520,Phi-3.5-mini,1.0,1.0,1.0,1.0,1.0,1.0,3.0,4.0,3.0,4.0,3.0,3.0
520,Qwen2.5-3B,4.0,5.0,3.0,4.0,5.0,4.0,3.0,4.0,2.0,1.0,3.0,2.0
520,Qwen2.5-7B,4.0,4.0,3.0,4.0,5.0,4.0,3.0,3.0,1.0,2.0,4.0,2.0
521,HingGPT,1.0,1.0,1.0,1.0,1.0,1.0,3.0,4.0,2.0,4.0,3.0,3.0
521,Phi-3.5-mini,1.0,1.0,1.0,1.0,1.0,1.0,3.0,4.0,2.0,2.0,5.0,3.0
521,Qwen2.5-3B,3.0,4.0,2.0,2.0,5.0,3.0,3.0,4.0,2.0,3.0,5.0,3.0
521,Qwen2.5-7B,3.0,3.0,2.0,1.0,5.0,2.0,2.0,3.0,2.0,1.0,3.0,2.0
522,HingGPT,3.0,4.0,2.0,2.0,5.0,3.0,2.0,3.0,1.0,2.0,3.0,2.0
522,Phi-3.5-mini,1.0,1.0,1.0,1.0,1.0,1.0,2.0,1.0,1.0,2.0,3.0,2.0
522,Qwen2.5-3B,4.0,4.0,3.0,4.0,5.0,4.0,4.0,4.0,3.0,4.0,5.0,4.0
522,Qwen2.5-7B,3.0,4.0,2.0,2.0,3.0,3.0,2.0,1.0,1.0,1.0,1.0,1.0
523,HingGPT,3.0,3.0,2.0,3.0,4.0,3.0,2.0,3.0,2.0,3.0,3.0,2.0
523,Phi-3.5-mini,1.0,1.0,1.0,1.0,1.0,1.0,3.0,4.0,3.0,4.0,5.0,3.0
523,Qwen2.5-3B,,,,,,,3.0,4.0,2.0,3.0,3.0,3.0
523,Qwen2.5-7B,3.0,4.0,2.0,1.0,5.0,2.0,2.0,2.0,1.0,1.0,1.0,1.0
524,HingGPT,3.0,3.0,2.0,2.0,3.0,2.0,3.0,4.0,2.0,4.0,3.0,3.0
524,Phi-3.5-mini,1.0,1.0,1.0,1.0,1.0,1.0,3.0,3.0,2.0,3.0,3.0,3.0
524,Qwen2.5-3B,4.0,5.0,4.0,5.0,5.0,5.0,4.0,4.0,4.0,5.0,5.0,5.0
524,Qwen2.5-7B,3.0,4.0,2.0,1.0,5.0,2.0,2.0,1.0,1.0,1.0,3.0,2.0
525,HingGPT,1.0,1.0,1.0,1.0,1.0,1.0,3.0,4.0,2.0,3.0,3.0,3.0
525,Phi-3.5-mini,1.0,1.0,1.0,1.0,1.0,1.0,1.0,1.0,1.0,1.0,1.0,1.0
525,Qwen2.5-3B,4.0,5.0,3.0,4.0,4.0,4.0,4.0,4.0,3.0,4.0,4.0,4.0
525,Qwen2.5-7B,3.0,4.0,3.0,4.0,5.0,4.0,3.0,2.0,2.0,3.0,5.0,3.0
526,HingGPT,1.0,1.0,1.0,1.0,5.0,1.0,2.0,3.0,2.0,2.0,3.0,2.0
526,Phi-3.5-mini,1.0,1.0,1.0,1.0,1.0,1.0,3.0,3.0,1.0,2.0,3.0,2.0
526,Qwen2.5-3B,4.0,5.0,4.0,5.0,5.0,4.0,4.0,4.0,4.0,5.0,5.0,4.0
526,Qwen2.5-7B,4.0,4.0,3.0,5.0,5.0,4.0,4.0,4.0,3.0,5.0,5.0,4.0
527,HingGPT,3.0,4.0,2.0,3.0,3.0,3.0,3.0,4.0,2.0,3.0,3.0,3.0
527,Phi-3.5-mini,1.0,1.0,1.0,1.0,1.0,1.0,3.0,3.0,2.0,3.0,3.0,3.0
527,Qwen2.5-3B,3.0,4.0,2.0,2.0,3.0,3.0,3.0,4.0,3.0,2.0,5.0,3.0
527,Qwen2.5-7B,1.0,1.0,1.0,1.0,5.0,1.0,2.0,2.0,2.0,2.0,5.0,2.0
528,HingGPT,1.0,1.0,1.0,1.0,1.0,1.0,1.0,1.0,1.0,1.0,1.0,1.0
528,Phi-3.5-mini,1.0,1.0,1.0,1.0,1.0,1.0,4.0,5.0,5.0,5.0,5.0,5.0
528,Qwen2.5-3B,4.0,5.0,4.0,5.0,5.0,5.0,3.0,4.0,3.0,4.0,3.0,3.0
528,Qwen2.5-7B,3.0,4.0,2.0,2.0,5.0,3.0,2.0,2.0,2.0,1.0,3.0,2.0
529,HingGPT,3.0,3.0,2.0,2.0,3.0,2.0,3.0,2.0,2.0,2.0,3.0,2.0
529,Phi-3.5-mini,1.0,1.0,1.0,1.0,1.0,1.0,2.0,3.0,1.0,2.0,3.0,2.0
529,Qwen2.5-3B,4.0,5.0,4.0,5.0,5.0,4.0,4.0,4.0,4.0,5.0,5.0,4.0
529,Qwen2.5-7B,3.0,4.0,2.0,1.0,5.0,2.0,2.0,1.0,1.0,1.0,3.0,2.0
530,HingGPT,2.0,3.0,2.0,1.0,3.0,2.0,3.0,4.0,2.0,3.0,3.0,3.0
530,Phi-3.5-mini,1.0,1.0,1.0,1.0,1.0,1.0,3.0,4.0,3.0,5.0,3.0,4.0
530,Qwen2.5-3B,3.0,2.0,2.0,2.0,3.0,2.0,3.0,4.0,2.0,3.0,3.0,3.0
530,Qwen2.5-7B,3.0,2.0,1.0,1.0,5.0,2.0,2.0,2.0,1.0,1.0,3.0,2.0
531,HingGPT,1.0,1.0,1.0,1.0,1.0,1.0,2.0,3.0,2.0,3.0,2.0,2.0
531,Phi-3.5-mini,1.0,1.0,1.0,1.0,1.0,1.0,2.0,1.0,1.0,1.0,1.0,1.0
531,Qwen2.5-3B,4.0,3.0,2.0,1.0,5.0,2.0,2.0,2.0,2.0,2.0,2.0,2.0
531,Qwen2.5-7B,4.0,5.0,4.0,5.0,5.0,5.0,4.0,4.0,4.0,5.0,5.0,4.0
532,HingGPT,1.0,1.0,1.0,1.0,1.0,1.0,2.0,3.0,1.0,1.0,1.0,1.0
532,Phi-3.5-mini,1.0,1.0,1.0,1.0,1.0,1.0,3.0,5.0,3.0,5.0,5.0,4.0
532,Qwen2.5-3B,4.0,5.0,4.0,5.0,5.0,5.0,3.0,4.0,2.0,4.0,3.0,3.0
532,Qwen2.5-7B,4.0,4.0,3.0,4.0,5.0,4.0,4.0,4.0,3.0,4.0,5.0,4.0
533,HingGPT,2.0,3.0,2.0,2.0,3.0,2.0,2.0,3.0,2.0,2.0,2.0,2.0
533,Phi-3.5-mini,1.0,1.0,1.0,1.0,1.0,1.0,1.0,1.0,1.0,1.0,1.0,1.0
533,Qwen2.5-3B,4.0,4.0,4.0,5.0,5.0,4.0,2.0,2.0,3.0,2.0,3.0,2.0
533,Qwen2.5-7B,4.0,4.0,3.0,4.0,5.0,4.0,4.0,4.0,3.0,4.0,5.0,4.0
534,HingGPT,1.0,1.0,1.0,1.0,1.0,1.0,3.0,2.0,1.0,1.0,1.0,2.0
534,Phi-3.5-mini,1.0,1.0,1.0,1.0,1.0,1.0,3.0,4.0,3.0,4.0,3.0,3.0
534,Qwen2.5-3B,1.0,1.0,1.0,1.0,5.0,1.0,3.0,3.0,2.0,2.0,3.0,2.0
534,Qwen2.5-7B,3.0,4.0,2.0,3.0,5.0,3.0,3.0,4.0,1.0,3.0,4.0,3.0
535,HingGPT,2.0,3.0,2.0,1.0,2.0,2.0,3.0,4.0,2.0,3.0,3.0,3.0
535,Phi-3.5-mini,1.0,1.0,1.0,1.0,1.0,1.0,3.0,2.0,1.0,2.0,3.0,2.0
535,Qwen2.5-3B,4.0,5.0,4.0,5.0,5.0,4.0,4.0,4.0,4.0,5.0,5.0,4.0
535,Qwen2.5-7B,4.0,5.0,3.0,5.0,5.0,4.0,3.0,4.0,2.0,5.0,5.0,4.0
536,HingGPT,1.0,1.0,1.0,1.0,3.0,1.0,3.0,2.0,2.0,2.0,3.0,2.0
536,Phi-3.5-mini,1.0,1.0,1.0,1.0,1.0,1.0,5.0,5.0,5.0,5.0,5.0,5.0
536,Qwen2.5-3B,4.0,5.0,4.0,5.0,5.0,4.0,3.0,3.0,4.0,5.0,5.0,4.0
536,Qwen2.5-7B,4.0,5.0,4.0,5.0,5.0,4.0,4.0,5.0,5.0,5.0,5.0,5.0
537,HingGPT,3.0,3.0,2.0,1.0,5.0,2.0,2.0,2.0,1.0,1.0,3.0,2.0
537,Phi-3.5-mini,1.0,1.0,1.0,1.0,1.0,1.0,3.0,4.0,3.0,4.0,3.0,3.0
537,Qwen2.5-3B,4.0,4.0,3.0,4.0,5.0,4.0,4.0,4.0,3.0,5.0,5.0,4.0
537,Qwen2.5-7B,1.0,1.0,1.0,1.0,5.0,1.0,1.0,1.0,1.0,1.0,1.0,1.0
538,HingGPT,1.0,1.0,1.0,1.0,1.0,1.0,2.0,3.0,2.0,2.0,3.0,2.0
538,Phi-3.5-mini,1.0,1.0,1.0,1.0,1.0,1.0,3.0,4.0,3.0,4.0,3.0,3.0
538,Qwen2.5-3B,4.0,4.0,4.0,5.0,5.0,4.0,4.0,4.0,4.0,5.0,5.0,5.0
538,Qwen2.5-7B,4.0,4.0,3.0,4.0,5.0,4.0,3.0,4.0,2.0,3.0,5.0,3.0
539,HingGPT,4.0,4.0,3.0,4.0,4.0,4.0,3.0,3.0,2.0,3.0,3.0,3.0
539,Phi-3.5-mini,1.0,1.0,1.0,1.0,1.0,1.0,3.0,4.0,3.0,4.0,5.0,4.0
539,Qwen2.5-3B,3.0,1.0,1.0,1.0,5.0,2.0,2.0,1.0,1.0,1.0,1.0,1.0
539,Qwen2.5-7B,4.0,5.0,3.0,5.0,5.0,4.0,4.0,4.0,3.0,5.0,5.0,4.0
540,HingGPT,2.0,3.0,2.0,1.0,3.0,2.0,3.0,4.0,2.0,3.0,3.0,3.0
540,Phi-3.5-mini,1.0,1.0,1.0,1.0,1.0,1.0,2.0,3.0,1.0,2.0,1.0,2.0
540,Qwen2.5-3B,4.0,5.0,4.0,5.0,5.0,4.0,5.0,5.0,5.0,5.0,5.0,5.0
540,Qwen2.5-7B,4.0,4.0,3.0,4.0,5.0,4.0,4.0,4.0,3.0,4.0,4.0,4.0
541,HingGPT,3.0,4.0,2.0,3.0,4.0,3.0,3.0,4.0,2.0,4.0,3.0,3.0
541,Phi-3.5-mini,1.0,1.0,1.0,1.0,1.0,1.0,3.0,4.0,3.0,4.0,5.0,4.0
541,Qwen2.5-3B,4.0,4.0,3.0,5.0,5.0,4.0,4.0,4.0,3.0,5.0,5.0,4.0
541,Qwen2.5-7B,3.0,4.0,2.0,4.0,5.0,3.0,4.0,5.0,5.0,5.0,5.0,5.0
542,HingGPT,1.0,1.0,1.0,1.0,5.0,1.0,2.0,2.0,1.0,2.0,3.0,2.0
542,Phi-3.5-mini,1.0,1.0,1.0,1.0,1.0,1.0,1.0,1.0,1.0,1.0,1.0,1.0
542,Qwen2.5-3B,4.0,5.0,3.0,4.0,5.0,4.0,3.0,4.0,3.0,4.0,5.0,3.0
542,Qwen2.5-7B,3.0,4.0,2.0,1.0,5.0,3.0,2.0,1.0,1.0,2.0,3.0,2.0
543,HingGPT,4.0,5.0,3.0,5.0,5.0,4.0,2.0,3.0,2.0,3.0,1.0,2.0
543,Phi-3.5-mini,1.0,1.0,1.0,1.0,1.0,1.0,1.0,1.0,1.0,1.0,1.0,1.0
543,Qwen2.5-3B,3.0,4.0,3.0,4.0,3.0,3.0,3.0,4.0,3.0,4.0,3.0,3.0
543,Qwen2.5-7B,3.0,4.0,2.0,2.0,5.0,3.0,2.0,2.0,1.0,1.0,3.0,2.0
544,HingGPT,1.0,1.0,1.0,1.0,1.0,1.0,2.0,3.0,2.0,2.0,1.0,2.0
544,Phi-3.5-mini,1.0,1.0,1.0,1.0,1.0,1.0,3.0,4.0,3.0,4.0,3.0,3.0
544,Qwen2.5-3B,4.0,4.0,4.0,5.0,5.0,4.0,4.0,4.0,3.0,5.0,5.0,4.0
544,Qwen2.5-7B,4.0,4.0,4.0,4.0,5.0,4.0,4.0,4.0,3.0,4.0,5.0,4.0
545,HingGPT,4.0,4.0,3.0,4.0,4.0,4.0,3.0,4.0,2.0,3.0,3.0,3.0
545,Phi-3.5-mini,1.0,1.0,1.0,1.0,1.0,1.0,3.0,5.0,3.0,5.0,1.0,3.0
545,Qwen2.5-3B,4.0,5.0,3.0,4.0,5.0,4.0,3.0,4.0,3.0,2.0,3.0,3.0
545,Qwen2.5-7B,1.0,1.0,1.0,1.0,1.0,1.0,1.0,1.0,1.0,1.0,1.0,1.0
546,HingGPT,2.0,3.0,2.0,1.0,3.0,2.0,2.0,3.0,2.0,3.0,3.0,2.0
546,Phi-3.5-mini,1.0,1.0,1.0,1.0,1.0,1.0,4.0,4.0,3.0,4.0,3.0,4.0
546,Qwen2.5-3B,4.0,4.0,3.0,4.0,5.0,4.0,3.0,4.0,2.0,4.0,5.0,3.0
546,Qwen2.5-7B,3.0,4.0,2.0,3.0,5.0,3.0,3.0,3.0,2.0,3.0,3.0,3.0
547,HingGPT,2.0,3.0,2.0,2.0,3.0,2.0,2.0,3.0,2.0,2.0,3.0,2.0
547,Phi-3.5-mini,1.0,1.0,1.0,1.0,1.0,1.0,4.0,4.0,3.0,4.0,3.0,4.0
547,Qwen2.5-3B,4.0,4.0,3.0,4.0,4.0,4.0,4.0,4.0,3.0,5.0,5.0,4.0
547,Qwen2.5-7B,3.0,3.0,2.0,2.0,5.0,3.0,3.0,2.0,3.0,2.0,5.0,3.0
548,HingGPT,3.0,4.0,2.0,2.0,3.0,3.0,3.0,4.0,2.0,3.0,3.0,3.0
548,Phi-3.5-mini,1.0,1.0,1.0,1.0,1.0,1.0,1.0,1.0,1.0,1.0,1.0,1.0
548,Qwen2.5-3B,3.0,3.0,2.0,1.0,5.0,2.0,3.0,4.0,3.0,2.0,5.0,3.0
548,Qwen2.5-7B,4.0,4.0,3.0,4.0,5.0,4.0,4.0,4.0,3.0,5.0,5.0,4.0
549,HingGPT,3.0,3.0,2.0,2.0,4.0,3.0,2.0,3.0,2.0,3.0,2.0,2.0
549,Phi-3.5-mini,1.0,1.0,1.0,1.0,1.0,1.0,4.0,5.0,3.0,5.0,5.0,4.0
549,Qwen2.5-3B,4.0,5.0,3.0,4.0,5.0,4.0,1.0,1.0,1.0,1.0,1.0,1.0
549,Qwen2.5-7B,3.0,4.0,3.0,4.0,5.0,4.0,3.0,4.0,2.0,3.0,5.0,3.0
550,HingGPT,2.0,3.0,1.0,1.0,3.0,2.0,2.0,3.0,2.0,2.0,2.0,2.0
550,Phi-3.5-mini,1.0,1.0,1.0,1.0,1.0,1.0,3.0,4.0,3.0,4.0,5.0,4.0
550,Qwen2.5-3B,4.0,5.0,4.0,5.0,5.0,4.0,5.0,5.0,5.0,5.0,5.0,5.0
550,Qwen2.5-7B,4.0,4.0,3.0,4.0,4.0,4.0,4.0,4.0,3.0,4.0,5.0,4.0
551,HingGPT,3.0,4.0,2.0,3.0,3.0,3.0,3.0,4.0,2.0,3.0,3.0,3.0
551,Phi-3.5-mini,1.0,1.0,1.0,1.0,1.0,1.0,2.0,3.0,2.0,3.0,1.0,2.0
551,Qwen2.5-3B,4.0,5.0,4.0,5.0,5.0,4.0,4.0,4.0,3.0,4.0,4.0,4.0
551,Qwen2.5-7B,4.0,5.0,3.0,4.0,5.0,4.0,3.0,2.0,1.0,2.0,3.0,2.0
552,HingGPT,1.0,1.0,1.0,1.0,5.0,1.0,2.0,2.0,1.0,1.0,2.0,2.0
552,Phi-3.5-mini,1.0,1.0,1.0,1.0,1.0,1.0,3.0,3.0,2.0,2.0,4.0,3.0
552,Qwen2.5-3B,1.0,1.0,1.0,1.0,5.0,1.0,3.0,1.0,1.0,1.0,3.0,2.0
552,Qwen2.5-7B,4.0,4.0,3.0,4.0,5.0,4.0,4.0,4.0,3.0,4.0,5.0,4.0
553,HingGPT,3.0,2.0,2.0,1.0,5.0,2.0,2.0,3.0,2.0,2.0,3.0,2.0
553,Phi-3.5-mini,1.0,1.0,1.0,1.0,1.0,1.0,3.0,4.0,2.0,3.0,3.0,3.0
553,Qwen2.5-3B,1.0,1.0,1.0,1.0,5.0,1.0,3.0,4.0,1.0,2.0,5.0,3.0
553,Qwen2.5-7B,4.0,4.0,3.0,4.0,5.0,4.0,4.0,4.0,3.0,4.0,5.0,4.0
554,HingGPT,3.0,4.0,2.0,3.0,4.0,3.0,3.0,4.0,2.0,3.0,3.0,3.0
554,Phi-3.5-mini,1.0,1.0,1.0,1.0,1.0,1.0,4.0,4.0,3.0,4.0,3.0,4.0
554,Qwen2.5-3B,4.0,5.0,3.0,4.0,5.0,4.0,4.0,4.0,4.0,5.0,5.0,5.0
554,Qwen2.5-7B,3.0,3.0,2.0,1.0,5.0,2.0,2.0,1.0,1.0,1.0,5.0,2.0
555,HingGPT,1.0,1.0,1.0,1.0,1.0,1.0,2.0,2.0,1.0,1.0,1.0,2.0
555,Phi-3.5-mini,1.0,1.0,1.0,1.0,1.0,1.0,4.0,5.0,5.0,5.0,5.0,5.0
555,Qwen2.5-3B,4.0,4.0,3.0,5.0,4.0,4.0,3.0,4.0,2.0,3.0,3.0,3.0
555,Qwen2.5-7B,3.0,4.0,2.0,1.0,5.0,2.0,2.0,2.0,2.0,1.0,3.0,2.0
556,HingGPT,2.0,3.0,2.0,2.0,3.0,2.0,3.0,4.0,2.0,3.0,3.0,3.0
556,Phi-3.5-mini,1.0,1.0,1.0,1.0,1.0,1.0,3.0,4.0,3.0,5.0,1.0,3.0
556,Qwen2.5-3B,4.0,5.0,4.0,5.0,5.0,5.0,3.0,4.0,3.0,5.0,5.0,4.0
556,Qwen2.5-7B,3.0,4.0,3.0,4.0,5.0,4.0,4.0,4.0,1.0,5.0,5.0,4.0
557,HingGPT,2.0,1.0,1.0,1.0,2.0,1.0,2.0,2.0,2.0,2.0,2.0,2.0
557,Phi-3.5-mini,1.0,1.0,1.0,1.0,1.0,1.0,2.0,2.0,1.0,1.0,3.0,2.0
557,Qwen2.5-3B,4.0,4.0,3.0,4.0,5.0,4.0,4.0,4.0,3.0,4.0,5.0,4.0
557,Qwen2.5-7B,3.0,4.0,2.0,3.0,3.0,3.0,2.0,3.0,2.0,3.0,3.0,2.0
558,HingGPT,2.0,3.0,2.0,1.0,3.0,2.0,2.0,2.0,1.0,1.0,1.0,2.0
558,Phi-3.5-mini,1.0,1.0,1.0,1.0,1.0,1.0,3.0,4.0,3.0,2.0,4.0,3.0
558,Qwen2.5-3B,4.0,3.0,3.0,4.0,4.0,3.0,3.0,4.0,3.0,3.0,4.0,3.0
558,Qwen2.5-7B,4.0,4.0,3.0,4.0,5.0,4.0,3.0,4.0,2.0,3.0,4.0,3.0
559,HingGPT,1.0,1.0,1.0,1.0,1.0,1.0,2.0,1.0,1.0,1.0,1.0,1.0
559,Phi-3.5-mini,1.0,1.0,1.0,1.0,1.0,1.0,4.0,4.0,3.0,4.0,5.0,4.0
559,Qwen2.5-3B,4.0,4.0,3.0,4.0,5.0,4.0,4.0,4.0,3.0,4.0,5.0,4.0
559,Qwen2.5-7B,4.0,5.0,4.0,5.0,5.0,4.0,4.0,4.0,4.0,5.0,5.0,4.0
560,HingGPT,1.0,1.0,1.0,1.0,1.0,1.0,2.0,3.0,2.0,2.0,1.0,2.0
560,Phi-3.5-mini,1.0,1.0,1.0,1.0,1.0,1.0,3.0,4.0,3.0,4.0,2.0,3.0
560,Qwen2.5-3B,3.0,4.0,2.0,2.0,5.0,3.0,3.0,2.0,2.0,2.0,3.0,2.0
560,Qwen2.5-7B,4.0,5.0,4.0,5.0,5.0,4.0,4.0,4.0,4.0,5.0,5.0,4.0
561,HingGPT,3.0,2.0,2.0,2.0,3.0,2.0,3.0,4.0,2.0,3.0,3.0,3.0
561,Phi-3.5-mini,1.0,1.0,1.0,1.0,1.0,1.0,4.0,5.0,3.0,5.0,5.0,4.0
561,Qwen2.5-3B,3.0,1.0,1.0,1.0,5.0,2.0,1.0,1.0,1.0,1.0,1.0,1.0
561,Qwen2.5-7B,3.0,4.0,2.0,1.0,5.0,2.0,2.0,2.0,1.0,1.0,3.0,2.0
562,HingGPT,3.0,4.0,2.0,3.0,4.0,3.0,3.0,4.0,2.0,3.0,4.0,3.0
562,Phi-3.5-mini,1.0,1.0,1.0,1.0,1.0,1.0,3.0,4.0,2.0,3.0,5.0,3.0
562,Qwen2.5-3B,3.0,2.0,2.0,1.0,5.0,2.0,2.0,2.0,1.0,2.0,3.0,2.0
562,Qwen2.5-7B,3.0,3.0,2.0,1.0,5.0,2.0,3.0,2.0,1.0,1.0,5.0,2.0
563,HingGPT,1.0,1.0,1.0,1.0,1.0,1.0,2.0,2.0,1.0,1.0,1.0,2.0
563,Phi-3.5-mini,1.0,1.0,1.0,1.0,1.0,1.0,3.0,2.0,1.0,1.0,1.0,2.0
563,Qwen2.5-3B,3.0,4.0,3.0,2.0,5.0,3.0,3.0,2.0,1.0,1.0,5.0,2.0
563,Qwen2.5-7B,4.0,5.0,4.0,5.0,5.0,5.0,3.0,5.0,5.0,5.0,5.0,5.0
564,HingGPT,4.0,4.0,3.0,4.0,4.0,4.0,3.0,4.0,3.0,4.0,3.0,3.0
564,Phi-3.5-mini,1.0,1.0,1.0,1.0,1.0,1.0,3.0,4.0,3.0,4.0,5.0,4.0
564,Qwen2.5-3B,4.0,4.0,3.0,4.0,4.0,4.0,4.0,4.0,3.0,4.0,4.0,4.0
564,Qwen2.5-7B,4.0,4.0,4.0,4.0,5.0,4.0,4.0,4.0,3.0,4.0,4.0,4.0
565,HingGPT,1.0,1.0,1.0,1.0,1.0,1.0,2.0,3.0,2.0,3.0,1.0,2.0
565,Phi-3.5-mini,1.0,1.0,1.0,1.0,1.0,1.0,3.0,4.0,3.0,4.0,5.0,4.0
565,Qwen2.5-3B,4.0,5.0,3.0,4.0,5.0,4.0,4.0,4.0,3.0,3.0,5.0,4.0
565,Qwen2.5-7B,3.0,4.0,3.0,4.0,5.0,4.0,3.0,3.0,2.0,2.0,5.0,3.0
566,HingGPT,1.0,1.0,1.0,1.0,1.0,1.0,1.0,1.0,1.0,1.0,1.0,1.0
566,Phi-3.5-mini,1.0,1.0,1.0,1.0,1.0,1.0,4.0,4.0,3.0,4.0,4.0,4.0
566,Qwen2.5-3B,4.0,4.0,3.0,4.0,5.0,4.0,4.0,4.0,3.0,5.0,5.0,4.0
566,Qwen2.5-7B,1.0,1.0,1.0,1.0,5.0,1.0,2.0,2.0,2.0,2.0,5.0,2.0
567,HingGPT,1.0,1.0,1.0,1.0,5.0,1.0,2.0,1.0,1.0,1.0,3.0,2.0
567,Phi-3.5-mini,1.0,1.0,1.0,1.0,1.0,1.0,2.0,1.0,1.0,1.0,1.0,1.0
567,Qwen2.5-3B,4.0,4.0,3.0,4.0,5.0,4.0,3.0,4.0,3.0,4.0,3.0,3.0
567,Qwen2.5-7B,4.0,4.0,4.0,4.0,5.0,4.0,4.0,4.0,4.0,5.0,5.0,4.0
568,HingGPT,1.0,1.0,1.0,1.0,1.0,1.0,1.0,1.0,1.0,1.0,1.0,1.0
568,Phi-3.5-mini,1.0,1.0,1.0,1.0,1.0,1.0,2.0,3.0,2.0,2.0,1.0,2.0
568,Qwen2.5-3B,4.0,4.0,3.0,4.0,4.0,4.0,4.0,4.0,4.0,5.0,5.0,4.0
568,Qwen2.5-7B,2.0,3.0,2.0,1.0,5.0,2.0,3.0,2.0,2.0,2.0,3.0,2.0
569,HingGPT,3.0,5.0,3.0,5.0,3.0,4.0,3.0,4.0,2.0,4.0,3.0,3.0
569,Phi-3.5-mini,1.0,1.0,1.0,1.0,1.0,1.0,3.0,4.0,3.0,4.0,2.0,3.0
569,Qwen2.5-3B,4.0,5.0,4.0,5.0,5.0,5.0,4.0,5.0,4.0,5.0,5.0,5.0
569,Qwen2.5-7B,5.0,5.0,5.0,5.0,5.0,5.0,5.0,5.0,1.0,5.0,5.0,5.0
570,HingGPT,3.0,3.0,2.0,2.0,4.0,3.0,2.0,3.0,2.0,2.0,3.0,2.0
570,Phi-3.5-mini,1.0,1.0,1.0,1.0,1.0,1.0,3.0,4.0,3.0,4.0,3.0,3.0
570,Qwen2.5-3B,4.0,5.0,4.0,5.0,5.0,4.0,3.0,3.0,1.0,2.0,5.0,3.0
570,Qwen2.5-7B,4.0,5.0,3.0,5.0,5.0,4.0,3.0,4.0,3.0,4.0,5.0,3.0
571,HingGPT,1.0,1.0,1.0,1.0,1.0,1.0,2.0,2.0,1.0,2.0,2.0,2.0
571,Phi-3.5-mini,1.0,1.0,1.0,1.0,1.0,1.0,3.0,4.0,3.0,4.0,5.0,4.0
571,Qwen2.5-3B,3.0,4.0,2.0,2.0,5.0,3.0,3.0,2.0,2.0,3.0,5.0,3.0
571,Qwen2.5-7B,4.0,3.0,2.0,2.0,5.0,3.0,3.0,2.0,1.0,3.0,3.0,2.0
572,HingGPT,1.0,1.0,1.0,1.0,3.0,1.0,2.0,3.0,2.0,2.0,3.0,2.0
572,Phi-3.5-mini,1.0,1.0,1.0,1.0,1.0,1.0,1.0,1.0,1.0,1.0,1.0,1.0
572,Qwen2.5-3B,4.0,4.0,3.0,4.0,5.0,4.0,4.0,4.0,3.0,4.0,4.0,4.0
572,Qwen2.5-7B,1.0,1.0,1.0,1.0,5.0,1.0,2.0,1.0,1.0,2.0,5.0,2.0
573,HingGPT,3.0,4.0,3.0,4.0,4.0,3.0,3.0,4.0,2.0,3.0,3.0,3.0
573,Phi-3.5-mini,1.0,1.0,1.0,1.0,1.0,1.0,3.0,4.0,3.0,4.0,3.0,3.0
573,Qwen2.5-3B,4.0,5.0,3.0,4.0,5.0,4.0,4.0,4.0,3.0,5.0,5.0,4.0
573,Qwen2.5-7B,4.0,5.0,3.0,4.0,4.0,4.0,3.0,4.0,2.0,3.0,4.0,3.0
574,HingGPT,2.0,3.0,2.0,1.0,2.0,2.0,3.0,4.0,2.0,3.0,3.0,3.0
574,Phi-3.5-mini,1.0,1.0,1.0,1.0,1.0,1.0,3.0,3.0,3.0,3.0,3.0,3.0
574,Qwen2.5-3B,3.0,4.0,3.0,4.0,5.0,4.0,,,,,,
574,Qwen2.5-7B,3.0,3.0,2.0,2.0,5.0,2.0,3.0,2.0,1.0,2.0,5.0,2.0
575,HingGPT,4.0,4.0,3.0,4.0,4.0,4.0,3.0,4.0,3.0,4.0,3.0,3.0
575,Phi-3.5-mini,1.0,1.0,1.0,1.0,1.0,1.0,4.0,4.0,4.0,5.0,5.0,5.0
575,Qwen2.5-3B,4.0,5.0,4.0,5.0,5.0,4.0,4.0,4.0,4.0,5.0,5.0,4.0
575,Qwen2.5-7B,4.0,5.0,3.0,5.0,5.0,4.0,2.0,2.0,1.0,3.0,3.0,2.0
576,HingGPT,3.0,2.0,2.0,1.0,1.0,2.0,1.0,1.0,1.0,1.0,1.0,1.0
576,Phi-3.5-mini,1.0,1.0,1.0,1.0,1.0,1.0,1.0,1.0,1.0,1.0,1.0,1.0
576,Qwen2.5-3B,4.0,4.0,3.0,4.0,5.0,4.0,4.0,4.0,4.0,4.0,4.0,4.0
576,Qwen2.5-7B,4.0,4.0,3.0,4.0,5.0,4.0,3.0,4.0,3.0,4.0,5.0,3.0
577,HingGPT,2.0,3.0,2.0,2.0,2.0,2.0,2.0,3.0,2.0,2.0,2.0,2.0
577,Phi-3.5-mini,1.0,1.0,1.0,1.0,1.0,1.0,3.0,4.0,3.0,4.0,3.0,3.0
577,Qwen2.5-3B,3.0,4.0,2.0,3.0,5.0,3.0,3.0,4.0,2.0,3.0,5.0,3.0
577,Qwen2.5-7B,4.0,4.0,4.0,5.0,5.0,4.0,4.0,4.0,4.0,5.0,5.0,4.0
578,HingGPT,3.0,2.0,2.0,1.0,3.0,2.0,3.0,4.0,2.0,3.0,3.0,3.0
578,Phi-3.5-mini,1.0,1.0,1.0,1.0,1.0,1.0,4.0,4.0,3.0,4.0,3.0,4.0
578,Qwen2.5-3B,4.0,5.0,4.0,5.0,5.0,5.0,4.0,4.0,4.0,5.0,5.0,4.0
578,Qwen2.5-7B,1.0,1.0,1.0,1.0,5.0,1.0,1.0,1.0,1.0,1.0,1.0,1.0
579,HingGPT,1.0,1.0,1.0,1.0,1.0,1.0,2.0,2.0,1.0,1.0,1.0,2.0
579,Phi-3.5-mini,1.0,1.0,1.0,1.0,1.0,1.0,3.0,4.0,3.0,4.0,2.0,3.0
579,Qwen2.5-3B,4.0,4.0,3.0,4.0,5.0,4.0,4.0,4.0,3.0,4.0,4.0,4.0
579,Qwen2.5-7B,3.0,2.0,2.0,1.0,5.0,2.0,2.0,1.0,1.0,2.0,1.0,1.0
580,HingGPT,1.0,1.0,1.0,1.0,1.0,1.0,2.0,2.0,1.0,1.0,2.0,2.0
580,Phi-3.5-mini,1.0,1.0,1.0,1.0,1.0,1.0,3.0,4.0,3.0,4.0,3.0,3.0
580,Qwen2.5-3B,3.0,4.0,3.0,4.0,5.0,4.0,3.0,2.0,1.0,3.0,5.0,3.0
580,Qwen2.5-7B,4.0,4.0,3.0,4.0,5.0,4.0,3.0,4.0,3.0,3.0,4.0,3.0
581,HingGPT,1.0,1.0,1.0,1.0,3.0,1.0,2.0,2.0,1.0,1.0,2.0,2.0
581,Phi-3.5-mini,1.0,1.0,1.0,1.0,1.0,1.0,3.0,3.0,3.0,3.0,3.0,3.0
581,Qwen2.5-3B,4.0,5.0,3.0,5.0,5.0,4.0,3.0,4.0,2.0,3.0,5.0,3.0
581,Qwen2.5-7B,4.0,5.0,3.0,5.0,5.0,4.0,2.0,2.0,1.0,1.0,1.0,1.0
582,HingGPT,2.0,3.0,1.0,1.0,3.0,2.0,2.0,2.0,1.0,2.0,3.0,2.0
582,Phi-3.5-mini,1.0,1.0,1.0,1.0,1.0,1.0,4.0,5.0,5.0,5.0,5.0,5.0
582,Qwen2.5-3B,3.0,4.0,2.0,3.0,3.0,3.0,3.0,4.0,2.0,3.0,3.0,3.0
582,Qwen2.5-7B,3.0,4.0,2.0,2.0,5.0,3.0,2.0,2.0,1.0,1.0,3.0,2.0
583,HingGPT,2.0,2.0,1.0,1.0,3.0,2.0,2.0,3.0,2.0,2.0,3.0,2.0
583,Phi-3.5-mini,1.0,1.0,1.0,1.0,1.0,1.0,3.0,3.0,1.0,2.0,5.0,3.0
583,Qwen2.5-3B,4.0,4.0,3.0,4.0,4.0,4.0,4.0,4.0,3.0,4.0,5.0,4.0
583,Qwen2.5-7B,4.0,4.0,3.0,4.0,5.0,4.0,4.0,4.0,4.0,4.0,5.0,4.0
584,HingGPT,3.0,4.0,2.0,2.0,5.0,3.0,3.0,4.0,2.0,4.0,5.0,3.0
584,Phi-3.5-mini,1.0,1.0,1.0,1.0,1.0,1.0,3.0,4.0,2.0,3.0,5.0,3.0
584,Qwen2.5-3B,2.0,3.0,2.0,1.0,5.0,2.0,3.0,1.0,1.0,1.0,3.0,2.0
584,Qwen2.5-7B,3.0,4.0,2.0,2.0,5.0,3.0,2.0,2.0,2.0,1.0,3.0,2.0
585,HingGPT,1.0,1.0,1.0,1.0,1.0,1.0,1.0,2.0,1.0,1.0,1.0,1.0
585,Phi-3.5-mini,1.0,1.0,1.0,1.0,1.0,1.0,2.0,2.0,2.0,2.0,3.0,2.0
585,Qwen2.5-3B,4.0,5.0,4.0,5.0,5.0,4.0,5.0,5.0,5.0,5.0,5.0,5.0
585,Qwen2.5-7B,3.0,3.0,2.0,2.0,5.0,3.0,3.0,2.0,1.0,1.0,5.0,2.0
586,HingGPT,3.0,4.0,2.0,1.0,5.0,2.0,3.0,4.0,2.0,3.0,4.0,3.0
586,Phi-3.5-mini,1.0,1.0,1.0,1.0,1.0,1.0,3.0,4.0,3.0,3.0,4.0,3.0
586,Qwen2.5-3B,4.0,5.0,3.0,5.0,5.0,4.0,5.0,5.0,5.0,5.0,5.0,5.0
586,Qwen2.5-7B,1.0,1.0,1.0,1.0,1.0,1.0,1.0,1.0,1.0,1.0,1.0,1.0
587,HingGPT,2.0,3.0,1.0,1.0,1.0,2.0,2.0,3.0,2.0,2.0,2.0,2.0
587,Phi-3.5-mini,1.0,1.0,1.0,1.0,1.0,1.0,2.0,1.0,1.0,1.0,1.0,1.0
587,Qwen2.5-3B,4.0,5.0,3.0,4.0,5.0,4.0,3.0,2.0,1.0,3.0,5.0,3.0
587,Qwen2.5-7B,3.0,3.0,2.0,2.0,5.0,2.0,3.0,2.0,1.0,2.0,5.0,2.0
588,HingGPT,2.0,3.0,2.0,1.0,5.0,2.0,2.0,2.0,2.0,2.0,3.0,2.0
588,Phi-3.5-mini,3.0,5.0,1.0,3.0,3.0,3.0,4.0,5.0,3.0,4.0,5.0,4.0
588,Qwen2.5-3B,3.0,4.0,3.0,4.0,5.0,4.0,3.0,4.0,3.0,3.0,3.0,3.0
588,Qwen2.5-7B,1.0,1.0,1.0,1.0,5.0,1.0,2.0,3.0,2.0,1.0,3.0,2.0
589,HingGPT,3.0,4.0,2.0,2.0,5.0,3.0,2.0,2.0,2.0,2.0,3.0,2.0
589,Phi-3.5-mini,1.0,1.0,1.0,1.0,1.0,1.0,2.0,1.0,2.0,2.0,1.0,2.0
589,Qwen2.5-3B,4.0,3.0,3.0,4.0,5.0,4.0,2.0,2.0,2.0,2.0,3.0,2.0
589,Qwen2.5-7B,3.0,4.0,2.0,2.0,5.0,3.0,2.0,1.0,3.0,1.0,3.0,2.0
590,HingGPT,1.0,1.0,1.0,1.0,1.0,1.0,3.0,4.0,2.0,2.0,2.0,3.0
590,Phi-3.5-mini,1.0,1.0,1.0,1.0,1.0,1.0,3.0,4.0,3.0,4.0,3.0,3.0
590,Qwen2.5-3B,4.0,5.0,4.0,5.0,5.0,4.0,3.0,4.0,3.0,4.0,3.0,3.0
590,Qwen2.5-7B,4.0,5.0,4.0,5.0,5.0,4.0,3.0,4.0,3.0,2.0,5.0,3.0
591,HingGPT,1.0,1.0,1.0,1.0,1.0,1.0,1.0,1.0,1.0,1.0,1.0,1.0
591,Phi-3.5-mini,1.0,1.0,1.0,1.0,1.0,1.0,2.0,3.0,2.0,3.0,2.0,2.0
591,Qwen2.5-3B,4.0,4.0,3.0,4.0,5.0,4.0,4.0,4.0,3.0,4.0,5.0,4.0
591,Qwen2.5-7B,4.0,4.0,3.0,4.0,5.0,4.0,4.0,4.0,3.0,5.0,4.0,4.0
592,HingGPT,3.0,2.0,2.0,1.0,5.0,2.0,3.0,2.0,2.0,2.0,3.0,2.0
592,Phi-3.5-mini,1.0,1.0,1.0,1.0,1.0,1.0,3.0,3.0,3.0,4.0,4.0,3.0
592,Qwen2.5-3B,4.0,4.0,3.0,4.0,5.0,4.0,4.0,4.0,3.0,4.0,5.0,4.0
592,Qwen2.5-7B,4.0,4.0,3.0,4.0,5.0,4.0,4.0,4.0,3.0,4.0,5.0,4.0
593,HingGPT,1.0,1.0,1.0,1.0,1.0,1.0,1.0,1.0,1.0,1.0,1.0,1.0
593,Phi-3.5-mini,1.0,1.0,1.0,1.0,1.0,1.0,3.0,4.0,3.0,4.0,3.0,3.0
593,Qwen2.5-3B,1.0,1.0,1.0,1.0,1.0,1.0,1.0,2.0,1.0,1.0,1.0,1.0
593,Qwen2.5-7B,2.0,2.0,1.0,1.0,5.0,2.0,3.0,2.0,1.0,1.0,5.0,2.0
594,HingGPT,2.0,3.0,2.0,1.0,3.0,2.0,2.0,2.0,1.0,2.0,3.0,2.0
594,Phi-3.5-mini,1.0,1.0,1.0,1.0,1.0,1.0,2.0,3.0,2.0,2.0,2.0,2.0
594,Qwen2.5-3B,4.0,4.0,3.0,4.0,5.0,4.0,4.0,4.0,3.0,4.0,5.0,4.0
594,Qwen2.5-7B,4.0,4.0,3.0,4.0,5.0,4.0,3.0,4.0,3.0,4.0,2.0,3.0
595,HingGPT,3.0,2.0,2.0,2.0,3.0,2.0,2.0,2.0,1.0,2.0,3.0,2.0
595,Phi-3.5-mini,1.0,1.0,1.0,1.0,1.0,1.0,3.0,2.0,1.0,1.0,1.0,2.0
595,Qwen2.5-3B,4.0,3.0,2.0,3.0,4.0,3.0,3.0,4.0,2.0,3.0,4.0,3.0
595,Qwen2.5-7B,1.0,1.0,1.0,1.0,5.0,1.0,3.0,2.0,3.0,1.0,3.0,2.0
596,HingGPT,3.0,4.0,2.0,2.0,3.0,3.0,3.0,4.0,2.0,3.0,3.0,3.0
596,Phi-3.5-mini,1.0,1.0,1.0,1.0,1.0,1.0,1.0,1.0,1.0,1.0,1.0,1.0
596,Qwen2.5-3B,3.0,4.0,3.0,5.0,5.0,4.0,3.0,2.0,1.0,4.0,5.0,3.0
596,Qwen2.5-7B,4.0,5.0,3.0,5.0,5.0,4.0,4.0,4.0,3.0,5.0,5.0,4.0
597,HingGPT,1.0,1.0,1.0,1.0,3.0,1.0,2.0,2.0,2.0,2.0,3.0,2.0
597,Phi-3.5-mini,1.0,1.0,1.0,1.0,1.0,1.0,3.0,4.0,3.0,4.0,3.0,3.0
597,Qwen2.5-3B,4.0,4.0,3.0,3.0,4.0,3.0,3.0,3.0,2.0,2.0,3.0,2.0
597,Qwen2.5-7B,4.0,4.0,3.0,4.0,5.0,4.0,4.0,4.0,3.0,5.0,5.0,4.0
598,HingGPT,2.0,3.0,2.0,2.0,3.0,2.0,2.0,3.0,2.0,2.0,3.0,2.0
598,Phi-3.5-mini,1.0,1.0,1.0,1.0,1.0,1.0,3.0,2.0,1.0,1.0,3.0,2.0
598,Qwen2.5-3B,4.0,4.0,3.0,4.0,4.0,4.0,4.0,4.0,3.0,4.0,4.0,4.0
598,Qwen2.5-7B,4.0,4.0,3.0,4.0,5.0,4.0,4.0,4.0,3.0,4.0,5.0,4.0
599,HingGPT,2.0,2.0,1.0,1.0,1.0,1.0,2.0,3.0,2.0,2.0,2.0,2.0
599,Phi-3.5-mini,1.0,1.0,1.0,1.0,1.0,1.0,3.0,3.0,2.0,3.0,2.0,3.0
599,Qwen2.5-3B,4.0,5.0,3.0,5.0,4.0,4.0,4.0,4.0,3.0,5.0,5.0,4.0
599,Qwen2.5-7B,5.0,5.0,5.0,5.0,5.0,5.0,3.0,2.0,1.0,5.0,5.0,3.0
600,HingGPT,3.0,4.0,2.0,3.0,4.0,3.0,2.0,3.0,2.0,3.0,2.0,2.0
600,Phi-3.5-mini,1.0,1.0,1.0,1.0,1.0,1.0,3.0,4.0,3.0,4.0,5.0,3.0
600,Qwen2.5-3B,4.0,4.0,3.0,4.0,4.0,4.0,4.0,4.0,4.0,5.0,5.0,5.0
600,Qwen2.5-7B,4.0,5.0,3.0,4.0,5.0,4.0,4.0,4.0,3.0,4.0,5.0,4.0
601,HingGPT,3.0,3.0,2.0,3.0,2.0,3.0,2.0,3.0,2.0,3.0,2.0,2.0
601,Phi-3.5-mini,1.0,1.0,1.0,1.0,1.0,1.0,3.0,4.0,3.0,3.0,4.0,3.0
601,Qwen2.5-3B,4.0,4.0,3.0,4.0,5.0,4.0,3.0,4.0,2.0,4.0,5.0,3.0
601,Qwen2.5-7B,4.0,4.0,3.0,4.0,5.0,4.0,4.0,4.0,2.0,4.0,5.0,3.0
602,HingGPT,2.0,3.0,2.0,3.0,2.0,3.0,3.0,4.0,2.0,3.0,2.0,3.0
602,Phi-3.5-mini,1.0,1.0,1.0,1.0,1.0,1.0,3.0,4.0,3.0,4.0,3.0,3.0
602,Qwen2.5-3B,4.0,5.0,3.0,4.0,5.0,4.0,3.0,4.0,2.0,3.0,5.0,3.0
602,Qwen2.5-7B,4.0,4.0,3.0,4.0,5.0,4.0,3.0,4.0,2.0,4.0,5.0,3.0
603,HingGPT,3.0,2.0,2.0,1.0,5.0,2.0,2.0,2.0,2.0,2.0,2.0,2.0
603,Phi-3.5-mini,1.0,1.0,1.0,1.0,1.0,1.0,3.0,4.0,3.0,4.0,3.0,3.0
603,Qwen2.5-3B,4.0,4.0,3.0,5.0,5.0,4.0,3.0,4.0,1.0,4.0,5.0,3.0
603,Qwen2.5-7B,1.0,1.0,1.0,1.0,1.0,1.0,2.0,1.0,1.0,2.0,1.0,2.0
604,HingGPT,1.0,1.0,1.0,1.0,1.0,1.0,2.0,2.0,1.0,1.0,1.0,2.0
604,Phi-3.5-mini,1.0,1.0,1.0,1.0,1.0,1.0,3.0,4.0,3.0,4.0,5.0,4.0
604,Qwen2.5-3B,4.0,5.0,3.0,4.0,5.0,4.0,4.0,4.0,2.0,5.0,5.0,4.0
604,Qwen2.5-7B,3.0,4.0,2.0,2.0,5.0,3.0,2.0,2.0,2.0,2.0,3.0,2.0
605,HingGPT,1.0,1.0,1.0,1.0,5.0,1.0,2.0,2.0,1.0,2.0,3.0,2.0
605,Phi-3.5-mini,1.0,1.0,1.0,1.0,1.0,1.0,2.0,4.0,3.0,4.0,2.0,3.0
605,Qwen2.5-3B,4.0,5.0,4.0,5.0,5.0,4.0,4.0,4.0,3.0,5.0,5.0,4.0
605,Qwen2.5-7B,3.0,4.0,2.0,2.0,3.0,3.0,2.0,1.0,1.0,1.0,3.0,2.0
606,HingGPT,3.0,2.0,2.0,2.0,3.0,2.0,2.0,2.0,1.0,2.0,2.0,2.0
606,Phi-3.5-mini,1.0,1.0,1.0,1.0,1.0,1.0,3.0,4.0,3.0,4.0,3.0,3.0
606,Qwen2.5-3B,1.0,1.0,1.0,1.0,5.0,1.0,3.0,2.0,1.0,1.0,5.0,2.0
606,Qwen2.5-7B,3.0,4.0,2.0,2.0,5.0,3.0,2.0,2.0,2.0,1.0,3.0,2.0
607,HingGPT,3.0,2.0,2.0,1.0,1.0,2.0,2.0,3.0,2.0,2.0,2.0,2.0
607,Phi-3.5-mini,1.0,1.0,1.0,1.0,1.0,1.0,3.0,4.0,3.0,4.0,5.0,4.0
607,Qwen2.5-3B,4.0,4.0,4.0,5.0,5.0,4.0,3.0,2.0,2.0,3.0,3.0,3.0
607,Qwen2.5-7B,4.0,5.0,3.0,4.0,5.0,4.0,4.0,4.0,3.0,4.0,4.0,4.0
608,HingGPT,3.0,2.0,2.0,2.0,2.0,2.0,3.0,4.0,2.0,3.0,3.0,3.0
608,Phi-3.5-mini,1.0,1.0,1.0,1.0,1.0,1.0,2.0,1.0,1.0,1.0,1.0,1.0
608,Qwen2.5-3B,4.0,4.0,4.0,5.0,5.0,4.0,3.0,4.0,3.0,4.0,3.0,3.0
608,Qwen2.5-7B,3.0,2.0,2.0,1.0,5.0,2.0,3.0,2.0,1.0,1.0,1.0,2.0
609,HingGPT,2.0,1.0,1.0,1.0,3.0,2.0,2.0,2.0,2.0,2.0,3.0,2.0
609,Phi-3.5-mini,1.0,1.0,1.0,1.0,1.0,1.0,3.0,4.0,3.0,5.0,5.0,4.0
609,Qwen2.5-3B,2.0,1.0,1.0,1.0,5.0,2.0,2.0,1.0,1.0,1.0,3.0,2.0
609,Qwen2.5-7B,4.0,4.0,3.0,4.0,5.0,4.0,3.0,2.0,2.0,2.0,4.0,3.0
610,HingGPT,1.0,1.0,1.0,1.0,1.0,1.0,1.0,1.0,1.0,1.0,1.0,1.0
610,Phi-3.5-mini,1.0,1.0,1.0,1.0,1.0,1.0,3.0,4.0,3.0,4.0,3.0,3.0
610,Qwen2.5-3B,4.0,4.0,4.0,5.0,5.0,4.0,4.0,4.0,4.0,5.0,4.0,4.0
610,Qwen2.5-7B,4.0,5.0,4.0,5.0,5.0,5.0,4.0,4.0,3.0,4.0,5.0,4.0
611,HingGPT,1.0,1.0,1.0,1.0,1.0,1.0,2.0,3.0,2.0,2.0,2.0,2.0
611,Phi-3.5-mini,1.0,1.0,1.0,1.0,1.0,1.0,3.0,4.0,2.0,4.0,3.0,3.0
611,Qwen2.5-3B,4.0,5.0,3.0,4.0,5.0,4.0,4.0,4.0,3.0,4.0,5.0,4.0
611,Qwen2.5-7B,4.0,5.0,3.0,4.0,5.0,4.0,3.0,2.0,1.0,4.0,5.0,3.0
612,HingGPT,2.0,3.0,2.0,1.0,3.0,2.0,2.0,2.0,1.0,2.0,3.0,2.0
612,Phi-3.5-mini,1.0,1.0,1.0,1.0,1.0,1.0,1.0,1.0,1.0,1.0,1.0,1.0
612,Qwen2.5-3B,4.0,4.0,4.0,5.0,5.0,4.0,4.0,4.0,4.0,4.0,4.0,4.0
612,Qwen2.5-7B,1.0,1.0,1.0,1.0,5.0,1.0,1.0,1.0,1.0,1.0,1.0,1.0
613,HingGPT,3.0,4.0,2.0,3.0,3.0,3.0,3.0,4.0,2.0,3.0,3.0,3.0
613,Phi-3.5-mini,1.0,1.0,1.0,1.0,1.0,1.0,3.0,4.0,3.0,5.0,3.0,4.0
613,Qwen2.5-3B,1.0,1.0,1.0,1.0,5.0,1.0,2.0,3.0,1.0,2.0,3.0,2.0
613,Qwen2.5-7B,4.0,5.0,4.0,5.0,5.0,5.0,4.0,4.0,3.0,4.0,5.0,4.0
614,HingGPT,1.0,1.0,1.0,1.0,3.0,1.0,2.0,2.0,1.0,1.0,3.0,2.0
614,Phi-3.5-mini,1.0,1.0,1.0,1.0,1.0,1.0,3.0,4.0,3.0,5.0,1.0,3.0
614,Qwen2.5-3B,4.0,5.0,3.0,5.0,5.0,4.0,4.0,4.0,3.0,5.0,5.0,4.0
614,Qwen2.5-7B,3.0,4.0,2.0,3.0,5.0,3.0,3.0,4.0,3.0,3.0,2.0,3.0
615,HingGPT,3.0,4.0,2.0,3.0,3.0,3.0,3.0,4.0,2.0,3.0,3.0,3.0
615,Phi-3.5-mini,1.0,1.0,1.0,1.0,1.0,1.0,1.0,1.0,1.0,1.0,1.0,1.0
615,Qwen2.5-3B,3.0,4.0,2.0,3.0,5.0,3.0,3.0,4.0,3.0,3.0,3.0,3.0
615,Qwen2.5-7B,4.0,5.0,4.0,5.0,5.0,4.0,4.0,4.0,4.0,5.0,5.0,4.0
616,HingGPT,3.0,2.0,2.0,2.0,3.0,2.0,3.0,4.0,2.0,3.0,3.0,3.0
616,Phi-3.5-mini,1.0,1.0,1.0,1.0,1.0,1.0,3.0,4.0,2.0,4.0,3.0,3.0
616,Qwen2.5-3B,3.0,3.0,2.0,2.0,5.0,3.0,4.0,4.0,3.0,5.0,5.0,4.0
616,Qwen2.5-7B,4.0,5.0,3.0,5.0,5.0,4.0,,,,,,
617,HingGPT,2.0,3.0,2.0,2.0,3.0,2.0,2.0,2.0,1.0,1.0,2.0,2.0
617,Phi-3.5-mini,1.0,1.0,1.0,1.0,1.0,1.0,4.0,4.0,3.0,5.0,5.0,4.0
617,Qwen2.5-3B,4.0,4.0,3.0,4.0,5.0,4.0,4.0,4.0,3.0,4.0,4.0,4.0
617,Qwen2.5-7B,4.0,5.0,4.0,5.0,5.0,4.0,3.0,5.0,3.0,5.0,5.0,4.0
618,HingGPT,1.0,1.0,1.0,1.0,1.0,1.0,2.0,2.0,1.0,1.0,1.0,2.0
618,Phi-3.5-mini,1.0,1.0,1.0,1.0,1.0,1.0,4.0,4.0,3.0,4.0,3.0,4.0
618,Qwen2.5-3B,4.0,5.0,4.0,5.0,5.0,4.0,4.0,4.0,4.0,5.0,5.0,4.0
618,Qwen2.5-7B,3.0,4.0,3.0,4.0,5.0,4.0,3.0,2.0,2.0,1.0,5.0,2.0
619,HingGPT,1.0,1.0,1.0,1.0,1.0,1.0,2.0,2.0,1.0,1.0,2.0,2.0
619,Phi-3.5-mini,1.0,1.0,1.0,1.0,1.0,1.0,3.0,4.0,3.0,4.0,3.0,3.0
619,Qwen2.5-3B,4.0,4.0,3.0,4.0,4.0,4.0,3.0,4.0,3.0,4.0,4.0,3.0
619,Qwen2.5-7B,3.0,4.0,2.0,3.0,4.0,3.0,3.0,4.0,3.0,4.0,4.0,3.0
620,HingGPT,2.0,3.0,1.0,1.0,5.0,2.0,3.0,2.0,1.0,2.0,3.0,2.0
620,Phi-3.5-mini,1.0,1.0,1.0,1.0,1.0,1.0,2.0,3.0,2.0,3.0,1.0,2.0
620,Qwen2.5-3B,4.0,5.0,3.0,5.0,5.0,4.0,2.0,3.0,3.0,2.0,3.0,2.0
620,Qwen2.5-7B,4.0,5.0,4.0,5.0,5.0,5.0,5.0,5.0,5.0,5.0,5.0,5.0
621,HingGPT,2.0,3.0,2.0,1.0,3.0,2.0,2.0,2.0,1.0,2.0,2.0,2.0
621,Phi-3.5-mini,1.0,1.0,1.0,1.0,1.0,1.0,3.0,4.0,3.0,4.0,3.0,3.0
621,Qwen2.5-3B,4.0,5.0,3.0,4.0,5.0,4.0,4.0,4.0,3.0,5.0,5.0,4.0
621,Qwen2.5-7B,2.0,2.0,1.0,1.0,5.0,2.0,3.0,2.0,1.0,2.0,5.0,2.0
622,HingGPT,1.0,1.0,1.0,1.0,1.0,1.0,2.0,3.0,2.0,2.0,2.0,2.0
622,Phi-3.5-mini,1.0,1.0,1.0,1.0,1.0,1.0,4.0,4.0,3.0,4.0,3.0,4.0
622,Qwen2.5-3B,1.0,1.0,1.0,1.0,5.0,1.0,3.0,2.0,1.0,1.0,5.0,2.0
622,Qwen2.5-7B,3.0,3.0,2.0,2.0,4.0,3.0,3.0,2.0,1.0,2.0,3.0,2.0
623,HingGPT,2.0,3.0,2.0,1.0,3.0,2.0,2.0,3.0,2.0,2.0,3.0,2.0
623,Phi-3.5-mini,3.0,3.0,1.0,1.0,3.0,2.0,5.0,5.0,5.0,5.0,5.0,5.0
623,Qwen2.5-3B,3.0,3.0,2.0,3.0,3.0,3.0,2.0,2.0,1.0,1.0,1.0,1.0
623,Qwen2.5-7B,3.0,3.0,2.0,2.0,5.0,3.0,3.0,2.0,1.0,2.0,5.0,2.0
624,HingGPT,2.0,2.0,1.0,1.0,3.0,2.0,2.0,2.0,1.0,2.0,3.0,2.0
624,Phi-3.5-mini,1.0,1.0,1.0,1.0,1.0,1.0,3.0,3.0,2.0,3.0,3.0,3.0
624,Qwen2.5-3B,4.0,5.0,4.0,5.0,5.0,5.0,4.0,4.0,3.0,5.0,5.0,4.0
624,Qwen2.5-7B,3.0,4.0,2.0,2.0,5.0,3.0,2.0,2.0,2.0,2.0,3.0,2.0
625,HingGPT,1.0,1.0,1.0,1.0,1.0,1.0,2.0,3.0,2.0,2.0,2.0,2.0
625,Phi-3.5-mini,1.0,1.0,1.0,1.0,1.0,1.0,3.0,4.0,3.0,5.0,3.0,4.0
625,Qwen2.5-3B,4.0,5.0,3.0,5.0,5.0,4.0,5.0,5.0,5.0,5.0,5.0,5.0
625,Qwen2.5-7B,4.0,4.0,3.0,3.0,4.0,3.0,3.0,4.0,3.0,4.0,4.0,3.0
626,HingGPT,2.0,2.0,1.0,1.0,1.0,1.0,2.0,3.0,2.0,2.0,3.0,2.0
626,Phi-3.5-mini,1.0,1.0,1.0,1.0,1.0,1.0,2.0,2.0,1.0,2.0,1.0,2.0
626,Qwen2.5-3B,3.0,4.0,2.0,2.0,5.0,3.0,4.0,4.0,3.0,4.0,5.0,4.0
626,Qwen2.5-7B,4.0,5.0,4.0,5.0,5.0,4.0,4.0,4.0,3.0,5.0,5.0,4.0
627,HingGPT,3.0,4.0,2.0,3.0,4.0,3.0,3.0,4.0,2.0,3.0,3.0,3.0
627,Phi-3.5-mini,1.0,1.0,1.0,1.0,1.0,1.0,2.0,3.0,1.0,2.0,1.0,2.0
627,Qwen2.5-3B,3.0,4.0,2.0,3.0,3.0,3.0,2.0,2.0,2.0,2.0,3.0,2.0
627,Qwen2.5-7B,4.0,4.0,3.0,4.0,5.0,4.0,4.0,4.0,1.0,4.0,5.0,4.0
628,HingGPT,1.0,1.0,1.0,1.0,1.0,1.0,1.0,2.0,1.0,1.0,1.0,1.0
628,Phi-3.5-mini,1.0,1.0,1.0,1.0,1.0,1.0,3.0,4.0,1.0,1.0,3.0,2.0
628,Qwen2.5-3B,1.0,1.0,1.0,1.0,5.0,1.0,2.0,1.0,1.0,1.0,3.0,2.0
628,Qwen2.5-7B,4.0,4.0,3.0,4.0,4.0,4.0,4.0,5.0,3.0,5.0,4.0,4.0
629,HingGPT,3.0,4.0,2.0,2.0,5.0,3.0,2.0,2.0,1.0,1.0,3.0,2.0
629,Phi-3.5-mini,1.0,1.0,1.0,1.0,1.0,1.0,4.0,5.0,3.0,5.0,5.0,4.0
629,Qwen2.5-3B,4.0,5.0,4.0,5.0,5.0,5.0,4.0,4.0,4.0,5.0,5.0,4.0
629,Qwen2.5-7B,3.0,4.0,3.0,3.0,5.0,3.0,2.0,2.0,2.0,1.0,5.0,2.0
630,HingGPT,1.0,1.0,1.0,1.0,1.0,1.0,2.0,2.0,2.0,2.0,3.0,2.0
630,Phi-3.5-mini,1.0,1.0,1.0,1.0,1.0,1.0,3.0,4.0,3.0,4.0,3.0,3.0
630,Qwen2.5-3B,4.0,4.0,3.0,4.0,5.0,4.0,4.0,4.0,3.0,4.0,5.0,4.0
630,Qwen2.5-7B,4.0,4.0,3.0,4.0,5.0,4.0,3.0,3.0,1.0,4.0,5.0,3.0
631,HingGPT,3.0,4.0,2.0,2.0,5.0,3.0,2.0,3.0,2.0,2.0,3.0,2.0
631,Phi-3.5-mini,1.0,1.0,1.0,1.0,1.0,1.0,3.0,4.0,2.0,3.0,5.0,3.0
631,Qwen2.5-3B,3.0,4.0,2.0,3.0,4.0,3.0,3.0,3.0,1.0,2.0,3.0,2.0
631,Qwen2.5-7B,3.0,4.0,2.0,2.0,5.0,3.0,3.0,2.0,2.0,1.0,5.0,2.0
632,HingGPT,3.0,4.0,2.0,3.0,4.0,3.0,3.0,2.0,1.0,2.0,3.0,2.0
632,Phi-3.5-mini,1.0,1.0,1.0,1.0,1.0,1.0,3.0,4.0,3.0,5.0,5.0,4.0
632,Qwen2.5-3B,4.0,5.0,4.0,5.0,5.0,5.0,4.0,4.0,3.0,5.0,5.0,4.0
632,Qwen2.5-7B,3.0,4.0,2.0,2.0,5.0,3.0,2.0,1.0,1.0,1.0,3.0,2.0
633,HingGPT,1.0,1.0,1.0,1.0,1.0,1.0,1.0,1.0,1.0,1.0,1.0,1.0
633,Phi-3.5-mini,1.0,1.0,1.0,1.0,1.0,1.0,3.0,4.0,3.0,4.0,3.0,3.0
633,Qwen2.5-3B,4.0,4.0,3.0,4.0,5.0,4.0,3.0,4.0,3.0,4.0,5.0,3.0
633,Qwen2.5-7B,4.0,4.0,3.0,5.0,5.0,4.0,3.0,2.0,3.0,4.0,5.0,3.0
634,HingGPT,1.0,1.0,1.0,1.0,1.0,1.0,2.0,3.0,2.0,3.0,1.0,2.0
634,Phi-3.5-mini,1.0,1.0,1.0,1.0,1.0,1.0,4.0,4.0,3.0,4.0,3.0,4.0
634,Qwen2.5-3B,4.0,5.0,3.0,4.0,5.0,4.0,4.0,4.0,3.0,5.0,5.0,4.0
634,Qwen2.5-7B,3.0,4.0,3.0,2.0,5.0,3.0,3.0,2.0,1.0,2.0,5.0,2.0
635,HingGPT,3.0,2.0,2.0,2.0,1.0,2.0,2.0,3.0,2.0,2.0,2.0,2.0
635,Phi-3.5-mini,1.0,1.0,1.0,1.0,1.0,1.0,1.0,1.0,1.0,1.0,1.0,1.0
635,Qwen2.5-3B,3.0,4.0,2.0,3.0,3.0,3.0,3.0,4.0,3.0,3.0,2.0,3.0
635,Qwen2.5-7B,4.0,4.0,3.0,4.0,3.0,3.0,3.0,3.0,2.0,3.0,3.0,3.0
636,HingGPT,3.0,4.0,2.0,3.0,3.0,3.0,3.0,4.0,2.0,3.0,3.0,3.0
636,Phi-3.5-mini,1.0,1.0,1.0,1.0,1.0,1.0,5.0,5.0,5.0,5.0,5.0,5.0
636,Qwen2.5-3B,4.0,5.0,4.0,5.0,5.0,4.0,4.0,4.0,4.0,5.0,5.0,4.0
636,Qwen2.5-7B,4.0,4.0,4.0,5.0,5.0,4.0,5.0,5.0,1.0,5.0,5.0,5.0
637,HingGPT,4.0,5.0,3.0,4.0,5.0,4.0,3.0,4.0,2.0,3.0,4.0,3.0
637,Phi-3.5-mini,1.0,1.0,1.0,1.0,1.0,1.0,4.0,4.0,3.0,5.0,5.0,4.0
637,Qwen2.5-3B,4.0,4.0,4.0,5.0,5.0,4.0,4.0,4.0,3.0,4.0,4.0,4.0
637,Qwen2.5-7B,4.0,4.0,4.0,5.0,5.0,4.0,4.0,4.0,4.0,5.0,5.0,4.0
638,HingGPT,3.0,4.0,2.0,3.0,5.0,3.0,3.0,4.0,1.0,2.0,3.0,3.0
638,Phi-3.5-mini,1.0,1.0,1.0,1.0,1.0,1.0,1.0,1.0,1.0,1.0,1.0,1.0
638,Qwen2.5-3B,3.0,3.0,2.0,3.0,5.0,3.0,3.0,4.0,3.0,4.0,5.0,3.0
638,Qwen2.5-7B,4.0,4.0,3.0,4.0,5.0,4.0,4.0,4.0,3.0,4.0,3.0,4.0
639,HingGPT,2.0,3.0,2.0,1.0,3.0,2.0,2.0,2.0,1.0,2.0,3.0,2.0
639,Phi-3.5-mini,1.0,1.0,1.0,1.0,1.0,1.0,3.0,4.0,3.0,4.0,3.0,3.0
639,Qwen2.5-3B,1.0,1.0,1.0,1.0,5.0,1.0,2.0,2.0,2.0,2.0,3.0,2.0
639,Qwen2.5-7B,4.0,4.0,3.0,4.0,5.0,4.0,4.0,4.0,3.0,4.0,4.0,4.0
640,HingGPT,1.0,1.0,1.0,1.0,1.0,1.0,2.0,3.0,1.0,1.0,1.0,2.0
640,Phi-3.5-mini,1.0,1.0,1.0,1.0,1.0,1.0,3.0,4.0,3.0,4.0,5.0,3.0
640,Qwen2.5-3B,4.0,5.0,4.0,5.0,5.0,5.0,4.0,4.0,4.0,5.0,5.0,5.0
640,Qwen2.5-7B,4.0,5.0,4.0,5.0,5.0,4.0,4.0,4.0,4.0,5.0,5.0,4.0
641,HingGPT,1.0,1.0,1.0,1.0,1.0,1.0,2.0,2.0,1.0,1.0,1.0,2.0
641,Phi-3.5-mini,1.0,1.0,1.0,1.0,1.0,1.0,1.0,1.0,1.0,1.0,1.0,1.0
641,Qwen2.5-3B,3.0,4.0,3.0,4.0,5.0,4.0,3.0,4.0,2.0,4.0,5.0,3.0
641,Qwen2.5-7B,4.0,4.0,3.0,4.0,5.0,4.0,3.0,2.0,2.0,3.0,3.0,3.0
642,HingGPT,1.0,1.0,1.0,1.0,5.0,1.0,2.0,2.0,1.0,1.0,3.0,2.0
642,Phi-3.5-mini,1.0,1.0,1.0,1.0,1.0,1.0,3.0,4.0,3.0,4.0,3.0,3.0
642,Qwen2.5-3B,4.0,4.0,3.0,4.0,5.0,4.0,3.0,4.0,2.0,3.0,3.0,3.0
642,Qwen2.5-7B,3.0,4.0,2.0,2.0,5.0,3.0,2.0,2.0,2.0,1.0,3.0,2.0
643,HingGPT,3.0,2.0,2.0,3.0,3.0,3.0,2.0,2.0,2.0,2.0,2.0,2.0
643,Phi-3.5-mini,1.0,1.0,1.0,1.0,1.0,1.0,4.0,5.0,5.0,5.0,5.0,5.0
643,Qwen2.5-3B,3.0,2.0,2.0,1.0,5.0,2.0,3.0,2.0,4.0,3.0,5.0,3.0
643,Qwen2.5-7B,1.0,1.0,1.0,1.0,5.0,1.0,2.0,1.0,2.0,1.0,5.0,2.0
644,HingGPT,2.0,3.0,2.0,1.0,3.0,2.0,2.0,3.0,2.0,2.0,3.0,2.0
644,Phi-3.5-mini,1.0,1.0,1.0,1.0,1.0,1.0,3.0,3.0,3.0,3.0,5.0,3.0
644,Qwen2.5-3B,3.0,2.0,1.0,1.0,5.0,2.0,3.0,2.0,3.0,3.0,4.0,3.0
644,Qwen2.5-7B,4.0,4.0,4.0,5.0,5.0,4.0,4.0,4.0,4.0,5.0,5.0,4.0
645,HingGPT,3.0,2.0,1.0,1.0,1.0,1.0,2.0,3.0,2.0,3.0,3.0,2.0
645,Phi-3.5-mini,1.0,1.0,1.0,1.0,1.0,1.0,3.0,4.0,3.0,4.0,3.0,3.0
645,Qwen2.5-3B,4.0,5.0,4.0,5.0,5.0,4.0,4.0,4.0,3.0,4.0,5.0,4.0
645,Qwen2.5-7B,4.0,4.0,3.0,4.0,5.0,4.0,4.0,4.0,4.0,5.0,5.0,5.0
646,HingGPT,1.0,1.0,1.0,1.0,1.0,1.0,2.0,3.0,2.0,3.0,3.0,2.0
646,Phi-3.5-mini,1.0,1.0,1.0,1.0,1.0,1.0,3.0,4.0,3.0,4.0,3.0,3.0
646,Qwen2.5-3B,4.0,5.0,3.0,4.0,5.0,4.0,4.0,4.0,4.0,5.0,5.0,4.0
646,Qwen2.5-7B,3.0,4.0,2.0,2.0,3.0,3.0,3.0,4.0,2.0,3.0,4.0,3.0
647,HingGPT,2.0,3.0,2.0,3.0,2.0,3.0,2.0,2.0,2.0,2.0,2.0,2.0
647,Phi-3.5-mini,1.0,1.0,1.0,1.0,1.0,1.0,3.0,4.0,3.0,4.0,2.0,3.0
647,Qwen2.5-3B,4.0,4.0,3.0,4.0,3.0,4.0,4.0,4.0,3.0,4.0,5.0,4.0
647,Qwen2.5-7B,3.0,3.0,2.0,2.0,3.0,2.0,2.0,2.0,2.0,2.0,3.0,2.0
648,HingGPT,3.0,3.0,2.0,2.0,3.0,2.0,2.0,3.0,2.0,3.0,2.0,2.0
648,Phi-3.5-mini,3.0,5.0,3.0,5.0,5.0,4.0,5.0,5.0,5.0,5.0,5.0,5.0
648,Qwen2.5-3B,4.0,4.0,3.0,4.0,5.0,4.0,3.0,4.0,2.0,3.0,5.0,3.0
648,Qwen2.5-7B,3.0,4.0,3.0,4.0,5.0,4.0,3.0,2.0,1.0,2.0,5.0,2.0
649,HingGPT,2.0,3.0,1.0,1.0,5.0,2.0,3.0,3.0,1.0,1.0,3.0,2.0
649,Phi-3.5-mini,1.0,1.0,1.0,1.0,1.0,1.0,3.0,3.0,2.0,2.0,2.0,2.0
649,Qwen2.5-3B,3.0,3.0,2.0,1.0,5.0,2.0,3.0,2.0,2.0,2.0,3.0,2.0
649,Qwen2.5-7B,3.0,4.0,2.0,2.0,3.0,3.0,3.0,2.0,1.0,1.0,3.0,2.0
650,HingGPT,4.0,5.0,3.0,4.0,5.0,4.0,4.0,4.0,2.0,4.0,3.0,3.0
650,Phi-3.5-mini,1.0,1.0,1.0,1.0,1.0,1.0,3.0,4.0,3.0,5.0,5.0,4.0
650,Qwen2.5-3B,1.0,1.0,1.0,1.0,5.0,1.0,1.0,1.0,1.0,1.0,1.0,1.0
650,Qwen2.5-7B,4.0,5.0,4.0,5.0,5.0,5.0,5.0,5.0,5.0,5.0,5.0,5.0
651,HingGPT,3.0,4.0,2.0,2.0,3.0,3.0,3.0,4.0,2.0,3.0,4.0,3.0
651,Phi-3.5-mini,1.0,1.0,1.0,1.0,1.0,1.0,3.0,4.0,3.0,4.0,3.0,3.0
651,Qwen2.5-3B,4.0,5.0,4.0,5.0,5.0,5.0,4.0,4.0,4.0,5.0,5.0,4.0
651,Qwen2.5-7B,4.0,5.0,4.0,5.0,5.0,5.0,4.0,5.0,5.0,5.0,5.0,5.0
652,HingGPT,4.0,4.0,3.0,4.0,5.0,4.0,3.0,4.0,2.0,3.0,4.0,3.0
652,Phi-3.5-mini,1.0,1.0,1.0,1.0,1.0,1.0,5.0,5.0,5.0,5.0,5.0,5.0
652,Qwen2.5-3B,4.0,4.0,4.0,5.0,5.0,4.0,4.0,4.0,4.0,5.0,5.0,4.0
652,Qwen2.5-7B,4.0,5.0,3.0,4.0,5.0,4.0,4.0,4.0,1.0,4.0,5.0,4.0
653,HingGPT,1.0,1.0,1.0,1.0,1.0,1.0,2.0,3.0,2.0,2.0,2.0,2.0
653,Phi-3.5-mini,1.0,1.0,1.0,1.0,1.0,1.0,3.0,4.0,3.0,4.0,3.0,3.0
653,Qwen2.5-3B,4.0,4.0,3.0,4.0,5.0,4.0,4.0,4.0,3.0,4.0,5.0,4.0
653,Qwen2.5-7B,3.0,4.0,3.0,2.0,5.0,3.0,2.0,2.0,2.0,1.0,5.0,2.0
654,HingGPT,3.0,4.0,2.0,3.0,4.0,3.0,3.0,4.0,2.0,3.0,3.0,3.0
654,Phi-3.5-mini,1.0,1.0,1.0,1.0,1.0,1.0,3.0,4.0,2.0,3.0,2.0,3.0
654,Qwen2.5-3B,3.0,4.0,2.0,3.0,5.0,3.0,3.0,2.0,1.0,2.0,3.0,2.0
654,Qwen2.5-7B,3.0,4.0,2.0,3.0,4.0,3.0,3.0,4.0,2.0,3.0,3.0,3.0
655,HingGPT,1.0,1.0,1.0,1.0,1.0,1.0,2.0,1.0,1.0,2.0,1.0,2.0
655,Phi-3.5-mini,1.0,1.0,1.0,1.0,1.0,1.0,3.0,4.0,3.0,4.0,3.0,3.0
655,Qwen2.5-3B,1.0,1.0,1.0,1.0,5.0,1.0,3.0,1.0,1.0,1.0,3.0,1.0
655,Qwen2.5-7B,4.0,5.0,3.0,3.0,5.0,4.0,2.0,2.0,2.0,1.0,3.0,2.0
656,HingGPT,2.0,3.0,2.0,2.0,3.0,2.0,2.0,2.0,1.0,2.0,3.0,2.0
656,Phi-3.5-mini,1.0,1.0,1.0,1.0,1.0,1.0,3.0,4.0,3.0,4.0,2.0,3.0
656,Qwen2.5-3B,4.0,5.0,3.0,4.0,5.0,4.0,4.0,4.0,2.0,4.0,5.0,3.0
656,Qwen2.5-7B,4.0,5.0,4.0,5.0,5.0,5.0,4.0,4.0,4.0,4.0,4.0,4.0
657,HingGPT,3.0,4.0,2.0,2.0,5.0,3.0,3.0,3.0,2.0,2.0,3.0,3.0
657,Phi-3.5-mini,1.0,1.0,1.0,1.0,1.0,1.0,3.0,3.0,3.0,3.0,4.0,3.0
657,Qwen2.5-3B,3.0,2.0,2.0,3.0,5.0,3.0,3.0,3.0,3.0,3.0,3.0,3.0
657,Qwen2.5-7B,4.0,4.0,3.0,5.0,5.0,4.0,3.0,4.0,3.0,3.0,5.0,3.0
658,HingGPT,2.0,3.0,2.0,1.0,3.0,2.0,1.0,1.0,1.0,1.0,1.0,1.0
658,Phi-3.5-mini,1.0,1.0,1.0,1.0,1.0,1.0,3.0,4.0,3.0,4.0,3.0,3.0
658,Qwen2.5-3B,4.0,4.0,3.0,4.0,4.0,4.0,3.0,4.0,3.0,4.0,4.0,3.0
658,Qwen2.5-7B,3.0,4.0,3.0,2.0,3.0,3.0,4.0,4.0,3.0,3.0,5.0,3.0
659,HingGPT,2.0,3.0,2.0,1.0,3.0,2.0,2.0,3.0,2.0,2.0,3.0,2.0
659,Phi-3.5-mini,1.0,1.0,1.0,1.0,1.0,1.0,3.0,2.0,1.0,1.0,3.0,2.0
659,Qwen2.5-3B,4.0,4.0,3.0,4.0,4.0,4.0,3.0,4.0,3.0,4.0,4.0,3.0
659,Qwen2.5-7B,3.0,3.0,2.0,1.0,5.0,2.0,2.0,1.0,2.0,1.0,3.0,2.0
660,HingGPT,1.0,1.0,1.0,1.0,1.0,1.0,1.0,1.0,1.0,1.0,1.0,1.0
660,Phi-3.5-mini,1.0,1.0,1.0,1.0,1.0,1.0,3.0,4.0,3.0,4.0,3.0,3.0
660,Qwen2.5-3B,4.0,4.0,3.0,4.0,5.0,4.0,3.0,4.0,2.0,3.0,5.0,3.0
660,Qwen2.5-7B,4.0,4.0,3.0,4.0,5.0,4.0,3.0,4.0,2.0,4.0,5.0,3.0
661,HingGPT,3.0,3.0,2.0,2.0,3.0,2.0,2.0,2.0,1.0,1.0,1.0,1.0
661,Phi-3.5-mini,1.0,1.0,1.0,1.0,1.0,1.0,5.0,5.0,5.0,5.0,5.0,5.0
661,Qwen2.5-3B,4.0,5.0,4.0,5.0,5.0,4.0,3.0,4.0,2.0,3.0,5.0,3.0
661,Qwen2.5-7B,5.0,5.0,5.0,5.0,5.0,5.0,5.0,5.0,5.0,5.0,5.0,5.0
662,HingGPT,2.0,2.0,1.0,1.0,3.0,2.0,2.0,3.0,2.0,2.0,3.0,2.0
662,Phi-3.5-mini,1.0,1.0,1.0,1.0,1.0,1.0,3.0,4.0,3.0,3.0,3.0,3.0
662,Qwen2.5-3B,4.0,4.0,3.0,4.0,5.0,4.0,3.0,4.0,2.0,3.0,3.0,3.0
662,Qwen2.5-7B,1.0,1.0,1.0,1.0,5.0,1.0,3.0,2.0,1.0,2.0,5.0,2.0
663,HingGPT,1.0,1.0,1.0,1.0,1.0,1.0,1.0,1.0,1.0,1.0,1.0,1.0
663,Phi-3.5-mini,1.0,1.0,1.0,1.0,1.0,1.0,2.0,3.0,1.0,1.0,1.0,2.0
663,Qwen2.5-3B,4.0,4.0,3.0,4.0,4.0,4.0,4.0,4.0,3.0,4.0,4.0,4.0
663,Qwen2.5-7B,3.0,4.0,2.0,2.0,3.0,3.0,2.0,2.0,2.0,1.0,3.0,2.0
664,HingGPT,1.0,1.0,1.0,1.0,1.0,1.0,2.0,3.0,2.0,3.0,1.0,2.0
664,Phi-3.5-mini,1.0,1.0,1.0,1.0,1.0,1.0,3.0,3.0,2.0,3.0,1.0,2.0
664,Qwen2.5-3B,3.0,3.0,2.0,1.0,5.0,2.0,3.0,3.0,2.0,2.0,5.0,3.0
664,Qwen2.5-7B,4.0,5.0,3.0,5.0,5.0,4.0,5.0,5.0,5.0,5.0,5.0,5.0
665,HingGPT,3.0,2.0,2.0,1.0,5.0,2.0,2.0,3.0,2.0,2.0,3.0,2.0
665,Phi-3.5-mini,1.0,1.0,1.0,1.0,1.0,1.0,1.0,1.0,1.0,1.0,1.0,1.0
665,Qwen2.5-3B,1.0,1.0,1.0,1.0,1.0,1.0,1.0,1.0,1.0,1.0,1.0,1.0
665,Qwen2.5-7B,4.0,5.0,4.0,5.0,5.0,4.0,4.0,5.0,5.0,5.0,5.0,5.0
666,HingGPT,3.0,2.0,2.0,2.0,3.0,2.0,3.0,4.0,2.0,3.0,3.0,3.0
666,Phi-3.5-mini,1.0,1.0,1.0,1.0,1.0,1.0,3.0,4.0,3.0,4.0,5.0,4.0
666,Qwen2.5-3B,4.0,5.0,4.0,5.0,5.0,5.0,4.0,4.0,4.0,5.0,5.0,5.0
666,Qwen2.5-7B,3.0,4.0,3.0,4.0,5.0,4.0,2.0,2.0,1.0,1.0,5.0,2.0
667,HingGPT,4.0,4.0,3.0,4.0,5.0,4.0,2.0,3.0,2.0,3.0,4.0,3.0
667,Phi-3.5-mini,1.0,1.0,1.0,1.0,1.0,1.0,3.0,4.0,3.0,4.0,5.0,4.0
667,Qwen2.5-3B,3.0,4.0,2.0,3.0,5.0,3.0,3.0,4.0,2.0,3.0,5.0,3.0
667,Qwen2.5-7B,4.0,5.0,4.0,5.0,5.0,4.0,4.0,4.0,4.0,5.0,5.0,4.0
668,HingGPT,3.0,2.0,2.0,2.0,4.0,2.0,2.0,3.0,1.0,2.0,3.0,2.0
668,Phi-3.5-mini,1.0,1.0,1.0,1.0,1.0,1.0,2.0,2.0,2.0,2.0,3.0,2.0
668,Qwen2.5-3B,4.0,5.0,3.0,4.0,5.0,4.0,2.0,3.0,2.0,2.0,3.0,2.0
668,Qwen2.5-7B,1.0,1.0,1.0,1.0,5.0,1.0,1.0,1.0,1.0,1.0,1.0,1.0
669,HingGPT,3.0,3.0,2.0,2.0,4.0,3.0,3.0,3.0,2.0,3.0,3.0,3.0
669,Phi-3.5-mini,1.0,1.0,1.0,1.0,1.0,1.0,5.0,5.0,5.0,5.0,5.0,5.0
669,Qwen2.5-3B,3.0,5.0,3.0,5.0,5.0,4.0,5.0,5.0,5.0,5.0,5.0,5.0
669,Qwen2.5-7B,3.0,3.0,2.0,2.0,5.0,2.0,3.0,3.0,2.0,3.0,5.0,3.0
670,HingGPT,2.0,3.0,1.0,1.0,1.0,2.0,2.0,2.0,1.0,1.0,1.0,1.0
670,Phi-3.5-mini,1.0,1.0,1.0,1.0,1.0,1.0,5.0,5.0,5.0,5.0,5.0,5.0
670,Qwen2.5-3B,3.0,4.0,2.0,3.0,5.0,3.0,3.0,4.0,2.0,3.0,3.0,3.0
670,Qwen2.5-7B,5.0,5.0,5.0,5.0,5.0,5.0,5.0,5.0,5.0,5.0,5.0,5.0
671,HingGPT,2.0,2.0,1.0,1.0,3.0,2.0,2.0,2.0,2.0,2.0,2.0,2.0
671,Phi-3.5-mini,1.0,1.0,1.0,1.0,1.0,1.0,3.0,4.0,3.0,4.0,5.0,3.0
671,Qwen2.5-3B,3.0,2.0,2.0,1.0,5.0,2.0,2.0,3.0,2.0,2.0,4.0,2.0
671,Qwen2.5-7B,4.0,5.0,4.0,5.0,5.0,4.0,4.0,4.0,3.0,4.0,5.0,4.0
672,HingGPT,1.0,1.0,1.0,1.0,5.0,1.0,2.0,1.0,1.0,1.0,1.0,1.0
672,Phi-3.5-mini,1.0,1.0,1.0,1.0,1.0,1.0,2.0,3.0,1.0,2.0,5.0,2.0
672,Qwen2.5-3B,4.0,4.0,3.0,4.0,4.0,4.0,3.0,4.0,3.0,4.0,3.0,3.0
672,Qwen2.5-7B,4.0,4.0,3.0,4.0,5.0,4.0,4.0,4.0,3.0,4.0,5.0,4.0
673,HingGPT,3.0,4.0,2.0,3.0,4.0,3.0,3.0,4.0,2.0,3.0,4.0,3.0
673,Phi-3.5-mini,1.0,1.0,1.0,1.0,1.0,1.0,3.0,4.0,2.0,3.0,3.0,3.0
673,Qwen2.5-3B,3.0,4.0,2.0,3.0,5.0,3.0,3.0,2.0,1.0,1.0,3.0,2.0
673,Qwen2.5-7B,2.0,3.0,2.0,1.0,5.0,2.0,3.0,2.0,1.0,2.0,3.0,2.0
674,HingGPT,3.0,2.0,2.0,3.0,2.0,3.0,3.0,4.0,2.0,3.0,2.0,3.0
674,Phi-3.5-mini,1.0,1.0,1.0,1.0,1.0,1.0,3.0,4.0,3.0,4.0,5.0,3.0
674,Qwen2.5-3B,4.0,4.0,3.0,4.0,5.0,4.0,4.0,4.0,3.0,4.0,5.0,4.0
674,Qwen2.5-7B,4.0,5.0,3.0,3.0,5.0,4.0,2.0,1.0,1.0,2.0,3.0,2.0
675,HingGPT,3.0,2.0,2.0,2.0,3.0,2.0,3.0,4.0,2.0,3.0,3.0,3.0
675,Phi-3.5-mini,1.0,1.0,1.0,1.0,1.0,1.0,,,,,,
675,Qwen2.5-3B,4.0,4.0,3.0,4.0,4.0,4.0,4.0,4.0,3.0,4.0,4.0,4.0
675,Qwen2.5-7B,4.0,4.0,3.0,4.0,5.0,4.0,1.0,1.0,1.0,1.0,1.0,1.0
676,HingGPT,1.0,1.0,1.0,1.0,1.0,1.0,1.0,1.0,1.0,1.0,1.0,1.0
676,Phi-3.5-mini,1.0,1.0,1.0,1.0,1.0,1.0,3.0,3.0,1.0,2.0,5.0,2.0
676,Qwen2.5-3B,1.0,1.0,1.0,1.0,5.0,1.0,2.0,3.0,1.0,2.0,3.0,2.0
676,Qwen2.5-7B,1.0,1.0,1.0,1.0,5.0,1.0,2.0,1.0,2.0,1.0,5.0,2.0
677,HingGPT,3.0,2.0,1.0,1.0,1.0,1.0,1.0,1.0,1.0,1.0,1.0,1.0
677,Phi-3.5-mini,1.0,1.0,1.0,1.0,1.0,1.0,5.0,5.0,5.0,5.0,5.0,5.0
677,Qwen2.5-3B,4.0,5.0,4.0,5.0,5.0,5.0,5.0,5.0,5.0,5.0,5.0,5.0
677,Qwen2.5-7B,4.0,5.0,3.0,5.0,4.0,4.0,4.0,4.0,3.0,5.0,5.0,4.0
678,HingGPT,2.0,3.0,2.0,1.0,3.0,2.0,3.0,4.0,3.0,4.0,3.0,3.0
678,Phi-3.5-mini,1.0,1.0,1.0,1.0,1.0,1.0,4.0,5.0,3.0,4.0,3.0,4.0
678,Qwen2.5-3B,4.0,4.0,3.0,4.0,5.0,4.0,4.0,4.0,4.0,4.0,4.0,4.0
678,Qwen2.5-7B,4.0,5.0,3.0,3.0,4.0,3.0,2.0,2.0,2.0,1.0,2.0,2.0
679,HingGPT,1.0,1.0,1.0,1.0,5.0,1.0,2.0,2.0,1.0,2.0,3.0,2.0
679,Phi-3.5-mini,1.0,1.0,1.0,1.0,1.0,1.0,3.0,4.0,3.0,4.0,2.0,3.0
679,Qwen2.5-3B,4.0,4.0,3.0,4.0,5.0,4.0,3.0,4.0,2.0,3.0,4.0,3.0
679,Qwen2.5-7B,4.0,3.0,3.0,4.0,4.0,3.0,3.0,4.0,3.0,3.0,4.0,3.0
680,HingGPT,1.0,1.0,1.0,1.0,3.0,1.0,2.0,2.0,1.0,2.0,2.0,2.0
680,Phi-3.5-mini,1.0,1.0,1.0,1.0,1.0,1.0,3.0,4.0,3.0,4.0,3.0,3.0
680,Qwen2.5-3B,4.0,5.0,4.0,5.0,4.0,4.0,4.0,4.0,4.0,5.0,5.0,5.0
680,Qwen2.5-7B,4.0,4.0,3.0,4.0,5.0,4.0,2.0,2.0,1.0,2.0,3.0,2.0
681,HingGPT,3.0,2.0,2.0,1.0,3.0,2.0,2.0,2.0,2.0,2.0,2.0,2.0
681,Phi-3.5-mini,1.0,1.0,1.0,1.0,1.0,1.0,3.0,4.0,2.0,4.0,5.0,3.0
681,Qwen2.5-3B,4.0,5.0,4.0,5.0,5.0,5.0,4.0,4.0,4.0,5.0,5.0,4.0
681,Qwen2.5-7B,4.0,5.0,4.0,5.0,5.0,4.0,4.0,5.0,5.0,5.0,5.0,5.0
682,HingGPT,1.0,1.0,1.0,1.0,1.0,1.0,2.0,2.0,2.0,2.0,2.0,2.0
682,Phi-3.5-mini,1.0,1.0,1.0,1.0,1.0,1.0,3.0,4.0,3.0,4.0,2.0,3.0
682,Qwen2.5-3B,4.0,4.0,3.0,4.0,5.0,4.0,4.0,4.0,3.0,4.0,5.0,4.0
682,Qwen2.5-7B,4.0,5.0,4.0,5.0,5.0,5.0,4.0,4.0,3.0,4.0,5.0,4.0
683,HingGPT,2.0,3.0,2.0,2.0,3.0,2.0,2.0,2.0,1.0,2.0,3.0,2.0
683,Phi-3.5-mini,1.0,1.0,1.0,1.0,1.0,1.0,1.0,1.0,1.0,1.0,1.0,1.0
683,Qwen2.5-3B,4.0,5.0,4.0,5.0,4.0,4.0,4.0,4.0,4.0,5.0,5.0,5.0
683,Qwen2.5-7B,1.0,1.0,1.0,1.0,5.0,1.0,2.0,2.0,2.0,1.0,3.0,2.0
684,HingGPT,3.0,4.0,2.0,3.0,4.0,3.0,2.0,2.0,1.0,2.0,2.0,2.0
684,Phi-3.5-mini,1.0,1.0,1.0,1.0,1.0,1.0,4.0,4.0,4.0,5.0,5.0,4.0
684,Qwen2.5-3B,3.0,4.0,3.0,2.0,5.0,3.0,2.0,2.0,1.0,2.0,3.0,2.0
684,Qwen2.5-7B,1.0,1.0,1.0,1.0,5.0,1.0,2.0,1.0,1.0,2.0,3.0,2.0
685,HingGPT,1.0,1.0,1.0,1.0,1.0,1.0,2.0,3.0,1.0,1.0,1.0,2.0
685,Phi-3.5-mini,1.0,1.0,1.0,1.0,1.0,1.0,2.0,4.0,3.0,3.0,2.0,3.0
685,Qwen2.5-3B,4.0,4.0,3.0,5.0,3.0,4.0,4.0,4.0,4.0,5.0,4.0,4.0
685,Qwen2.5-7B,4.0,4.0,3.0,4.0,3.0,4.0,4.0,4.0,3.0,4.0,5.0,4.0
686,HingGPT,1.0,1.0,1.0,1.0,1.0,1.0,2.0,3.0,2.0,3.0,1.0,2.0
686,Phi-3.5-mini,1.0,1.0,1.0,1.0,3.0,1.0,4.0,4.0,1.0,4.0,5.0,4.0
686,Qwen2.5-3B,4.0,5.0,4.0,5.0,5.0,5.0,3.0,4.0,3.0,4.0,5.0,3.0
686,Qwen2.5-7B,4.0,4.0,3.0,4.0,5.0,4.0,3.0,2.0,1.0,2.0,5.0,2.0
687,HingGPT,1.0,1.0,1.0,1.0,1.0,1.0,1.0,1.0,1.0,1.0,1.0,1.0
687,Phi-3.5-mini,1.0,1.0,1.0,1.0,1.0,1.0,4.0,4.0,3.0,5.0,3.0,4.0
687,Qwen2.5-3B,4.0,4.0,4.0,5.0,5.0,4.0,4.0,4.0,4.0,5.0,5.0,5.0
687,Qwen2.5-7B,4.0,5.0,4.0,5.0,5.0,4.0,4.0,4.0,4.0,5.0,5.0,4.0
688,HingGPT,1.0,1.0,1.0,1.0,1.0,1.0,3.0,4.0,2.0,3.0,3.0,3.0
688,Phi-3.5-mini,1.0,1.0,1.0,1.0,1.0,1.0,4.0,4.0,3.0,4.0,3.0,4.0
688,Qwen2.5-3B,4.0,5.0,3.0,4.0,5.0,4.0,3.0,4.0,3.0,3.0,4.0,3.0
688,Qwen2.5-7B,4.0,5.0,3.0,4.0,5.0,4.0,3.0,2.0,1.0,3.0,5.0,3.0
689,HingGPT,1.0,1.0,1.0,1.0,1.0,1.0,3.0,4.0,2.0,3.0,2.0,3.0
689,Phi-3.5-mini,1.0,1.0,1.0,1.0,1.0,1.0,3.0,3.0,3.0,4.0,3.0,3.0
689,Qwen2.5-3B,3.0,3.0,2.0,2.0,5.0,3.0,3.0,2.0,1.0,1.0,3.0,2.0
689,Qwen2.5-7B,3.0,4.0,2.0,2.0,3.0,3.0,2.0,1.0,1.0,1.0,3.0,2.0
690,HingGPT,1.0,1.0,1.0,1.0,1.0,1.0,3.0,4.0,1.0,1.0,1.0,2.0
690,Phi-3.5-mini,1.0,1.0,1.0,1.0,1.0,1.0,4.0,5.0,5.0,5.0,5.0,5.0
690,Qwen2.5-3B,3.0,4.0,3.0,4.0,5.0,4.0,3.0,3.0,3.0,2.0,5.0,3.0
690,Qwen2.5-7B,4.0,5.0,3.0,4.0,5.0,4.0,2.0,2.0,1.0,1.0,3.0,2.0
691,HingGPT,1.0,1.0,1.0,1.0,5.0,1.0,2.0,3.0,1.0,2.0,1.0,2.0
691,Phi-3.5-mini,1.0,1.0,1.0,1.0,1.0,1.0,3.0,4.0,1.0,3.0,3.0,3.0
691,Qwen2.5-3B,4.0,4.0,3.0,4.0,5.0,4.0,3.0,4.0,2.0,4.0,5.0,3.0
691,Qwen2.5-7B,4.0,4.0,3.0,4.0,5.0,4.0,4.0,4.0,3.0,4.0,5.0,4.0
692,HingGPT,1.0,1.0,1.0,1.0,1.0,1.0,1.0,1.0,1.0,1.0,1.0,1.0
692,Phi-3.5-mini,1.0,1.0,1.0,1.0,1.0,1.0,2.0,3.0,2.0,2.0,3.0,2.0
692,Qwen2.5-3B,4.0,4.0,3.0,4.0,4.0,4.0,4.0,4.0,3.0,5.0,4.0,4.0
692,Qwen2.5-7B,3.0,4.0,2.0,3.0,4.0,3.0,2.0,2.0,1.0,2.0,3.0,2.0
693,HingGPT,1.0,1.0,1.0,1.0,1.0,1.0,3.0,2.0,2.0,1.0,1.0,2.0
693,Phi-3.5-mini,1.0,1.0,1.0,1.0,1.0,1.0,3.0,4.0,3.0,4.0,3.0,3.0
693,Qwen2.5-3B,1.0,1.0,1.0,1.0,1.0,1.0,1.0,2.0,1.0,1.0,1.0,1.0
693,Qwen2.5-7B,3.0,4.0,2.0,2.0,5.0,3.0,2.0,2.0,2.0,1.0,3.0,2.0
694,HingGPT,1.0,1.0,1.0,1.0,1.0,1.0,2.0,3.0,2.0,2.0,2.0,2.0
694,Phi-3.5-mini,1.0,1.0,1.0,1.0,1.0,1.0,3.0,4.0,3.0,4.0,3.0,3.0
694,Qwen2.5-3B,4.0,5.0,4.0,5.0,5.0,4.0,3.0,4.0,2.0,5.0,3.0,3.0
694,Qwen2.5-7B,4.0,4.0,3.0,3.0,4.0,3.0,3.0,4.0,2.0,3.0,3.0,3.0
695,HingGPT,3.0,4.0,2.0,2.0,5.0,3.0,3.0,4.0,2.0,2.0,3.0,3.0
695,Phi-3.5-mini,1.0,1.0,1.0,1.0,1.0,1.0,3.0,3.0,1.0,3.0,1.0,2.0
695,Qwen2.5-3B,3.0,3.0,2.0,3.0,5.0,3.0,3.0,3.0,3.0,4.0,5.0,3.0
695,Qwen2.5-7B,4.0,4.0,3.0,4.0,5.0,4.0,1.0,1.0,1.0,1.0,1.0,1.0
696,HingGPT,3.0,3.0,2.0,2.0,4.0,3.0,3.0,4.0,2.0,3.0,4.0,3.0
696,Phi-3.5-mini,1.0,1.0,1.0,1.0,1.0,1.0,4.0,5.0,5.0,5.0,5.0,5.0
696,Qwen2.5-3B,4.0,4.0,3.0,4.0,5.0,4.0,4.0,4.0,4.0,5.0,5.0,5.0
696,Qwen2.5-7B,3.0,4.0,2.0,2.0,5.0,3.0,2.0,2.0,1.0,1.0,3.0,2.0
697,HingGPT,1.0,1.0,1.0,1.0,1.0,1.0,2.0,2.0,1.0,1.0,1.0,2.0
697,Phi-3.5-mini,1.0,1.0,1.0,1.0,1.0,1.0,3.0,4.0,3.0,4.0,3.0,3.0
697,Qwen2.5-3B,4.0,5.0,4.0,5.0,5.0,4.0,4.0,4.0,3.0,4.0,5.0,4.0
697,Qwen2.5-7B,1.0,1.0,1.0,1.0,5.0,1.0,3.0,2.0,1.0,2.0,5.0,2.0
698,HingGPT,3.0,4.0,2.0,3.0,4.0,3.0,3.0,4.0,2.0,3.0,4.0,3.0
698,Phi-3.5-mini,1.0,1.0,1.0,1.0,1.0,1.0,1.0,1.0,1.0,1.0,1.0,1.0
698,Qwen2.5-3B,3.0,4.0,2.0,3.0,3.0,3.0,3.0,4.0,3.0,3.0,5.0,3.0
698,Qwen2.5-7B,3.0,4.0,2.0,2.0,3.0,3.0,2.0,3.0,1.0,1.0,4.0,2.0
699,HingGPT,1.0,1.0,1.0,1.0,1.0,1.0,2.0,2.0,1.0,1.0,1.0,2.0
699,Phi-3.5-mini,1.0,1.0,1.0,1.0,1.0,1.0,3.0,4.0,2.0,3.0,3.0,3.0
699,Qwen2.5-3B,4.0,5.0,4.0,5.0,5.0,4.0,3.0,4.0,2.0,4.0,5.0,3.0
699,Qwen2.5-7B,2.0,2.0,1.0,1.0,5.0,2.0,3.0,2.0,1.0,1.0,5.0,2.0
700,HingGPT,2.0,3.0,2.0,2.0,3.0,2.0,3.0,4.0,2.0,3.0,2.0,3.0
700,Phi-3.5-mini,1.0,1.0,1.0,1.0,1.0,1.0,4.0,4.0,3.0,4.0,5.0,4.0
700,Qwen2.5-3B,4.0,4.0,3.0,4.0,4.0,4.0,4.0,4.0,3.0,4.0,4.0,4.0
700,Qwen2.5-7B,1.0,1.0,1.0,1.0,5.0,1.0,2.0,1.0,2.0,1.0,5.0,2.0
701,HingGPT,3.0,2.0,2.0,3.0,3.0,3.0,2.0,3.0,2.0,3.0,2.0,2.0
701,Phi-3.5-mini,1.0,1.0,1.0,1.0,1.0,1.0,4.0,4.0,4.0,5.0,5.0,5.0
701,Qwen2.5-3B,4.0,4.0,3.0,4.0,5.0,4.0,4.0,4.0,3.0,5.0,5.0,4.0
701,Qwen2.5-7B,2.0,3.0,2.0,1.0,3.0,2.0,2.0,1.0,1.0,2.0,3.0,2.0
702,HingGPT,2.0,3.0,2.0,1.0,3.0,2.0,2.0,2.0,1.0,2.0,2.0,2.0
702,Phi-3.5-mini,1.0,1.0,1.0,1.0,1.0,1.0,2.0,1.0,1.0,1.0,1.0,1.0
702,Qwen2.5-3B,3.0,2.0,2.0,1.0,3.0,2.0,3.0,4.0,3.0,2.0,3.0,3.0
702,Qwen2.5-7B,3.0,3.0,2.0,2.0,5.0,2.0,3.0,2.0,1.0,2.0,5.0,2.0
703,HingGPT,3.0,4.0,3.0,4.0,4.0,3.0,3.0,4.0,3.0,4.0,3.0,3.0
703,Phi-3.5-mini,1.0,1.0,1.0,1.0,1.0,1.0,3.0,4.0,3.0,5.0,5.0,4.0
703,Qwen2.5-3B,4.0,5.0,4.0,5.0,5.0,4.0,4.0,4.0,4.0,5.0,5.0,4.0
703,Qwen2.5-7B,4.0,4.0,3.0,4.0,5.0,4.0,4.0,4.0,3.0,5.0,5.0,4.0
704,HingGPT,3.0,3.0,2.0,2.0,3.0,2.0,3.0,4.0,2.0,3.0,3.0,3.0
704,Phi-3.5-mini,1.0,1.0,1.0,1.0,1.0,1.0,3.0,5.0,3.0,5.0,5.0,4.0
704,Qwen2.5-3B,1.0,1.0,1.0,1.0,1.0,1.0,1.0,1.0,1.0,1.0,1.0,1.0
704,Qwen2.5-7B,4.0,4.0,4.0,5.0,5.0,4.0,4.0,4.0,3.0,5.0,5.0,4.0
705,HingGPT,1.0,1.0,1.0,1.0,1.0,1.0,2.0,2.0,2.0,2.0,2.0,2.0
705,Phi-3.5-mini,1.0,1.0,1.0,1.0,1.0,1.0,3.0,4.0,3.0,4.0,3.0,3.0
705,Qwen2.5-3B,4.0,4.0,4.0,5.0,5.0,4.0,4.0,4.0,1.0,5.0,5.0,4.0
705,Qwen2.5-7B,1.0,1.0,1.0,1.0,5.0,1.0,1.0,2.0,1.0,1.0,1.0,1.0
706,HingGPT,2.0,3.0,2.0,1.0,3.0,2.0,3.0,2.0,2.0,2.0,3.0,2.0
706,Phi-3.5-mini,1.0,1.0,1.0,1.0,1.0,1.0,3.0,4.0,1.0,3.0,3.0,3.0
706,Qwen2.5-3B,4.0,4.0,3.0,4.0,5.0,4.0,2.0,3.0,2.0,2.0,3.0,2.0
706,Qwen2.5-7B,1.0,1.0,1.0,1.0,5.0,1.0,2.0,1.0,1.0,2.0,5.0,2.0
707,HingGPT,2.0,2.0,1.0,1.0,5.0,2.0,2.0,3.0,2.0,3.0,3.0,2.0
707,Phi-3.5-mini,1.0,1.0,1.0,1.0,1.0,1.0,3.0,4.0,2.0,4.0,3.0,3.0
707,Qwen2.5-3B,3.0,2.0,2.0,1.0,5.0,2.0,2.0,1.0,1.0,2.0,3.0,2.0
707,Qwen2.5-7B,4.0,5.0,4.0,5.0,5.0,4.0,4.0,4.0,4.0,4.0,5.0,4.0
708,HingGPT,3.0,2.0,2.0,1.0,3.0,2.0,2.0,2.0,1.0,2.0,3.0,2.0
708,Phi-3.5-mini,1.0,1.0,1.0,1.0,1.0,1.0,4.0,4.0,5.0,5.0,5.0,5.0
708,Qwen2.5-3B,1.0,1.0,1.0,1.0,1.0,1.0,2.0,1.0,1.0,1.0,1.0,1.0
708,Qwen2.5-7B,4.0,5.0,3.0,5.0,4.0,4.0,4.0,4.0,5.0,5.0,5.0,5.0
709,HingGPT,1.0,1.0,1.0,1.0,1.0,1.0,3.0,4.0,2.0,3.0,3.0,3.0
709,Phi-3.5-mini,1.0,1.0,1.0,1.0,1.0,1.0,3.0,4.0,3.0,4.0,3.0,3.0
709,Qwen2.5-3B,4.0,5.0,3.0,4.0,5.0,4.0,3.0,4.0,3.0,4.0,3.0,3.0
709,Qwen2.5-7B,4.0,5.0,4.0,5.0,5.0,4.0,3.0,4.0,3.0,5.0,5.0,4.0
710,HingGPT,3.0,4.0,2.0,3.0,3.0,3.0,3.0,4.0,3.0,4.0,3.0,3.0
710,Phi-3.5-mini,1.0,1.0,1.0,1.0,1.0,1.0,3.0,2.0,1.0,3.0,3.0,2.0
710,Qwen2.5-3B,4.0,4.0,3.0,4.0,5.0,4.0,3.0,4.0,2.0,4.0,5.0,3.0
710,Qwen2.5-7B,1.0,1.0,1.0,1.0,1.0,1.0,1.0,1.0,1.0,1.0,1.0,1.0
711,HingGPT,4.0,5.0,3.0,5.0,4.0,4.0,3.0,4.0,2.0,4.0,3.0,3.0
711,Phi-3.5-mini,1.0,1.0,1.0,1.0,1.0,1.0,4.0,4.0,3.0,4.0,5.0,4.0
711,Qwen2.5-3B,1.0,1.0,1.0,1.0,5.0,1.0,2.0,2.0,3.0,1.0,5.0,2.0
711,Qwen2.5-7B,4.0,5.0,4.0,5.0,5.0,4.0,4.0,4.0,4.0,5.0,5.0,4.0
712,HingGPT,1.0,1.0,1.0,1.0,5.0,1.0,2.0,2.0,2.0,2.0,3.0,2.0
712,Phi-3.5-mini,3.0,3.0,3.0,5.0,5.0,4.0,5.0,5.0,5.0,5.0,5.0,5.0
712,Qwen2.5-3B,4.0,4.0,3.0,4.0,5.0,4.0,3.0,4.0,3.0,4.0,5.0,3.0
712,Qwen2.5-7B,4.0,4.0,3.0,4.0,5.0,4.0,3.0,3.0,1.0,3.0,3.0,3.0
713,HingGPT,4.0,4.0,3.0,4.0,5.0,4.0,3.0,3.0,2.0,3.0,4.0,3.0
713,Phi-3.5-mini,1.0,1.0,1.0,1.0,1.0,1.0,3.0,4.0,2.0,3.0,5.0,3.0
713,Qwen2.5-3B,4.0,5.0,4.0,5.0,5.0,4.0,4.0,5.0,5.0,5.0,5.0,5.0
713,Qwen2.5-7B,3.0,4.0,2.0,2.0,3.0,3.0,2.0,2.0,2.0,2.0,3.0,2.0
714,HingGPT,1.0,1.0,1.0,1.0,1.0,1.0,2.0,3.0,1.0,2.0,2.0,2.0
714,Phi-3.5-mini,1.0,1.0,1.0,1.0,1.0,1.0,3.0,4.0,3.0,4.0,3.0,3.0
714,Qwen2.5-3B,4.0,5.0,4.0,5.0,5.0,4.0,4.0,4.0,4.0,5.0,5.0,5.0
714,Qwen2.5-7B,4.0,4.0,3.0,4.0,5.0,4.0,4.0,4.0,3.0,4.0,5.0,4.0
715,HingGPT,1.0,1.0,1.0,1.0,5.0,1.0,2.0,2.0,1.0,1.0,1.0,2.0
715,Phi-3.5-mini,1.0,1.0,1.0,1.0,1.0,1.0,3.0,4.0,3.0,4.0,3.0,3.0
715,Qwen2.5-3B,4.0,4.0,3.0,4.0,5.0,4.0,4.0,4.0,3.0,4.0,5.0,4.0
715,Qwen2.5-7B,4.0,4.0,3.0,5.0,5.0,4.0,3.0,4.0,3.0,5.0,5.0,4.0
716,HingGPT,3.0,4.0,2.0,3.0,4.0,3.0,3.0,4.0,2.0,3.0,4.0,3.0
716,Phi-3.5-mini,1.0,1.0,1.0,1.0,1.0,1.0,3.0,4.0,2.0,4.0,5.0,3.0
716,Qwen2.5-3B,4.0,5.0,4.0,5.0,5.0,4.0,4.0,4.0,4.0,5.0,5.0,4.0
716,Qwen2.5-7B,1.0,1.0,1.0,1.0,5.0,1.0,3.0,2.0,1.0,1.0,5.0,2.0
717,HingGPT,3.0,4.0,2.0,2.0,4.0,3.0,3.0,4.0,2.0,3.0,4.0,3.0
717,Phi-3.5-mini,1.0,1.0,1.0,1.0,1.0,1.0,1.0,1.0,1.0,1.0,1.0,1.0
717,Qwen2.5-3B,4.0,4.0,3.0,4.0,5.0,4.0,3.0,4.0,2.0,4.0,3.0,3.0
717,Qwen2.5-7B,4.0,4.0,3.0,4.0,5.0,4.0,4.0,4.0,3.0,5.0,5.0,4.0
718,HingGPT,1.0,1.0,1.0,1.0,5.0,1.0,1.0,1.0,1.0,1.0,1.0,1.0
718,Phi-3.5-mini,1.0,1.0,1.0,1.0,1.0,1.0,3.0,4.0,2.0,4.0,3.0,3.0
718,Qwen2.5-3B,4.0,4.0,3.0,4.0,4.0,4.0,3.0,4.0,3.0,3.0,3.0,3.0
718,Qwen2.5-7B,3.0,4.0,2.0,1.0,5.0,2.0,2.0,1.0,1.0,1.0,3.0,2.0
719,HingGPT,4.0,5.0,3.0,5.0,4.0,4.0,3.0,4.0,3.0,4.0,3.0,3.0
719,Phi-3.5-mini,1.0,1.0,1.0,1.0,1.0,1.0,4.0,5.0,5.0,5.0,5.0,5.0
719,Qwen2.5-3B,4.0,5.0,4.0,5.0,5.0,4.0,4.0,5.0,5.0,5.0,5.0,5.0
719,Qwen2.5-7B,1.0,1.0,1.0,1.0,5.0,1.0,2.0,3.0,1.0,1.0,3.0,2.0
720,HingGPT,2.0,3.0,2.0,2.0,3.0,2.0,2.0,3.0,2.0,2.0,2.0,2.0
720,Phi-3.5-mini,1.0,1.0,1.0,1.0,1.0,1.0,3.0,4.0,3.0,4.0,3.0,3.0
720,Qwen2.5-3B,4.0,5.0,3.0,4.0,5.0,4.0,4.0,4.0,3.0,5.0,5.0,4.0
720,Qwen2.5-7B,3.0,4.0,2.0,1.0,5.0,2.0,1.0,1.0,1.0,1.0,1.0,1.0
721,HingGPT,1.0,1.0,1.0,1.0,1.0,1.0,3.0,2.0,1.0,1.0,1.0,2.0
721,Phi-3.5-mini,1.0,1.0,1.0,1.0,1.0,1.0,2.0,3.0,2.0,2.0,3.0,2.0
721,Qwen2.5-3B,4.0,4.0,4.0,5.0,5.0,4.0,4.0,4.0,3.0,4.0,4.0,4.0
721,Qwen2.5-7B,4.0,4.0,3.0,4.0,5.0,4.0,4.0,4.0,3.0,4.0,4.0,4.0
722,HingGPT,1.0,1.0,1.0,1.0,1.0,1.0,1.0,1.0,1.0,1.0,1.0,1.0
722,Phi-3.5-mini,1.0,1.0,1.0,1.0,1.0,1.0,2.0,3.0,2.0,3.0,1.0,2.0
722,Qwen2.5-3B,4.0,5.0,3.0,5.0,5.0,4.0,4.0,4.0,3.0,5.0,5.0,4.0
722,Qwen2.5-7B,4.0,5.0,4.0,5.0,5.0,4.0,4.0,4.0,3.0,4.0,5.0,4.0
723,HingGPT,3.0,2.0,2.0,1.0,1.0,2.0,3.0,4.0,2.0,3.0,2.0,3.0
723,Phi-3.5-mini,1.0,1.0,1.0,1.0,1.0,1.0,4.0,4.0,3.0,4.0,3.0,3.0
723,Qwen2.5-3B,4.0,5.0,4.0,5.0,5.0,5.0,5.0,5.0,5.0,5.0,5.0,5.0
723,Qwen2.5-7B,3.0,4.0,3.0,2.0,5.0,3.0,3.0,2.0,1.0,1.0,3.0,2.0
724,HingGPT,1.0,1.0,1.0,1.0,1.0,1.0,1.0,1.0,1.0,1.0,1.0,1.0
724,Phi-3.5-mini,1.0,1.0,1.0,1.0,1.0,1.0,1.0,1.0,1.0,1.0,1.0,1.0
724,Qwen2.5-3B,4.0,4.0,3.0,4.0,4.0,4.0,4.0,4.0,3.0,4.0,4.0,4.0
724,Qwen2.5-7B,3.0,2.0,1.0,1.0,5.0,2.0,2.0,1.0,1.0,1.0,3.0,2.0
725,HingGPT,4.0,4.0,3.0,5.0,5.0,4.0,3.0,4.0,3.0,4.0,3.0,3.0
725,Phi-3.5-mini,1.0,1.0,1.0,1.0,1.0,1.0,1.0,1.0,1.0,1.0,1.0,1.0
725,Qwen2.5-3B,4.0,5.0,4.0,5.0,5.0,5.0,4.0,4.0,3.0,4.0,3.0,4.0
725,Qwen2.5-7B,4.0,5.0,4.0,5.0,5.0,4.0,4.0,4.0,3.0,4.0,3.0,4.0
726,HingGPT,4.0,5.0,3.0,2.0,5.0,3.0,3.0,4.0,1.0,2.0,3.0,3.0
726,Phi-3.5-mini,1.0,1.0,1.0,1.0,1.0,1.0,5.0,5.0,5.0,5.0,5.0,5.0
726,Qwen2.5-3B,4.0,5.0,4.0,5.0,5.0,5.0,4.0,4.0,3.0,4.0,5.0,4.0
726,Qwen2.5-7B,4.0,5.0,3.0,4.0,5.0,4.0,4.0,4.0,3.0,4.0,4.0,4.0
727,HingGPT,3.0,3.0,2.0,2.0,4.0,2.0,3.0,4.0,3.0,3.0,3.0,3.0
727,Phi-3.5-mini,1.0,1.0,1.0,1.0,1.0,1.0,5.0,5.0,5.0,5.0,5.0,5.0
727,Qwen2.5-3B,4.0,5.0,4.0,5.0,5.0,4.0,4.0,4.0,3.0,5.0,5.0,4.0
727,Qwen2.5-7B,1.0,1.0,1.0,1.0,5.0,1.0,2.0,1.0,2.0,2.0,5.0,2.0
728,HingGPT,2.0,3.0,2.0,1.0,3.0,2.0,2.0,3.0,1.0,2.0,3.0,2.0
728,Phi-3.5-mini,1.0,1.0,1.0,1.0,1.0,1.0,3.0,4.0,3.0,4.0,5.0,3.0
728,Qwen2.5-3B,4.0,5.0,4.0,5.0,5.0,4.0,3.0,4.0,2.0,5.0,3.0,3.0
728,Qwen2.5-7B,4.0,5.0,4.0,5.0,5.0,4.0,5.0,5.0,5.0,5.0,5.0,5.0
729,HingGPT,4.0,4.0,3.0,4.0,4.0,4.0,3.0,4.0,2.0,3.0,4.0,3.0
729,Phi-3.5-mini,1.0,1.0,1.0,1.0,1.0,1.0,1.0,1.0,1.0,1.0,1.0,1.0
729,Qwen2.5-3B,3.0,4.0,3.0,4.0,5.0,4.0,3.0,3.0,1.0,2.0,5.0,3.0
729,Qwen2.5-7B,4.0,5.0,4.0,5.0,5.0,5.0,5.0,5.0,5.0,5.0,5.0,5.0
730,HingGPT,3.0,4.0,2.0,2.0,3.0,3.0,2.0,3.0,1.0,2.0,2.0,2.0
730,Phi-3.5-mini,1.0,1.0,1.0,1.0,1.0,1.0,3.0,5.0,3.0,5.0,5.0,4.0
730,Qwen2.5-3B,1.0,1.0,1.0,1.0,5.0,1.0,1.0,1.0,1.0,1.0,1.0,1.0
730,Qwen2.5-7B,1.0,1.0,1.0,1.0,5.0,1.0,3.0,2.0,1.0,2.0,5.0,2.0
731,HingGPT,4.0,4.0,3.0,4.0,4.0,4.0,3.0,4.0,3.0,4.0,3.0,3.0
731,Phi-3.5-mini,1.0,1.0,1.0,1.0,1.0,1.0,3.0,4.0,3.0,4.0,5.0,3.0
731,Qwen2.5-3B,4.0,5.0,4.0,5.0,5.0,4.0,4.0,4.0,3.0,4.0,4.0,4.0
731,Qwen2.5-7B,4.0,5.0,4.0,5.0,5.0,4.0,4.0,5.0,5.0,5.0,5.0,5.0
732,HingGPT,3.0,4.0,2.0,2.0,5.0,3.0,3.0,2.0,2.0,2.0,4.0,3.0
732,Phi-3.5-mini,1.0,1.0,1.0,1.0,1.0,1.0,3.0,4.0,2.0,4.0,3.0,3.0
732,Qwen2.5-3B,3.0,4.0,3.0,4.0,5.0,4.0,3.0,1.0,1.0,1.0,5.0,2.0
732,Qwen2.5-7B,3.0,4.0,2.0,3.0,4.0,3.0,3.0,2.0,2.0,2.0,2.0,2.0
733,HingGPT,1.0,1.0,1.0,1.0,1.0,1.0,2.0,3.0,2.0,3.0,2.0,2.0
733,Phi-3.5-mini,1.0,1.0,1.0,1.0,1.0,1.0,3.0,4.0,3.0,4.0,5.0,4.0
733,Qwen2.5-3B,4.0,5.0,4.0,5.0,5.0,4.0,4.0,4.0,3.0,5.0,5.0,4.0
733,Qwen2.5-7B,4.0,4.0,4.0,4.0,5.0,4.0,4.0,4.0,3.0,4.0,4.0,4.0
734,HingGPT,1.0,1.0,1.0,1.0,5.0,1.0,2.0,2.0,2.0,2.0,2.0,2.0
734,Phi-3.5-mini,1.0,1.0,1.0,1.0,1.0,1.0,3.0,2.0,2.0,2.0,3.0,2.0
734,Qwen2.5-3B,4.0,5.0,3.0,4.0,5.0,4.0,4.0,4.0,5.0,5.0,5.0,5.0
734,Qwen2.5-7B,3.0,4.0,2.0,1.0,5.0,2.0,2.0,1.0,2.0,1.0,3.0,2.0
735,HingGPT,1.0,1.0,1.0,1.0,1.0,1.0,1.0,1.0,1.0,1.0,1.0,1.0
735,Phi-3.5-mini,1.0,1.0,1.0,1.0,1.0,1.0,3.0,3.0,1.0,1.0,1.0,2.0
735,Qwen2.5-3B,1.0,1.0,1.0,1.0,1.0,1.0,2.0,1.0,1.0,1.0,1.0,1.0
735,Qwen2.5-7B,3.0,3.0,2.0,2.0,5.0,2.0,3.0,3.0,1.0,2.0,5.0,2.0
736,HingGPT,2.0,3.0,2.0,1.0,3.0,2.0,2.0,3.0,1.0,1.0,2.0,2.0
736,Phi-3.5-mini,1.0,1.0,1.0,1.0,1.0,1.0,4.0,4.0,3.0,4.0,3.0,4.0
736,Qwen2.5-3B,4.0,5.0,3.0,4.0,5.0,4.0,3.0,4.0,2.0,2.0,3.0,3.0
736,Qwen2.5-7B,4.0,5.0,4.0,5.0,5.0,4.0,4.0,5.0,4.0,5.0,5.0,4.0
737,HingGPT,,,,,,,2.0,3.0,1.0,2.0,3.0,2.0
737,Phi-3.5-mini,1.0,1.0,1.0,1.0,1.0,1.0,3.0,4.0,3.0,4.0,2.0,3.0
737,Qwen2.5-3B,4.0,4.0,3.0,4.0,4.0,4.0,4.0,4.0,3.0,4.0,4.0,4.0
737,Qwen2.5-7B,3.0,4.0,2.0,2.0,5.0,3.0,3.0,2.0,2.0,1.0,5.0,2.0
738,HingGPT,1.0,1.0,1.0,1.0,1.0,1.0,2.0,2.0,1.0,1.0,2.0,2.0
738,Phi-3.5-mini,1.0,1.0,1.0,1.0,1.0,1.0,3.0,4.0,3.0,4.0,5.0,3.0
738,Qwen2.5-3B,3.0,3.0,2.0,1.0,5.0,2.0,3.0,1.0,1.0,1.0,3.0,2.0
738,Qwen2.5-7B,3.0,4.0,2.0,1.0,5.0,2.0,2.0,1.0,1.0,1.0,1.0,1.0
739,HingGPT,1.0,1.0,1.0,1.0,1.0,1.0,1.0,1.0,1.0,1.0,1.0,1.0
739,Phi-3.5-mini,1.0,1.0,1.0,1.0,1.0,1.0,3.0,4.0,3.0,4.0,3.0,3.0
739,Qwen2.5-3B,4.0,5.0,3.0,4.0,5.0,4.0,3.0,4.0,2.0,4.0,5.0,3.0
739,Qwen2.5-7B,4.0,5.0,3.0,4.0,4.0,4.0,3.0,4.0,2.0,4.0,5.0,3.0
740,HingGPT,3.0,4.0,2.0,3.0,3.0,3.0,3.0,4.0,3.0,4.0,3.0,3.0
740,Phi-3.5-mini,1.0,1.0,1.0,1.0,1.0,1.0,3.0,3.0,1.0,3.0,5.0,3.0
740,Qwen2.5-3B,4.0,4.0,3.0,4.0,4.0,4.0,3.0,4.0,3.0,2.0,5.0,3.0
740,Qwen2.5-7B,4.0,4.0,3.0,4.0,5.0,4.0,4.0,4.0,3.0,4.0,5.0,4.0
741,HingGPT,1.0,1.0,1.0,1.0,1.0,1.0,2.0,3.0,2.0,2.0,2.0,2.0
741,Phi-3.5-mini,1.0,1.0,1.0,1.0,1.0,1.0,3.0,4.0,3.0,3.0,5.0,3.0
741,Qwen2.5-3B,4.0,5.0,4.0,5.0,5.0,4.0,3.0,4.0,3.0,4.0,5.0,3.0
741,Qwen2.5-7B,3.0,4.0,2.0,2.0,3.0,3.0,2.0,2.0,2.0,2.0,3.0,2.0
742,HingGPT,3.0,3.0,2.0,2.0,3.0,2.0,2.0,3.0,2.0,3.0,3.0,2.0
742,Phi-3.5-mini,1.0,1.0,1.0,1.0,1.0,1.0,3.0,4.0,2.0,4.0,2.0,3.0
742,Qwen2.5-3B,4.0,5.0,4.0,5.0,5.0,4.0,5.0,5.0,5.0,5.0,5.0,5.0
742,Qwen2.5-7B,3.0,3.0,2.0,1.0,5.0,2.0,2.0,3.0,2.0,1.0,3.0,2.0
743,HingGPT,3.0,3.0,2.0,2.0,3.0,2.0,3.0,2.0,2.0,2.0,3.0,2.0
743,Phi-3.5-mini,1.0,1.0,1.0,1.0,1.0,1.0,3.0,4.0,3.0,4.0,5.0,4.0
743,Qwen2.5-3B,3.0,3.0,2.0,1.0,5.0,2.0,3.0,3.0,3.0,2.0,5.0,3.0
743,Qwen2.5-7B,3.0,2.0,2.0,2.0,3.0,2.0,2.0,3.0,2.0,3.0,3.0,2.0
744,HingGPT,2.0,2.0,1.0,1.0,3.0,2.0,2.0,3.0,2.0,2.0,3.0,2.0
744,Phi-3.5-mini,1.0,1.0,1.0,1.0,1.0,1.0,2.0,3.0,2.0,3.0,1.0,2.0
744,Qwen2.5-3B,4.0,4.0,4.0,5.0,5.0,4.0,3.0,4.0,3.0,4.0,5.0,4.0
744,Qwen2.5-7B,1.0,1.0,1.0,1.0,1.0,1.0,2.0,3.0,1.0,2.0,3.0,2.0
745,HingGPT,1.0,1.0,1.0,1.0,5.0,2.0,2.0,2.0,1.0,2.0,3.0,2.0
745,Phi-3.5-mini,1.0,1.0,1.0,1.0,1.0,1.0,3.0,4.0,3.0,4.0,5.0,3.0
745,Qwen2.5-3B,4.0,5.0,4.0,5.0,5.0,4.0,4.0,4.0,4.0,5.0,5.0,4.0
745,Qwen2.5-7B,4.0,5.0,3.0,5.0,3.0,4.0,4.0,4.0,3.0,5.0,1.0,3.0
746,HingGPT,3.0,4.0,2.0,2.0,3.0,3.0,2.0,3.0,2.0,2.0,3.0,2.0
746,Phi-3.5-mini,1.0,1.0,1.0,1.0,1.0,1.0,3.0,4.0,2.0,3.0,2.0,3.0
746,Qwen2.5-3B,1.0,1.0,1.0,1.0,5.0,1.0,3.0,5.0,1.0,1.0,1.0,2.0
746,Qwen2.5-7B,4.0,5.0,4.0,5.0,5.0,4.0,4.0,4.0,4.0,5.0,5.0,4.0
747,HingGPT,4.0,5.0,3.0,4.0,3.0,4.0,3.0,4.0,2.0,3.0,2.0,3.0
747,Phi-3.5-mini,1.0,1.0,1.0,1.0,1.0,1.0,3.0,4.0,3.0,4.0,3.0,3.0
747,Qwen2.5-3B,4.0,5.0,3.0,5.0,5.0,4.0,4.0,4.0,3.0,4.0,4.0,4.0
747,Qwen2.5-7B,3.0,4.0,3.0,2.0,5.0,3.0,2.0,2.0,1.0,1.0,1.0,2.0
748,HingGPT,1.0,1.0,1.0,1.0,1.0,1.0,3.0,4.0,1.0,1.0,1.0,2.0
748,Phi-3.5-mini,1.0,1.0,1.0,1.0,1.0,1.0,3.0,4.0,3.0,5.0,3.0,4.0
748,Qwen2.5-3B,3.0,4.0,2.0,3.0,5.0,3.0,3.0,4.0,2.0,4.0,3.0,3.0
748,Qwen2.5-7B,4.0,4.0,3.0,4.0,5.0,4.0,4.0,4.0,3.0,4.0,5.0,4.0
749,HingGPT,1.0,1.0,1.0,1.0,1.0,1.0,1.0,1.0,1.0,1.0,1.0,1.0
749,Phi-3.5-mini,1.0,1.0,1.0,1.0,1.0,1.0,3.0,4.0,3.0,4.0,3.0,3.0
749,Qwen2.5-3B,3.0,4.0,2.0,3.0,5.0,3.0,3.0,4.0,3.0,4.0,3.0,3.0
749,Qwen2.5-7B,4.0,4.0,3.0,4.0,5.0,4.0,3.0,4.0,2.0,4.0,3.0,3.0
750,HingGPT,2.0,2.0,2.0,2.0,2.0,2.0,2.0,2.0,1.0,2.0,2.0,2.0
750,Phi-3.5-mini,1.0,1.0,1.0,1.0,1.0,1.0,1.0,1.0,1.0,1.0,1.0,1.0
750,Qwen2.5-3B,4.0,4.0,3.0,4.0,4.0,4.0,4.0,4.0,3.0,5.0,5.0,4.0
750,Qwen2.5-7B,4.0,5.0,3.0,4.0,5.0,4.0,3.0,4.0,2.0,4.0,5.0,3.0
751,HingGPT,,,,,,,2.0,3.0,2.0,3.0,2.0,2.0
751,Phi-3.5-mini,1.0,1.0,1.0,1.0,1.0,1.0,2.0,1.0,1.0,1.0,1.0,1.0
751,Qwen2.5-3B,3.0,4.0,2.0,3.0,4.0,3.0,2.0,3.0,2.0,2.0,3.0,2.0
751,Qwen2.5-7B,4.0,4.0,3.0,4.0,5.0,4.0,3.0,2.0,1.0,4.0,5.0,3.0
752,HingGPT,4.0,4.0,3.0,4.0,4.0,4.0,4.0,4.0,3.0,4.0,4.0,4.0
752,Phi-3.5-mini,1.0,1.0,1.0,1.0,1.0,1.0,4.0,4.0,3.0,4.0,3.0,4.0
752,Qwen2.5-3B,4.0,4.0,3.0,4.0,5.0,4.0,4.0,4.0,3.0,4.0,4.0,4.0
752,Qwen2.5-7B,4.0,4.0,3.0,4.0,5.0,4.0,4.0,4.0,3.0,4.0,4.0,4.0
753,HingGPT,2.0,2.0,1.0,1.0,1.0,1.0,2.0,3.0,2.0,2.0,2.0,2.0
753,Phi-3.5-mini,1.0,1.0,1.0,1.0,1.0,1.0,2.0,2.0,2.0,2.0,2.0,2.0
753,Qwen2.5-3B,3.0,2.0,2.0,1.0,3.0,2.0,3.0,4.0,2.0,4.0,3.0,3.0
753,Qwen2.5-7B,3.0,4.0,3.0,4.0,5.0,4.0,3.0,2.0,2.0,3.0,5.0,3.0
754,HingGPT,1.0,1.0,1.0,1.0,1.0,1.0,2.0,3.0,2.0,2.0,2.0,2.0
754,Phi-3.5-mini,1.0,1.0,1.0,1.0,1.0,1.0,4.0,5.0,3.0,5.0,3.0,4.0
754,Qwen2.5-3B,4.0,5.0,4.0,5.0,5.0,5.0,4.0,4.0,4.0,5.0,5.0,5.0
754,Qwen2.5-7B,3.0,4.0,2.0,3.0,5.0,3.0,3.0,2.0,1.0,3.0,3.0,2.0
755,HingGPT,2.0,3.0,2.0,2.0,3.0,2.0,2.0,2.0,1.0,2.0,3.0,2.0
755,Phi-3.5-mini,1.0,1.0,1.0,1.0,1.0,1.0,3.0,4.0,3.0,4.0,3.0,3.0
755,Qwen2.5-3B,4.0,5.0,4.0,5.0,4.0,4.0,4.0,4.0,3.0,5.0,5.0,4.0
755,Qwen2.5-7B,4.0,4.0,3.0,4.0,4.0,4.0,4.0,4.0,3.0,5.0,5.0,4.0
756,HingGPT,3.0,3.0,2.0,2.0,4.0,3.0,2.0,3.0,2.0,3.0,3.0,3.0
756,Phi-3.5-mini,1.0,1.0,1.0,1.0,1.0,1.0,3.0,4.0,3.0,5.0,5.0,4.0
756,Qwen2.5-3B,3.0,4.0,2.0,5.0,5.0,4.0,2.0,2.0,1.0,1.0,1.0,2.0
756,Qwen2.5-7B,3.0,4.0,3.0,2.0,5.0,3.0,2.0,2.0,1.0,1.0,3.0,2.0
757,HingGPT,3.0,3.0,2.0,2.0,5.0,3.0,3.0,2.0,1.0,2.0,4.0,2.0
757,Phi-3.5-mini,1.0,1.0,1.0,1.0,1.0,1.0,3.0,4.0,3.0,4.0,5.0,3.0
757,Qwen2.5-3B,4.0,4.0,3.0,4.0,5.0,4.0,4.0,4.0,4.0,4.0,5.0,4.0
757,Qwen2.5-7B,4.0,5.0,3.0,5.0,5.0,4.0,3.0,4.0,3.0,4.0,5.0,3.0
758,HingGPT,1.0,1.0,1.0,1.0,5.0,1.0,2.0,2.0,2.0,2.0,3.0,2.0
758,Phi-3.5-mini,1.0,1.0,1.0,1.0,1.0,1.0,3.0,2.0,1.0,2.0,3.0,2.0
758,Qwen2.5-3B,4.0,4.0,3.0,4.0,5.0,4.0,3.0,4.0,2.0,4.0,5.0,3.0
758,Qwen2.5-7B,4.0,4.0,3.0,4.0,4.0,4.0,3.0,3.0,2.0,3.0,4.0,3.0
759,HingGPT,1.0,1.0,1.0,1.0,5.0,1.0,2.0,3.0,1.0,1.0,1.0,1.0
759,Phi-3.5-mini,1.0,1.0,1.0,1.0,1.0,1.0,3.0,5.0,3.0,5.0,5.0,4.0
759,Qwen2.5-3B,4.0,4.0,4.0,5.0,5.0,4.0,4.0,4.0,3.0,5.0,5.0,4.0
759,Qwen2.5-7B,3.0,4.0,2.0,2.0,5.0,3.0,2.0,2.0,2.0,1.0,3.0,2.0
760,HingGPT,3.0,4.0,2.0,5.0,3.0,3.0,3.0,4.0,3.0,5.0,5.0,4.0
760,Phi-3.5-mini,1.0,1.0,1.0,1.0,1.0,1.0,2.0,3.0,2.0,2.0,3.0,2.0
760,Qwen2.5-3B,1.0,1.0,1.0,1.0,5.0,1.0,2.0,1.0,1.0,1.0,1.0,1.0
760,Qwen2.5-7B,4.0,5.0,3.0,5.0,5.0,4.0,4.0,5.0,5.0,5.0,5.0,5.0
761,HingGPT,1.0,1.0,1.0,1.0,1.0,1.0,2.0,1.0,1.0,1.0,1.0,1.0
761,Phi-3.5-mini,3.0,3.0,3.0,5.0,5.0,4.0,4.0,4.0,3.0,5.0,5.0,4.0
761,Qwen2.5-3B,4.0,4.0,4.0,4.0,5.0,4.0,4.0,4.0,3.0,5.0,4.0,4.0
761,Qwen2.5-7B,4.0,4.0,3.0,4.0,5.0,4.0,4.0,4.0,3.0,4.0,4.0,4.0
762,HingGPT,1.0,1.0,1.0,1.0,1.0,1.0,2.0,3.0,1.0,2.0,1.0,2.0
762,Phi-3.5-mini,1.0,1.0,1.0,1.0,1.0,1.0,1.0,1.0,1.0,1.0,1.0,1.0
762,Qwen2.5-3B,3.0,4.0,3.0,2.0,5.0,3.0,3.0,4.0,2.0,2.0,5.0,3.0
762,Qwen2.5-7B,4.0,5.0,4.0,5.0,5.0,5.0,4.0,4.0,4.0,5.0,5.0,4.0
763,HingGPT,3.0,3.0,2.0,2.0,3.0,2.0,3.0,4.0,2.0,3.0,3.0,3.0
763,Phi-3.5-mini,1.0,1.0,1.0,1.0,1.0,1.0,1.0,1.0,1.0,1.0,1.0,1.0
763,Qwen2.5-3B,1.0,1.0,1.0,1.0,1.0,1.0,3.0,3.0,1.0,1.0,1.0,2.0
763,Qwen2.5-7B,4.0,5.0,3.0,5.0,5.0,4.0,3.0,4.0,2.0,3.0,3.0,3.0
764,HingGPT,3.0,3.0,2.0,2.0,4.0,2.0,3.0,3.0,2.0,2.0,3.0,3.0
764,Phi-3.5-mini,1.0,1.0,1.0,1.0,1.0,1.0,3.0,4.0,2.0,3.0,3.0,3.0
764,Qwen2.5-3B,4.0,4.0,3.0,4.0,4.0,4.0,3.0,4.0,3.0,4.0,3.0,3.0
764,Qwen2.5-7B,4.0,4.0,4.0,5.0,5.0,4.0,4.0,4.0,4.0,5.0,5.0,4.0
765,HingGPT,3.0,4.0,2.0,3.0,4.0,3.0,4.0,4.0,3.0,4.0,4.0,4.0
765,Phi-3.5-mini,1.0,1.0,1.0,1.0,1.0,1.0,3.0,4.0,3.0,4.0,3.0,3.0
765,Qwen2.5-3B,4.0,4.0,3.0,4.0,5.0,4.0,4.0,4.0,3.0,4.0,5.0,4.0
765,Qwen2.5-7B,4.0,5.0,3.0,5.0,5.0,4.0,4.0,4.0,3.0,5.0,5.0,4.0
766,HingGPT,3.0,4.0,2.0,3.0,3.0,3.0,3.0,4.0,2.0,3.0,3.0,3.0
766,Phi-3.5-mini,1.0,1.0,1.0,1.0,1.0,1.0,3.0,2.0,1.0,2.0,3.0,2.0
766,Qwen2.5-3B,4.0,5.0,3.0,4.0,5.0,4.0,2.0,3.0,2.0,2.0,3.0,2.0
766,Qwen2.5-7B,4.0,5.0,4.0,5.0,5.0,4.0,4.0,4.0,4.0,5.0,5.0,4.0
767,HingGPT,4.0,5.0,4.0,5.0,5.0,5.0,4.0,4.0,4.0,5.0,5.0,5.0
767,Phi-3.5-mini,1.0,1.0,1.0,1.0,1.0,1.0,3.0,4.0,3.0,4.0,5.0,4.0
767,Qwen2.5-3B,4.0,5.0,3.0,4.0,5.0,4.0,4.0,4.0,3.0,4.0,5.0,4.0
767,Qwen2.5-7B,3.0,4.0,3.0,4.0,5.0,4.0,2.0,2.0,2.0,2.0,3.0,2.0
768,HingGPT,4.0,4.0,3.0,4.0,5.0,4.0,3.0,4.0,2.0,3.0,3.0,3.0
768,Phi-3.5-mini,1.0,1.0,1.0,1.0,1.0,1.0,3.0,2.0,2.0,2.0,3.0,2.0
768,Qwen2.5-3B,4.0,5.0,4.0,5.0,5.0,5.0,5.0,5.0,5.0,5.0,5.0,5.0
768,Qwen2.5-7B,3.0,4.0,3.0,4.0,5.0,4.0,3.0,4.0,3.0,4.0,5.0,3.0
769,HingGPT,2.0,3.0,2.0,2.0,3.0,2.0,3.0,2.0,2.0,2.0,3.0,3.0
769,Phi-3.5-mini,1.0,1.0,1.0,1.0,1.0,1.0,1.0,1.0,1.0,1.0,1.0,1.0
769,Qwen2.5-3B,4.0,4.0,4.0,4.0,5.0,4.0,4.0,4.0,4.0,5.0,5.0,4.0
769,Qwen2.5-7B,1.0,1.0,1.0,1.0,5.0,1.0,2.0,1.0,1.0,1.0,3.0,2.0
770,HingGPT,1.0,1.0,1.0,1.0,1.0,1.0,3.0,4.0,2.0,2.0,3.0,3.0
770,Phi-3.5-mini,1.0,1.0,1.0,1.0,1.0,1.0,3.0,4.0,3.0,4.0,4.0,3.0
770,Qwen2.5-3B,4.0,4.0,4.0,5.0,5.0,4.0,4.0,4.0,3.0,5.0,5.0,4.0
770,Qwen2.5-7B,4.0,4.0,3.0,5.0,5.0,4.0,4.0,4.0,3.0,5.0,5.0,4.0
771,HingGPT,3.0,4.0,2.0,3.0,4.0,3.0,4.0,4.0,3.0,4.0,3.0,4.0
771,Phi-3.5-mini,1.0,1.0,1.0,1.0,1.0,1.0,3.0,4.0,2.0,3.0,3.0,3.0
771,Qwen2.5-3B,4.0,5.0,4.0,5.0,5.0,5.0,5.0,5.0,5.0,5.0,5.0,5.0
771,Qwen2.5-7B,3.0,4.0,2.0,3.0,5.0,3.0,3.0,2.0,1.0,2.0,5.0,3.0
772,HingGPT,1.0,1.0,1.0,1.0,1.0,1.0,2.0,1.0,1.0,1.0,1.0,1.0
772,Phi-3.5-mini,1.0,1.0,1.0,1.0,1.0,1.0,4.0,4.0,3.0,5.0,3.0,4.0
772,Qwen2.5-3B,4.0,4.0,3.0,4.0,5.0,4.0,4.0,4.0,3.0,4.0,5.0,4.0
772,Qwen2.5-7B,2.0,3.0,2.0,1.0,5.0,2.0,2.0,2.0,2.0,2.0,3.0,2.0
773,HingGPT,3.0,2.0,1.0,1.0,1.0,1.0,3.0,4.0,2.0,3.0,3.0,3.0
773,Phi-3.5-mini,1.0,1.0,1.0,1.0,1.0,1.0,4.0,4.0,4.0,4.0,4.0,4.0
773,Qwen2.5-3B,1.0,1.0,1.0,1.0,5.0,1.0,1.0,1.0,1.0,1.0,1.0,1.0
773,Qwen2.5-7B,3.0,3.0,2.0,2.0,5.0,2.0,3.0,2.0,1.0,2.0,5.0,2.0
774,HingGPT,3.0,4.0,2.0,2.0,3.0,3.0,2.0,3.0,2.0,2.0,3.0,2.0
774,Phi-3.5-mini,1.0,1.0,1.0,1.0,1.0,1.0,3.0,4.0,2.0,3.0,3.0,3.0
774,Qwen2.5-3B,4.0,4.0,3.0,4.0,4.0,4.0,2.0,3.0,2.0,3.0,3.0,2.0
774,Qwen2.5-7B,4.0,4.0,3.0,4.0,5.0,4.0,4.0,4.0,3.0,4.0,5.0,4.0
775,HingGPT,1.0,1.0,1.0,1.0,1.0,1.0,2.0,1.0,1.0,2.0,3.0,2.0
775,Phi-3.5-mini,1.0,1.0,1.0,1.0,1.0,1.0,3.0,4.0,3.0,4.0,3.0,3.0
775,Qwen2.5-3B,4.0,4.0,4.0,4.0,5.0,4.0,3.0,4.0,3.0,2.0,4.0,3.0
775,Qwen2.5-7B,4.0,4.0,3.0,4.0,4.0,4.0,3.0,4.0,3.0,4.0,4.0,3.0
776,HingGPT,1.0,1.0,1.0,1.0,1.0,1.0,2.0,2.0,1.0,1.0,1.0,2.0
776,Phi-3.5-mini,1.0,1.0,1.0,1.0,1.0,1.0,3.0,3.0,2.0,4.0,2.0,3.0
776,Qwen2.5-3B,,,,,,,3.0,4.0,3.0,4.0,4.0,3.0
776,Qwen2.5-7B,1.0,1.0,1.0,1.0,1.0,1.0,1.0,1.0,1.0,1.0,1.0,1.0
777,HingGPT,1.0,1.0,1.0,1.0,1.0,1.0,2.0,2.0,1.0,2.0,2.0,2.0
777,Phi-3.5-mini,1.0,1.0,1.0,1.0,1.0,1.0,2.0,1.0,1.0,1.0,3.0,2.0
777,Qwen2.5-3B,4.0,4.0,3.0,4.0,3.0,4.0,3.0,4.0,2.0,3.0,3.0,3.0
777,Qwen2.5-7B,3.0,2.0,2.0,2.0,3.0,2.0,3.0,2.0,3.0,2.0,5.0,3.0
778,HingGPT,1.0,1.0,1.0,1.0,1.0,1.0,2.0,2.0,1.0,1.0,1.0,1.0
778,Phi-3.5-mini,1.0,1.0,1.0,1.0,1.0,1.0,3.0,4.0,3.0,4.0,3.0,3.0
778,Qwen2.5-3B,4.0,5.0,4.0,5.0,5.0,5.0,4.0,4.0,4.0,5.0,5.0,5.0
778,Qwen2.5-7B,1.0,1.0,1.0,1.0,1.0,1.0,2.0,3.0,1.0,2.0,3.0,2.0
779,HingGPT,2.0,3.0,2.0,2.0,3.0,2.0,2.0,3.0,1.0,2.0,3.0,2.0
779,Phi-3.5-mini,1.0,1.0,1.0,1.0,1.0,1.0,3.0,4.0,3.0,3.0,3.0,3.0
779,Qwen2.5-3B,4.0,5.0,4.0,5.0,5.0,5.0,4.0,4.0,4.0,5.0,5.0,5.0
779,Qwen2.5-7B,4.0,5.0,3.0,4.0,5.0,4.0,2.0,2.0,1.0,1.0,3.0,2.0
780,HingGPT,3.0,3.0,2.0,2.0,3.0,2.0,3.0,4.0,2.0,3.0,3.0,3.0
780,Phi-3.5-mini,1.0,1.0,1.0,1.0,1.0,1.0,3.0,4.0,3.0,4.0,3.0,3.0
780,Qwen2.5-3B,5.0,5.0,5.0,5.0,5.0,5.0,5.0,5.0,5.0,5.0,5.0,5.0
780,Qwen2.5-7B,4.0,5.0,4.0,5.0,5.0,4.0,4.0,5.0,5.0,5.0,5.0,5.0
781,HingGPT,1.0,1.0,1.0,1.0,1.0,1.0,2.0,3.0,2.0,2.0,1.0,2.0
781,Phi-3.5-mini,1.0,1.0,1.0,1.0,1.0,1.0,4.0,5.0,5.0,5.0,5.0,5.0
781,Qwen2.5-3B,3.0,5.0,3.0,4.0,5.0,4.0,3.0,4.0,2.0,3.0,3.0,3.0
781,Qwen2.5-7B,4.0,5.0,4.0,5.0,5.0,5.0,4.0,5.0,5.0,5.0,5.0,5.0
782,HingGPT,1.0,1.0,1.0,1.0,1.0,1.0,2.0,1.0,1.0,1.0,1.0,1.0
782,Phi-3.5-mini,1.0,1.0,1.0,1.0,1.0,1.0,3.0,4.0,3.0,4.0,3.0,3.0
782,Qwen2.5-3B,4.0,5.0,3.0,5.0,4.0,4.0,4.0,4.0,4.0,4.0,5.0,4.0
782,Qwen2.5-7B,1.0,1.0,1.0,1.0,5.0,1.0,2.0,2.0,2.0,1.0,5.0,2.0
783,HingGPT,4.0,4.0,3.0,4.0,5.0,4.0,2.0,3.0,2.0,3.0,2.0,2.0
783,Phi-3.5-mini,1.0,1.0,1.0,1.0,1.0,1.0,3.0,4.0,3.0,4.0,3.0,3.0
783,Qwen2.5-3B,4.0,4.0,3.0,4.0,5.0,4.0,4.0,4.0,3.0,4.0,5.0,4.0
783,Qwen2.5-7B,3.0,2.0,2.0,1.0,5.0,2.0,1.0,1.0,1.0,1.0,1.0,1.0
784,HingGPT,3.0,4.0,3.0,5.0,5.0,4.0,3.0,3.0,1.0,3.0,3.0,3.0
784,Phi-3.5-mini,1.0,1.0,1.0,1.0,1.0,1.0,3.0,3.0,3.0,4.0,5.0,3.0
784,Qwen2.5-3B,5.0,5.0,5.0,5.0,5.0,5.0,5.0,5.0,5.0,5.0,5.0,5.0
784,Qwen2.5-7B,3.0,3.0,2.0,1.0,5.0,2.0,3.0,2.0,1.0,1.0,5.0,2.0
785,HingGPT,3.0,4.0,2.0,3.0,4.0,3.0,2.0,3.0,2.0,3.0,3.0,2.0
785,Phi-3.5-mini,1.0,1.0,1.0,1.0,1.0,1.0,3.0,2.0,1.0,2.0,3.0,2.0
785,Qwen2.5-3B,4.0,5.0,4.0,5.0,5.0,4.0,4.0,5.0,3.0,5.0,5.0,4.0
785,Qwen2.5-7B,4.0,5.0,4.0,5.0,5.0,5.0,4.0,5.0,5.0,5.0,5.0,5.0
786,HingGPT,1.0,1.0,1.0,1.0,1.0,1.0,2.0,2.0,1.0,1.0,1.0,2.0
786,Phi-3.5-mini,1.0,1.0,1.0,1.0,1.0,1.0,3.0,4.0,2.0,4.0,3.0,3.0
786,Qwen2.5-3B,4.0,4.0,3.0,4.0,5.0,4.0,4.0,4.0,3.0,4.0,5.0,4.0
786,Qwen2.5-7B,3.0,2.0,2.0,1.0,5.0,2.0,3.0,2.0,1.0,2.0,5.0,2.0
787,HingGPT,3.0,4.0,2.0,3.0,4.0,3.0,3.0,4.0,2.0,3.0,4.0,3.0
787,Phi-3.5-mini,1.0,1.0,1.0,1.0,1.0,1.0,3.0,4.0,3.0,4.0,5.0,3.0
787,Qwen2.5-3B,4.0,5.0,3.0,3.0,5.0,4.0,3.0,4.0,3.0,3.0,5.0,3.0
787,Qwen2.5-7B,3.0,4.0,3.0,4.0,5.0,4.0,3.0,2.0,1.0,2.0,5.0,2.0
788,HingGPT,3.0,3.0,2.0,2.0,3.0,2.0,3.0,4.0,2.0,3.0,3.0,3.0
788,Phi-3.5-mini,1.0,1.0,1.0,1.0,1.0,1.0,3.0,5.0,3.0,5.0,3.0,4.0
788,Qwen2.5-3B,3.0,3.0,2.0,2.0,5.0,2.0,2.0,2.0,2.0,2.0,3.0,2.0
788,Qwen2.5-7B,4.0,5.0,4.0,5.0,5.0,5.0,5.0,5.0,5.0,5.0,5.0,5.0
789,HingGPT,1.0,1.0,1.0,1.0,1.0,1.0,2.0,2.0,1.0,1.0,2.0,2.0
789,Phi-3.5-mini,1.0,1.0,1.0,1.0,1.0,1.0,4.0,5.0,5.0,5.0,5.0,5.0
789,Qwen2.5-3B,4.0,5.0,3.0,5.0,5.0,4.0,2.0,2.0,1.0,1.0,1.0,2.0
789,Qwen2.5-7B,4.0,5.0,3.0,4.0,5.0,4.0,3.0,4.0,2.0,3.0,5.0,3.0
790,HingGPT,3.0,1.0,1.0,1.0,1.0,1.0,1.0,1.0,1.0,1.0,1.0,1.0
790,Phi-3.5-mini,1.0,1.0,1.0,1.0,1.0,1.0,5.0,5.0,5.0,5.0,5.0,5.0
790,Qwen2.5-3B,3.0,5.0,3.0,5.0,5.0,4.0,3.0,3.0,1.0,1.0,5.0,2.0
790,Qwen2.5-7B,4.0,5.0,4.0,5.0,5.0,4.0,3.0,2.0,2.0,3.0,5.0,3.0
791,HingGPT,1.0,1.0,1.0,1.0,5.0,1.0,1.0,1.0,1.0,1.0,1.0,1.0
791,Phi-3.5-mini,1.0,1.0,1.0,1.0,1.0,1.0,4.0,4.0,4.0,5.0,5.0,5.0
791,Qwen2.5-3B,4.0,5.0,4.0,5.0,5.0,4.0,2.0,3.0,2.0,3.0,3.0,2.0
791,Qwen2.5-7B,4.0,4.0,3.0,4.0,4.0,4.0,3.0,4.0,2.0,4.0,3.0,3.0
792,HingGPT,1.0,1.0,1.0,1.0,1.0,1.0,2.0,1.0,1.0,1.0,1.0,1.0
792,Phi-3.5-mini,1.0,1.0,1.0,1.0,1.0,1.0,3.0,4.0,3.0,4.0,5.0,4.0
792,Qwen2.5-3B,4.0,5.0,3.0,4.0,5.0,4.0,4.0,4.0,5.0,5.0,5.0,5.0
792,Qwen2.5-7B,4.0,5.0,4.0,5.0,5.0,4.0,5.0,5.0,5.0,5.0,5.0,5.0
793,HingGPT,3.0,4.0,2.0,2.0,4.0,3.0,2.0,3.0,2.0,2.0,3.0,2.0
793,Phi-3.5-mini,1.0,1.0,1.0,1.0,1.0,1.0,3.0,3.0,2.0,2.0,5.0,3.0
793,Qwen2.5-3B,3.0,4.0,2.0,2.0,5.0,3.0,2.0,2.0,2.0,2.0,3.0,2.0
793,Qwen2.5-7B,4.0,5.0,4.0,5.0,5.0,4.0,5.0,5.0,5.0,5.0,5.0,5.0
794,HingGPT,2.0,2.0,1.0,1.0,3.0,2.0,2.0,2.0,1.0,3.0,3.0,2.0
794,Phi-3.5-mini,1.0,1.0,1.0,1.0,1.0,1.0,3.0,4.0,3.0,4.0,3.0,3.0
794,Qwen2.5-3B,4.0,5.0,3.0,5.0,4.0,4.0,3.0,3.0,3.0,5.0,5.0,4.0
794,Qwen2.5-7B,4.0,5.0,4.0,5.0,5.0,4.0,4.0,4.0,3.0,4.0,5.0,4.0
795,HingGPT,4.0,5.0,3.0,5.0,4.0,4.0,3.0,4.0,3.0,4.0,3.0,3.0
795,Phi-3.5-mini,1.0,1.0,1.0,1.0,1.0,1.0,3.0,4.0,2.0,3.0,3.0,3.0
795,Qwen2.5-3B,4.0,4.0,3.0,4.0,5.0,4.0,4.0,4.0,3.0,4.0,4.0,4.0
795,Qwen2.5-7B,3.0,3.0,2.0,1.0,5.0,2.0,2.0,2.0,2.0,1.0,5.0,2.0
796,HingGPT,1.0,1.0,1.0,1.0,1.0,1.0,2.0,3.0,2.0,2.0,3.0,2.0
796,Phi-3.5-mini,1.0,1.0,1.0,1.0,1.0,1.0,2.0,1.0,1.0,1.0,1.0,1.0
796,Qwen2.5-3B,4.0,4.0,3.0,4.0,5.0,4.0,3.0,4.0,2.0,4.0,5.0,3.0
796,Qwen2.5-7B,4.0,4.0,3.0,4.0,5.0,4.0,4.0,4.0,3.0,4.0,5.0,4.0
797,HingGPT,1.0,1.0,1.0,1.0,5.0,1.0,2.0,2.0,1.0,2.0,3.0,2.0
797,Phi-3.5-mini,1.0,1.0,1.0,1.0,1.0,1.0,3.0,4.0,3.0,4.0,3.0,3.0
797,Qwen2.5-3B,4.0,5.0,4.0,5.0,5.0,5.0,4.0,4.0,4.0,4.0,5.0,4.0
797,Qwen2.5-7B,4.0,5.0,4.0,5.0,5.0,4.0,4.0,5.0,5.0,5.0,5.0,5.0
798,HingGPT,1.0,1.0,1.0,1.0,1.0,1.0,2.0,2.0,1.0,1.0,1.0,2.0
798,Phi-3.5-mini,1.0,1.0,1.0,1.0,1.0,1.0,2.0,1.0,1.0,1.0,1.0,1.0
798,Qwen2.5-3B,4.0,4.0,3.0,5.0,5.0,4.0,3.0,4.0,3.0,4.0,5.0,3.0
798,Qwen2.5-7B,4.0,4.0,3.0,5.0,5.0,4.0,4.0,4.0,3.0,5.0,5.0,4.0
799,HingGPT,2.0,3.0,2.0,3.0,2.0,3.0,2.0,2.0,1.0,2.0,1.0,2.0
799,Phi-3.5-mini,1.0,1.0,1.0,1.0,1.0,1.0,3.0,4.0,3.0,3.0,3.0,3.0
799,Qwen2.5-3B,3.0,4.0,2.0,2.0,5.0,3.0,2.0,1.0,1.0,1.0,3.0,2.0
799,Qwen2.5-7B,3.0,3.0,2.0,2.0,5.0,2.0,3.0,2.0,1.0,2.0,5.0,2.0
800,HingGPT,1.0,1.0,1.0,1.0,3.0,1.0,2.0,2.0,1.0,1.0,3.0,2.0
800,Phi-3.5-mini,1.0,1.0,1.0,1.0,1.0,1.0,3.0,3.0,3.0,4.0,5.0,3.0
800,Qwen2.5-3B,4.0,5.0,4.0,5.0,5.0,5.0,3.0,4.0,2.0,3.0,5.0,3.0
800,Qwen2.5-7B,4.0,5.0,3.0,3.0,4.0,3.0,2.0,2.0,2.0,1.0,3.0,2.0
801,HingGPT,3.0,3.0,2.0,4.0,3.0,3.0,3.0,4.0,2.0,3.0,2.0,3.0
801,Phi-3.5-mini,1.0,1.0,1.0,1.0,1.0,1.0,3.0,2.0,1.0,3.0,5.0,3.0
801,Qwen2.5-3B,4.0,5.0,4.0,5.0,5.0,4.0,4.0,4.0,4.0,5.0,5.0,4.0
801,Qwen2.5-7B,4.0,4.0,3.0,4.0,5.0,4.0,3.0,4.0,2.0,4.0,3.0,3.0
802,HingGPT,3.0,4.0,2.0,2.0,3.0,3.0,2.0,2.0,1.0,2.0,3.0,2.0
802,Phi-3.5-mini,1.0,1.0,1.0,1.0,1.0,1.0,3.0,3.0,1.0,1.0,3.0,2.0
802,Qwen2.5-3B,4.0,5.0,4.0,5.0,5.0,4.0,4.0,4.0,3.0,4.0,5.0,4.0
802,Qwen2.5-7B,3.0,3.0,2.0,1.0,3.0,2.0,2.0,2.0,2.0,1.0,1.0,2.0
803,HingGPT,3.0,3.0,2.0,2.0,4.0,2.0,2.0,2.0,1.0,1.0,3.0,2.0
803,Phi-3.5-mini,1.0,1.0,1.0,1.0,1.0,1.0,3.0,3.0,3.0,3.0,3.0,3.0
803,Qwen2.5-3B,1.0,1.0,1.0,1.0,5.0,1.0,1.0,1.0,5.0,1.0,1.0,1.0
803,Qwen2.5-7B,4.0,5.0,5.0,5.0,5.0,5.0,4.0,5.0,5.0,5.0,5.0,5.0
804,HingGPT,3.0,3.0,2.0,2.0,3.0,2.0,2.0,3.0,2.0,3.0,3.0,2.0
804,Phi-3.5-mini,1.0,1.0,1.0,1.0,1.0,1.0,3.0,4.0,3.0,4.0,3.0,3.0
804,Qwen2.5-3B,4.0,5.0,3.0,4.0,5.0,4.0,3.0,4.0,2.0,3.0,3.0,3.0
804,Qwen2.5-7B,2.0,3.0,2.0,1.0,5.0,2.0,3.0,4.0,2.0,3.0,5.0,3.0
805,HingGPT,1.0,1.0,1.0,1.0,1.0,1.0,2.0,3.0,1.0,2.0,2.0,2.0
805,Phi-3.5-mini,1.0,1.0,1.0,1.0,1.0,1.0,3.0,4.0,3.0,4.0,5.0,3.0
805,Qwen2.5-3B,4.0,4.0,3.0,4.0,4.0,4.0,4.0,4.0,3.0,4.0,4.0,4.0
805,Qwen2.5-7B,4.0,4.0,3.0,4.0,4.0,4.0,4.0,4.0,3.0,4.0,4.0,4.0
806,HingGPT,4.0,4.0,3.0,4.0,4.0,4.0,3.0,4.0,2.0,3.0,3.0,3.0
806,Phi-3.5-mini,1.0,1.0,1.0,1.0,1.0,1.0,3.0,4.0,3.0,5.0,5.0,4.0
806,Qwen2.5-3B,4.0,5.0,4.0,5.0,5.0,5.0,4.0,4.0,3.0,5.0,5.0,4.0
806,Qwen2.5-7B,3.0,2.0,2.0,1.0,5.0,2.0,3.0,2.0,1.0,1.0,5.0,2.0
807,HingGPT,1.0,1.0,1.0,1.0,5.0,1.0,2.0,1.0,1.0,1.0,3.0,2.0
807,Phi-3.5-mini,1.0,1.0,1.0,1.0,1.0,1.0,3.0,4.0,3.0,4.0,3.0,3.0
807,Qwen2.5-3B,4.0,5.0,4.0,5.0,5.0,5.0,4.0,4.0,4.0,5.0,5.0,4.0
807,Qwen2.5-7B,4.0,4.0,3.0,4.0,5.0,4.0,4.0,4.0,3.0,4.0,4.0,4.0
808,HingGPT,1.0,1.0,1.0,1.0,1.0,1.0,2.0,1.0,1.0,1.0,1.0,1.0
808,Phi-3.5-mini,1.0,1.0,1.0,1.0,1.0,1.0,2.0,3.0,1.0,2.0,1.0,2.0
808,Qwen2.5-3B,1.0,1.0,1.0,1.0,5.0,1.0,1.0,1.0,1.0,1.0,1.0,1.0
808,Qwen2.5-7B,3.0,4.0,2.0,3.0,3.0,3.0,3.0,4.0,2.0,4.0,3.0,3.0
809,HingGPT,3.0,3.0,2.0,3.0,3.0,3.0,3.0,4.0,2.0,3.0,3.0,3.0
809,Phi-3.5-mini,1.0,1.0,1.0,1.0,1.0,1.0,3.0,4.0,3.0,4.0,3.0,3.0
809,Qwen2.5-3B,1.0,1.0,1.0,1.0,5.0,1.0,3.0,2.0,1.0,1.0,5.0,2.0
809,Qwen2.5-7B,3.0,4.0,3.0,4.0,5.0,4.0,4.0,4.0,3.0,5.0,2.0,3.0
810,HingGPT,3.0,4.0,2.0,2.0,3.0,3.0,3.0,4.0,2.0,3.0,3.0,3.0
810,Phi-3.5-mini,1.0,1.0,1.0,1.0,1.0,1.0,3.0,4.0,2.0,3.0,3.0,3.0
810,Qwen2.5-3B,4.0,5.0,3.0,5.0,4.0,4.0,3.0,4.0,2.0,3.0,3.0,3.0
810,Qwen2.5-7B,4.0,5.0,3.0,5.0,4.0,4.0,4.0,4.0,3.0,4.0,5.0,4.0
811,HingGPT,1.0,1.0,1.0,1.0,1.0,1.0,2.0,3.0,1.0,1.0,1.0,2.0
811,Phi-3.5-mini,1.0,1.0,1.0,1.0,1.0,1.0,4.0,5.0,5.0,5.0,5.0,5.0
811,Qwen2.5-3B,4.0,5.0,4.0,5.0,5.0,5.0,4.0,4.0,4.0,5.0,5.0,4.0
811,Qwen2.5-7B,4.0,4.0,3.0,4.0,5.0,4.0,3.0,2.0,2.0,3.0,3.0,3.0
812,HingGPT,2.0,3.0,2.0,2.0,3.0,2.0,3.0,4.0,2.0,3.0,3.0,3.0
812,Phi-3.5-mini,1.0,1.0,1.0,1.0,1.0,1.0,3.0,2.0,1.0,1.0,3.0,2.0
812,Qwen2.5-3B,3.0,4.0,2.0,3.0,4.0,3.0,3.0,4.0,2.0,3.0,5.0,3.0
812,Qwen2.5-7B,4.0,5.0,4.0,5.0,5.0,4.0,4.0,4.0,4.0,4.0,5.0,4.0
813,HingGPT,1.0,1.0,1.0,1.0,1.0,1.0,3.0,4.0,2.0,3.0,2.0,3.0
813,Phi-3.5-mini,1.0,1.0,1.0,1.0,1.0,1.0,3.0,4.0,3.0,5.0,3.0,4.0
813,Qwen2.5-3B,4.0,5.0,3.0,5.0,5.0,4.0,4.0,4.0,3.0,4.0,5.0,4.0
813,Qwen2.5-7B,4.0,5.0,3.0,4.0,5.0,4.0,4.0,5.0,1.0,3.0,5.0,3.0
814,HingGPT,2.0,3.0,2.0,1.0,3.0,2.0,2.0,3.0,2.0,2.0,3.0,2.0
814,Phi-3.5-mini,1.0,1.0,1.0,1.0,1.0,1.0,3.0,3.0,2.0,3.0,3.0,3.0
814,Qwen2.5-3B,4.0,3.0,3.0,5.0,5.0,4.0,3.0,4.0,1.0,5.0,5.0,4.0
814,Qwen2.5-7B,3.0,3.0,2.0,1.0,5.0,2.0,3.0,2.0,1.0,1.0,5.0,2.0
815,HingGPT,1.0,1.0,1.0,1.0,1.0,1.0,2.0,2.0,1.0,2.0,3.0,2.0
815,Phi-3.5-mini,1.0,1.0,1.0,1.0,1.0,1.0,3.0,4.0,3.0,4.0,1.0,3.0
815,Qwen2.5-3B,4.0,5.0,3.0,5.0,5.0,4.0,4.0,4.0,3.0,4.0,5.0,4.0
815,Qwen2.5-7B,5.0,5.0,5.0,5.0,5.0,5.0,,,,,,
816,HingGPT,4.0,4.0,3.0,4.0,4.0,4.0,3.0,4.0,3.0,4.0,3.0,3.0
816,Phi-3.5-mini,1.0,1.0,1.0,1.0,1.0,1.0,4.0,4.0,3.0,5.0,5.0,4.0
816,Qwen2.5-3B,4.0,5.0,3.0,4.0,5.0,4.0,4.0,4.0,4.0,5.0,5.0,5.0
816,Qwen2.5-7B,4.0,4.0,3.0,4.0,5.0,4.0,3.0,4.0,3.0,2.0,3.0,3.0
817,HingGPT,1.0,1.0,1.0,1.0,5.0,1.0,3.0,4.0,2.0,3.0,4.0,3.0
817,Phi-3.5-mini,1.0,1.0,1.0,1.0,1.0,1.0,2.0,1.0,1.0,1.0,3.0,2.0
817,Qwen2.5-3B,4.0,4.0,3.0,3.0,4.0,3.0,2.0,3.0,2.0,3.0,5.0,3.0
817,Qwen2.5-7B,1.0,1.0,1.0,1.0,5.0,1.0,2.0,1.0,1.0,2.0,5.0,2.0
818,HingGPT,3.0,4.0,2.0,2.0,5.0,3.0,2.0,2.0,2.0,2.0,3.0,2.0
818,Phi-3.5-mini,1.0,1.0,1.0,1.0,1.0,1.0,3.0,4.0,3.0,3.0,3.0,3.0
818,Qwen2.5-3B,3.0,3.0,2.0,2.0,3.0,2.0,3.0,4.0,3.0,3.0,3.0,3.0
818,Qwen2.5-7B,4.0,5.0,4.0,5.0,5.0,4.0,4.0,4.0,4.0,5.0,5.0,4.0
819,HingGPT,2.0,3.0,2.0,2.0,3.0,2.0,2.0,3.0,2.0,2.0,3.0,2.0
819,Phi-3.5-mini,1.0,1.0,1.0,1.0,1.0,1.0,3.0,4.0,3.0,4.0,3.0,3.0
819,Qwen2.5-3B,4.0,4.0,4.0,5.0,5.0,4.0,4.0,4.0,3.0,4.0,5.0,4.0
819,Qwen2.5-7B,3.0,4.0,2.0,3.0,5.0,3.0,4.0,4.0,3.0,4.0,5.0,4.0
820,HingGPT,1.0,1.0,1.0,1.0,1.0,1.0,2.0,2.0,1.0,1.0,3.0,2.0
820,Phi-3.5-mini,1.0,1.0,1.0,1.0,1.0,1.0,3.0,4.0,3.0,5.0,3.0,4.0
820,Qwen2.5-3B,3.0,3.0,2.0,2.0,3.0,2.0,3.0,4.0,3.0,4.0,4.0,3.0
820,Qwen2.5-7B,1.0,1.0,1.0,1.0,1.0,1.0,2.0,1.0,1.0,1.0,1.0,1.0
821,HingGPT,2.0,3.0,2.0,2.0,3.0,2.0,2.0,3.0,2.0,2.0,3.0,2.0
821,Phi-3.5-mini,1.0,1.0,1.0,1.0,1.0,1.0,3.0,4.0,3.0,4.0,3.0,3.0
821,Qwen2.5-3B,3.0,4.0,2.0,1.0,5.0,2.0,3.0,2.0,1.0,2.0,5.0,2.0
821,Qwen2.5-7B,1.0,1.0,1.0,1.0,5.0,1.0,2.0,3.0,2.0,1.0,5.0,2.0
822,HingGPT,1.0,1.0,1.0,1.0,1.0,1.0,2.0,3.0,2.0,2.0,2.0,2.0
822,Phi-3.5-mini,1.0,1.0,1.0,1.0,1.0,1.0,3.0,4.0,3.0,4.0,5.0,3.0
822,Qwen2.5-3B,4.0,4.0,3.0,4.0,4.0,4.0,4.0,4.0,3.0,4.0,4.0,4.0
822,Qwen2.5-7B,2.0,3.0,2.0,1.0,3.0,2.0,3.0,2.0,1.0,1.0,3.0,2.0
823,HingGPT,3.0,2.0,2.0,2.0,3.0,2.0,3.0,4.0,2.0,3.0,3.0,3.0
823,Phi-3.5-mini,3.0,3.0,3.0,5.0,5.0,3.0,3.0,3.0,3.0,5.0,5.0,4.0
823,Qwen2.5-3B,4.0,5.0,3.0,5.0,5.0,4.0,4.0,4.0,3.0,5.0,4.0,4.0
823,Qwen2.5-7B,4.0,5.0,3.0,3.0,5.0,4.0,4.0,5.0,3.0,4.0,5.0,4.0
824,HingGPT,1.0,1.0,1.0,1.0,1.0,1.0,2.0,1.0,1.0,1.0,1.0,1.0
824,Phi-3.5-mini,1.0,1.0,1.0,1.0,1.0,1.0,1.0,1.0,1.0,1.0,1.0,1.0
824,Qwen2.5-3B,3.0,4.0,3.0,1.0,5.0,2.0,,,,,,
824,Qwen2.5-7B,3.0,3.0,2.0,1.0,5.0,2.0,3.0,2.0,3.0,1.0,3.0,2.0
825,HingGPT,1.0,1.0,1.0,1.0,5.0,1.0,2.0,1.0,1.0,2.0,3.0,2.0
825,Phi-3.5-mini,1.0,1.0,1.0,1.0,1.0,1.0,4.0,4.0,3.0,4.0,4.0,4.0
825,Qwen2.5-3B,4.0,4.0,3.0,4.0,4.0,4.0,4.0,4.0,3.0,4.0,5.0,4.0
825,Qwen2.5-7B,4.0,5.0,3.0,3.0,5.0,4.0,4.0,4.0,3.0,4.0,5.0,4.0
826,HingGPT,1.0,1.0,1.0,1.0,3.0,1.0,2.0,2.0,2.0,2.0,3.0,2.0
826,Phi-3.5-mini,1.0,1.0,1.0,1.0,1.0,1.0,5.0,5.0,5.0,5.0,5.0,5.0
826,Qwen2.5-3B,4.0,5.0,3.0,4.0,5.0,4.0,4.0,4.0,2.0,4.0,5.0,3.0
826,Qwen2.5-7B,3.0,4.0,2.0,1.0,5.0,2.0,2.0,2.0,2.0,1.0,2.0,2.0
827,HingGPT,1.0,1.0,1.0,1.0,5.0,1.0,2.0,3.0,2.0,2.0,3.0,2.0
827,Phi-3.5-mini,1.0,1.0,1.0,1.0,1.0,1.0,3.0,4.0,3.0,4.0,5.0,3.0
827,Qwen2.5-3B,1.0,1.0,1.0,1.0,1.0,1.0,2.0,1.0,2.0,1.0,3.0,2.0
827,Qwen2.5-7B,4.0,4.0,3.0,4.0,5.0,4.0,4.0,4.0,3.0,4.0,5.0,4.0
828,HingGPT,3.0,4.0,2.0,2.0,4.0,3.0,2.0,2.0,1.0,2.0,3.0,2.0
828,Phi-3.5-mini,1.0,1.0,1.0,1.0,1.0,1.0,1.0,1.0,1.0,1.0,1.0,1.0
828,Qwen2.5-3B,5.0,5.0,5.0,5.0,5.0,5.0,4.0,4.0,4.0,5.0,5.0,4.0
828,Qwen2.5-7B,3.0,4.0,3.0,4.0,3.0,3.0,3.0,4.0,3.0,4.0,3.0,3.0
829,HingGPT,1.0,1.0,1.0,1.0,1.0,1.0,2.0,2.0,1.0,1.0,1.0,1.0
829,Phi-3.5-mini,1.0,1.0,1.0,1.0,1.0,1.0,3.0,4.0,2.0,3.0,3.0,3.0
829,Qwen2.5-3B,3.0,4.0,2.0,2.0,5.0,3.0,2.0,2.0,2.0,2.0,3.0,2.0
829,Qwen2.5-7B,3.0,3.0,2.0,1.0,3.0,2.0,2.0,2.0,2.0,2.0,3.0,2.0
830,HingGPT,1.0,1.0,1.0,1.0,5.0,1.0,2.0,2.0,1.0,2.0,3.0,2.0
830,Phi-3.5-mini,1.0,1.0,1.0,1.0,1.0,1.0,2.0,3.0,2.0,3.0,1.0,2.0
830,Qwen2.5-3B,4.0,5.0,3.0,3.0,5.0,4.0,4.0,4.0,3.0,2.0,5.0,3.0
830,Qwen2.5-7B,4.0,4.0,3.0,4.0,5.0,4.0,4.0,4.0,3.0,4.0,5.0,4.0
831,HingGPT,1.0,1.0,1.0,1.0,1.0,1.0,3.0,4.0,2.0,3.0,3.0,3.0
831,Phi-3.5-mini,1.0,1.0,1.0,1.0,1.0,1.0,3.0,4.0,3.0,4.0,5.0,3.0
831,Qwen2.5-3B,4.0,4.0,3.0,4.0,3.0,3.0,3.0,4.0,3.0,4.0,3.0,3.0
831,Qwen2.5-7B,3.0,2.0,2.0,1.0,3.0,2.0,3.0,2.0,2.0,3.0,3.0,3.0
832,HingGPT,3.0,2.0,2.0,1.0,3.0,2.0,2.0,3.0,2.0,2.0,2.0,2.0
832,Phi-3.5-mini,1.0,1.0,1.0,1.0,1.0,1.0,3.0,4.0,3.0,4.0,5.0,3.0
832,Qwen2.5-3B,4.0,5.0,3.0,5.0,5.0,4.0,4.0,4.0,3.0,5.0,5.0,4.0
832,Qwen2.5-7B,4.0,4.0,3.0,3.0,4.0,3.0,2.0,3.0,2.0,2.0,3.0,2.0
833,HingGPT,2.0,3.0,2.0,2.0,3.0,2.0,2.0,3.0,2.0,3.0,2.0,2.0
833,Phi-3.5-mini,1.0,1.0,1.0,1.0,1.0,1.0,4.0,5.0,3.0,5.0,3.0,4.0
833,Qwen2.5-3B,4.0,5.0,4.0,5.0,5.0,5.0,4.0,4.0,3.0,5.0,5.0,4.0
833,Qwen2.5-7B,3.0,3.0,2.0,2.0,5.0,3.0,3.0,2.0,1.0,3.0,5.0,3.0
834,HingGPT,3.0,4.0,2.0,3.0,4.0,3.0,2.0,3.0,2.0,3.0,3.0,2.0
834,Phi-3.5-mini,1.0,1.0,1.0,1.0,1.0,1.0,3.0,4.0,2.0,4.0,2.0,3.0
834,Qwen2.5-3B,4.0,4.0,4.0,5.0,5.0,4.0,4.0,4.0,4.0,5.0,5.0,4.0
834,Qwen2.5-7B,4.0,4.0,3.0,4.0,4.0,4.0,4.0,4.0,3.0,5.0,5.0,4.0
835,HingGPT,3.0,2.0,2.0,2.0,3.0,2.0,2.0,2.0,2.0,2.0,2.0,2.0
835,Phi-3.5-mini,1.0,1.0,1.0,1.0,1.0,1.0,3.0,4.0,3.0,4.0,3.0,3.0
835,Qwen2.5-3B,1.0,1.0,1.0,1.0,1.0,1.0,1.0,1.0,1.0,1.0,1.0,1.0
835,Qwen2.5-7B,4.0,5.0,4.0,5.0,5.0,5.0,4.0,5.0,5.0,5.0,5.0,5.0
836,HingGPT,3.0,4.0,2.0,3.0,4.0,3.0,3.0,4.0,2.0,3.0,4.0,3.0
836,Phi-3.5-mini,1.0,1.0,1.0,1.0,1.0,1.0,4.0,5.0,5.0,5.0,5.0,5.0
836,Qwen2.5-3B,4.0,5.0,3.0,4.0,5.0,4.0,3.0,4.0,2.0,3.0,4.0,3.0
836,Qwen2.5-7B,1.0,1.0,1.0,1.0,5.0,1.0,3.0,3.0,1.0,1.0,3.0,2.0
837,HingGPT,2.0,3.0,1.0,1.0,3.0,2.0,2.0,2.0,1.0,2.0,2.0,2.0
837,Phi-3.5-mini,1.0,1.0,1.0,1.0,1.0,1.0,3.0,4.0,3.0,4.0,3.0,3.0
837,Qwen2.5-3B,2.0,2.0,1.0,1.0,5.0,2.0,2.0,2.0,2.0,2.0,3.0,2.0
837,Qwen2.5-7B,3.0,4.0,2.0,2.0,5.0,3.0,2.0,2.0,1.0,1.0,1.0,1.0
838,HingGPT,2.0,3.0,2.0,1.0,3.0,2.0,2.0,3.0,2.0,2.0,3.0,2.0
838,Phi-3.5-mini,1.0,1.0,1.0,1.0,1.0,1.0,3.0,4.0,3.0,4.0,5.0,4.0
838,Qwen2.5-3B,4.0,5.0,3.0,5.0,5.0,4.0,5.0,5.0,5.0,5.0,5.0,5.0
838,Qwen2.5-7B,3.0,4.0,2.0,1.0,3.0,2.0,2.0,2.0,2.0,1.0,3.0,2.0
839,HingGPT,1.0,1.0,1.0,1.0,1.0,1.0,2.0,2.0,1.0,1.0,1.0,2.0
839,Phi-3.5-mini,1.0,1.0,1.0,1.0,1.0,1.0,3.0,2.0,2.0,2.0,3.0,2.0
839,Qwen2.5-3B,1.0,1.0,1.0,1.0,5.0,1.0,2.0,1.0,1.0,2.0,3.0,2.0
839,Qwen2.5-7B,3.0,4.0,2.0,2.0,3.0,3.0,2.0,1.0,1.0,1.0,3.0,2.0
840,HingGPT,4.0,4.0,3.0,4.0,4.0,4.0,2.0,3.0,2.0,3.0,2.0,2.0
840,Phi-3.5-mini,1.0,1.0,1.0,1.0,1.0,1.0,1.0,1.0,1.0,1.0,1.0,1.0
840,Qwen2.5-3B,2.0,2.0,1.0,1.0,3.0,2.0,2.0,1.0,1.0,1.0,3.0,2.0
840,Qwen2.5-7B,4.0,4.0,3.0,4.0,5.0,4.0,4.0,4.0,3.0,4.0,5.0,4.0
841,HingGPT,3.0,2.0,2.0,1.0,3.0,2.0,4.0,4.0,3.0,4.0,3.0,4.0
841,Phi-3.5-mini,1.0,1.0,1.0,1.0,1.0,1.0,2.0,3.0,1.0,1.0,1.0,2.0
841,Qwen2.5-3B,4.0,5.0,3.0,5.0,5.0,4.0,3.0,2.0,3.0,5.0,5.0,4.0
841,Qwen2.5-7B,4.0,5.0,3.0,4.0,5.0,4.0,3.0,4.0,2.0,3.0,3.0,3.0
842,HingGPT,3.0,3.0,2.0,2.0,3.0,2.0,3.0,4.0,2.0,2.0,3.0,3.0
842,Phi-3.5-mini,1.0,1.0,1.0,1.0,1.0,1.0,3.0,3.0,1.0,2.0,3.0,2.0
842,Qwen2.5-3B,3.0,4.0,3.0,2.0,5.0,3.0,3.0,2.0,2.0,2.0,4.0,2.0
842,Qwen2.5-7B,4.0,5.0,3.0,5.0,5.0,4.0,3.0,3.0,1.0,5.0,1.0,2.0
843,HingGPT,3.0,2.0,1.0,1.0,1.0,1.0,2.0,2.0,1.0,2.0,2.0,2.0
843,Phi-3.5-mini,1.0,1.0,1.0,1.0,1.0,1.0,3.0,2.0,2.0,3.0,3.0,3.0
843,Qwen2.5-3B,3.0,4.0,2.0,2.0,5.0,3.0,3.0,3.0,1.0,2.0,3.0,2.0
843,Qwen2.5-7B,4.0,5.0,4.0,5.0,5.0,5.0,5.0,5.0,5.0,5.0,5.0,5.0
844,HingGPT,4.0,5.0,3.0,5.0,4.0,4.0,3.0,4.0,3.0,4.0,4.0,3.0
844,Phi-3.5-mini,1.0,1.0,1.0,1.0,1.0,1.0,4.0,4.0,3.0,4.0,4.0,4.0
844,Qwen2.5-3B,4.0,5.0,3.0,5.0,4.0,4.0,4.0,5.0,5.0,5.0,5.0,5.0
844,Qwen2.5-7B,3.0,4.0,2.0,2.0,5.0,3.0,2.0,2.0,1.0,2.0,5.0,2.0
845,HingGPT,1.0,1.0,1.0,1.0,3.0,1.0,2.0,1.0,1.0,1.0,1.0,1.0
845,Phi-3.5-mini,1.0,1.0,1.0,1.0,1.0,1.0,4.0,5.0,5.0,5.0,5.0,5.0
845,Qwen2.5-3B,4.0,5.0,3.0,5.0,5.0,4.0,5.0,5.0,3.0,5.0,5.0,4.0
845,Qwen2.5-7B,4.0,5.0,3.0,5.0,5.0,4.0,3.0,4.0,3.0,4.0,3.0,3.0
846,HingGPT,1.0,1.0,1.0,1.0,1.0,1.0,3.0,4.0,3.0,5.0,5.0,4.0
846,Phi-3.5-mini,1.0,1.0,1.0,1.0,1.0,1.0,3.0,4.0,3.0,5.0,5.0,4.0
846,Qwen2.5-3B,3.0,2.0,2.0,2.0,3.0,2.0,2.0,3.0,1.0,1.0,1.0,2.0
846,Qwen2.5-7B,3.0,3.0,2.0,2.0,5.0,2.0,2.0,2.0,2.0,2.0,5.0,2.0
847,HingGPT,3.0,2.0,2.0,2.0,4.0,2.0,3.0,2.0,2.0,2.0,3.0,2.0
847,Phi-3.5-mini,1.0,1.0,1.0,1.0,1.0,1.0,1.0,1.0,1.0,1.0,1.0,1.0
847,Qwen2.5-3B,4.0,5.0,3.0,4.0,5.0,4.0,4.0,4.0,4.0,5.0,5.0,4.0
847,Qwen2.5-7B,4.0,4.0,3.0,4.0,4.0,4.0,4.0,4.0,4.0,4.0,4.0,4.0
848,HingGPT,1.0,1.0,1.0,1.0,1.0,1.0,2.0,2.0,1.0,1.0,1.0,2.0
848,Phi-3.5-mini,1.0,1.0,1.0,1.0,1.0,1.0,3.0,4.0,3.0,4.0,2.0,3.0
848,Qwen2.5-3B,4.0,5.0,4.0,5.0,5.0,4.0,4.0,4.0,3.0,5.0,5.0,4.0
848,Qwen2.5-7B,4.0,5.0,4.0,5.0,5.0,4.0,4.0,4.0,3.0,4.0,5.0,4.0
849,HingGPT,3.0,2.0,2.0,1.0,3.0,2.0,2.0,3.0,2.0,2.0,3.0,2.0
849,Phi-3.5-mini,1.0,1.0,1.0,1.0,1.0,1.0,3.0,4.0,3.0,4.0,5.0,3.0
849,Qwen2.5-3B,3.0,4.0,2.0,2.0,5.0,3.0,3.0,4.0,5.0,3.0,5.0,3.0
849,Qwen2.5-7B,4.0,3.0,2.0,3.0,5.0,3.0,3.0,4.0,3.0,4.0,3.0,3.0
850,HingGPT,3.0,4.0,2.0,3.0,4.0,3.0,3.0,2.0,2.0,2.0,3.0,2.0
850,Phi-3.5-mini,1.0,1.0,1.0,1.0,1.0,1.0,3.0,4.0,2.0,3.0,3.0,3.0
850,Qwen2.5-3B,4.0,5.0,4.0,5.0,5.0,4.0,3.0,4.0,2.0,3.0,3.0,3.0
850,Qwen2.5-7B,4.0,4.0,3.0,4.0,5.0,4.0,3.0,4.0,2.0,5.0,5.0,4.0
851,HingGPT,1.0,1.0,1.0,1.0,1.0,1.0,2.0,2.0,1.0,1.0,1.0,1.0
851,Phi-3.5-mini,1.0,1.0,1.0,1.0,1.0,1.0,3.0,2.0,1.0,1.0,1.0,1.0
851,Qwen2.5-3B,4.0,5.0,4.0,5.0,5.0,4.0,4.0,4.0,3.0,5.0,5.0,4.0
851,Qwen2.5-7B,2.0,2.0,1.0,1.0,5.0,2.0,3.0,2.0,1.0,2.0,5.0,2.0
852,HingGPT,1.0,1.0,1.0,1.0,5.0,1.0,2.0,2.0,1.0,1.0,3.0,2.0
852,Phi-3.5-mini,1.0,1.0,1.0,1.0,1.0,1.0,4.0,4.0,3.0,4.0,3.0,3.0
852,Qwen2.5-3B,4.0,5.0,3.0,4.0,5.0,4.0,4.0,4.0,4.0,4.0,5.0,4.0
852,Qwen2.5-7B,3.0,4.0,2.0,2.0,5.0,3.0,3.0,2.0,1.0,1.0,3.0,2.0
853,HingGPT,2.0,3.0,2.0,1.0,3.0,2.0,2.0,3.0,2.0,2.0,3.0,2.0
853,Phi-3.5-mini,1.0,1.0,1.0,1.0,1.0,1.0,3.0,4.0,1.0,4.0,3.0,3.0
853,Qwen2.5-3B,4.0,5.0,4.0,5.0,5.0,4.0,3.0,4.0,3.0,4.0,4.0,3.0
853,Qwen2.5-7B,4.0,4.0,3.0,4.0,5.0,4.0,3.0,4.0,3.0,4.0,5.0,4.0
854,HingGPT,3.0,4.0,2.0,3.0,5.0,3.0,3.0,2.0,1.0,2.0,4.0,2.0
854,Phi-3.5-mini,3.0,3.0,1.0,3.0,3.0,2.0,4.0,4.0,3.0,4.0,3.0,4.0
854,Qwen2.5-3B,4.0,5.0,3.0,4.0,5.0,4.0,4.0,4.0,3.0,4.0,4.0,4.0
854,Qwen2.5-7B,3.0,4.0,2.0,1.0,5.0,2.0,2.0,2.0,1.0,1.0,3.0,2.0
855,HingGPT,3.0,3.0,2.0,3.0,3.0,3.0,2.0,3.0,1.0,1.0,1.0,1.0
855,Phi-3.5-mini,1.0,1.0,1.0,1.0,1.0,1.0,3.0,4.0,3.0,4.0,3.0,3.0
855,Qwen2.5-3B,4.0,4.0,3.0,5.0,5.0,4.0,4.0,4.0,3.0,5.0,5.0,4.0
855,Qwen2.5-7B,4.0,4.0,3.0,5.0,5.0,4.0,4.0,4.0,3.0,5.0,5.0,4.0
856,HingGPT,1.0,1.0,1.0,1.0,1.0,1.0,3.0,4.0,2.0,3.0,1.0,2.0
856,Phi-3.5-mini,1.0,1.0,1.0,1.0,1.0,1.0,5.0,5.0,5.0,5.0,5.0,5.0
856,Qwen2.5-3B,3.0,2.0,1.0,1.0,5.0,2.0,2.0,1.0,1.0,1.0,1.0,1.0
856,Qwen2.5-7B,3.0,2.0,2.0,1.0,5.0,2.0,3.0,2.0,1.0,1.0,3.0,2.0
857,HingGPT,2.0,2.0,1.0,1.0,1.0,1.0,3.0,4.0,2.0,2.0,3.0,3.0
857,Phi-3.5-mini,1.0,1.0,1.0,1.0,1.0,1.0,3.0,3.0,3.0,5.0,5.0,4.0
857,Qwen2.5-3B,3.0,4.0,2.0,3.0,5.0,3.0,3.0,4.0,1.0,2.0,5.0,3.0
857,Qwen2.5-7B,3.0,2.0,1.0,1.0,5.0,2.0,3.0,2.0,1.0,1.0,5.0,2.0
858,HingGPT,3.0,3.0,2.0,2.0,3.0,2.0,2.0,3.0,1.0,2.0,1.0,2.0
858,Phi-3.5-mini,1.0,1.0,1.0,1.0,3.0,1.0,3.0,3.0,3.0,4.0,4.0,3.0
858,Qwen2.5-3B,3.0,1.0,1.0,1.0,5.0,2.0,1.0,1.0,1.0,1.0,1.0,1.0
858,Qwen2.5-7B,1.0,1.0,1.0,1.0,5.0,1.0,3.0,2.0,3.0,1.0,5.0,2.0
859,HingGPT,1.0,1.0,1.0,1.0,5.0,1.0,2.0,2.0,1.0,2.0,3.0,2.0
859,Phi-3.5-mini,1.0,1.0,1.0,1.0,1.0,1.0,2.0,3.0,2.0,2.0,1.0,2.0
859,Qwen2.5-3B,4.0,4.0,3.0,4.0,5.0,4.0,4.0,4.0,3.0,4.0,5.0,4.0
859,Qwen2.5-7B,4.0,4.0,3.0,4.0,5.0,4.0,4.0,4.0,3.0,4.0,4.0,4.0
860,HingGPT,,,,,,,2.0,2.0,1.0,1.0,1.0,2.0
860,Phi-3.5-mini,1.0,1.0,1.0,1.0,1.0,1.0,3.0,4.0,1.0,3.0,5.0,3.0
860,Qwen2.5-3B,3.0,4.0,2.0,3.0,5.0,3.0,3.0,4.0,5.0,4.0,5.0,4.0
860,Qwen2.5-7B,3.0,3.0,2.0,2.0,5.0,2.0,3.0,3.0,2.0,2.0,5.0,3.0
861,HingGPT,3.0,4.0,3.0,2.0,4.0,3.0,3.0,4.0,3.0,4.0,3.0,3.0
861,Phi-3.5-mini,1.0,1.0,1.0,1.0,1.0,1.0,4.0,4.0,3.0,5.0,5.0,4.0
861,Qwen2.5-3B,5.0,5.0,5.0,5.0,5.0,5.0,,,,,,
861,Qwen2.5-7B,4.0,5.0,3.0,5.0,5.0,4.0,4.0,5.0,3.0,5.0,5.0,4.0
862,HingGPT,4.0,5.0,3.0,5.0,5.0,4.0,3.0,4.0,3.0,4.0,3.0,3.0
862,Phi-3.5-mini,1.0,1.0,1.0,1.0,1.0,1.0,3.0,4.0,3.0,4.0,2.0,3.0
862,Qwen2.5-3B,4.0,5.0,4.0,5.0,5.0,5.0,4.0,4.0,3.0,4.0,5.0,4.0
862,Qwen2.5-7B,4.0,4.0,3.0,4.0,5.0,4.0,4.0,3.0,1.0,2.0,5.0,3.0
863,HingGPT,2.0,3.0,2.0,2.0,2.0,2.0,2.0,3.0,2.0,2.0,2.0,2.0
863,Phi-3.5-mini,1.0,1.0,1.0,1.0,1.0,1.0,2.0,2.0,1.0,1.0,1.0,2.0
863,Qwen2.5-3B,1.0,1.0,1.0,1.0,5.0,1.0,2.0,1.0,1.0,1.0,3.0,2.0
863,Qwen2.5-7B,4.0,4.0,3.0,4.0,5.0,4.0,4.0,4.0,3.0,4.0,5.0,4.0
864,HingGPT,3.0,4.0,2.0,2.0,3.0,3.0,3.0,4.0,2.0,3.0,3.0,3.0
864,Phi-3.5-mini,1.0,1.0,1.0,1.0,1.0,1.0,4.0,4.0,3.0,4.0,5.0,4.0
864,Qwen2.5-3B,4.0,5.0,3.0,4.0,5.0,4.0,4.0,4.0,3.0,4.0,4.0,4.0
864,Qwen2.5-7B,4.0,4.0,3.0,4.0,5.0,4.0,3.0,4.0,2.0,4.0,3.0,3.0
865,HingGPT,3.0,2.0,2.0,3.0,4.0,3.0,3.0,4.0,2.0,3.0,3.0,3.0
865,Phi-3.5-mini,1.0,1.0,1.0,1.0,1.0,1.0,3.0,4.0,2.0,4.0,3.0,3.0
865,Qwen2.5-3B,3.0,5.0,1.0,1.0,1.0,1.0,3.0,2.0,1.0,1.0,1.0,1.0
865,Qwen2.5-7B,4.0,5.0,3.0,5.0,5.0,4.0,5.0,5.0,5.0,5.0,5.0,5.0
866,HingGPT,3.0,4.0,2.0,2.0,5.0,3.0,3.0,4.0,2.0,2.0,3.0,3.0
866,Phi-3.5-mini,1.0,1.0,1.0,1.0,1.0,1.0,2.0,2.0,2.0,2.0,3.0,2.0
866,Qwen2.5-3B,1.0,1.0,1.0,1.0,5.0,1.0,2.0,2.0,1.0,1.0,5.0,2.0
866,Qwen2.5-7B,4.0,4.0,3.0,4.0,5.0,4.0,4.0,4.0,3.0,4.0,5.0,4.0
867,HingGPT,3.0,4.0,2.0,3.0,4.0,3.0,2.0,2.0,2.0,2.0,3.0,2.0
867,Phi-3.5-mini,1.0,1.0,1.0,1.0,1.0,1.0,3.0,5.0,3.0,5.0,5.0,4.0
867,Qwen2.5-3B,4.0,5.0,4.0,5.0,5.0,4.0,4.0,4.0,4.0,5.0,5.0,5.0
867,Qwen2.5-7B,3.0,4.0,3.0,2.0,5.0,3.0,2.0,2.0,2.0,1.0,5.0,2.0
868,HingGPT,3.0,4.0,2.0,2.0,3.0,3.0,3.0,4.0,2.0,2.0,3.0,3.0
868,Phi-3.5-mini,1.0,1.0,1.0,1.0,1.0,1.0,4.0,5.0,5.0,5.0,5.0,5.0
868,Qwen2.5-3B,4.0,5.0,3.0,5.0,5.0,4.0,3.0,4.0,2.0,5.0,5.0,3.0
868,Qwen2.5-7B,3.0,3.0,2.0,2.0,3.0,2.0,3.0,3.0,2.0,3.0,3.0,3.0
869,HingGPT,4.0,3.0,2.0,3.0,4.0,3.0,3.0,4.0,2.0,2.0,3.0,3.0
869,Phi-3.5-mini,1.0,1.0,1.0,1.0,1.0,1.0,2.0,2.0,2.0,2.0,3.0,2.0
869,Qwen2.5-3B,4.0,4.0,3.0,4.0,5.0,4.0,4.0,4.0,1.0,4.0,5.0,4.0
869,Qwen2.5-7B,4.0,5.0,3.0,5.0,5.0,4.0,3.0,4.0,1.0,3.0,5.0,3.0
870,HingGPT,1.0,1.0,1.0,1.0,1.0,1.0,2.0,3.0,2.0,2.0,3.0,2.0
870,Phi-3.5-mini,1.0,1.0,1.0,1.0,1.0,1.0,3.0,4.0,3.0,5.0,3.0,3.0
870,Qwen2.5-3B,1.0,1.0,1.0,1.0,1.0,1.0,2.0,1.0,1.0,2.0,3.0,2.0
870,Qwen2.5-7B,3.0,4.0,3.0,2.0,5.0,3.0,3.0,2.0,1.0,1.0,5.0,2.0
871,HingGPT,,,,,,,2.0,1.0,1.0,1.0,3.0,2.0
871,Phi-3.5-mini,1.0,1.0,1.0,1.0,1.0,1.0,3.0,4.0,3.0,4.0,3.0,3.0
871,Qwen2.5-3B,4.0,5.0,4.0,5.0,5.0,5.0,4.0,4.0,3.0,4.0,3.0,4.0
871,Qwen2.5-7B,4.0,4.0,4.0,5.0,5.0,4.0,4.0,4.0,4.0,5.0,5.0,4.0
872,HingGPT,,,,,,,3.0,4.0,3.0,3.0,3.0,3.0
872,Phi-3.5-mini,1.0,1.0,1.0,1.0,1.0,1.0,3.0,4.0,3.0,4.0,5.0,4.0
872,Qwen2.5-3B,4.0,5.0,4.0,5.0,5.0,5.0,4.0,4.0,4.0,5.0,5.0,4.0
872,Qwen2.5-7B,4.0,5.0,4.0,5.0,5.0,5.0,4.0,4.0,3.0,4.0,4.0,4.0
873,HingGPT,4.0,4.0,3.0,4.0,5.0,4.0,4.0,4.0,3.0,4.0,4.0,4.0
873,Phi-3.5-mini,1.0,1.0,1.0,1.0,1.0,1.0,2.0,1.0,2.0,1.0,1.0,2.0
873,Qwen2.5-3B,4.0,4.0,4.0,5.0,5.0,4.0,4.0,4.0,3.0,4.0,5.0,4.0
873,Qwen2.5-7B,4.0,5.0,3.0,4.0,5.0,4.0,3.0,4.0,2.0,4.0,5.0,3.0
874,HingGPT,2.0,3.0,2.0,2.0,3.0,2.0,2.0,3.0,2.0,2.0,3.0,2.0
874,Phi-3.5-mini,1.0,1.0,1.0,1.0,1.0,1.0,3.0,4.0,3.0,4.0,2.0,3.0
874,Qwen2.5-3B,4.0,5.0,4.0,5.0,5.0,5.0,4.0,4.0,3.0,4.0,5.0,4.0
874,Qwen2.5-7B,4.0,5.0,3.0,5.0,5.0,4.0,4.0,5.0,3.0,5.0,5.0,4.0
875,HingGPT,3.0,2.0,2.0,1.0,1.0,2.0,2.0,3.0,2.0,2.0,2.0,2.0
875,Phi-3.5-mini,1.0,1.0,1.0,1.0,1.0,1.0,1.0,1.0,1.0,1.0,1.0,1.0
875,Qwen2.5-3B,4.0,5.0,4.0,5.0,5.0,5.0,4.0,4.0,4.0,5.0,5.0,5.0
875,Qwen2.5-7B,4.0,4.0,3.0,4.0,5.0,4.0,4.0,4.0,3.0,5.0,5.0,4.0
876,HingGPT,1.0,1.0,1.0,1.0,1.0,1.0,3.0,2.0,1.0,1.0,3.0,2.0
876,Phi-3.5-mini,1.0,1.0,1.0,1.0,1.0,1.0,3.0,4.0,3.0,5.0,1.0,3.0
876,Qwen2.5-3B,4.0,5.0,3.0,4.0,5.0,4.0,3.0,4.0,2.0,4.0,5.0,3.0
876,Qwen2.5-7B,1.0,1.0,1.0,1.0,5.0,1.0,2.0,3.0,1.0,1.0,3.0,2.0
877,HingGPT,2.0,3.0,2.0,1.0,3.0,2.0,2.0,2.0,1.0,2.0,3.0,2.0
877,Phi-3.5-mini,1.0,1.0,1.0,1.0,1.0,1.0,3.0,3.0,2.0,3.0,3.0,3.0
877,Qwen2.5-3B,4.0,5.0,4.0,5.0,5.0,5.0,3.0,4.0,3.0,5.0,3.0,4.0
877,Qwen2.5-7B,5.0,5.0,5.0,5.0,5.0,5.0,5.0,5.0,5.0,5.0,5.0,5.0
878,HingGPT,1.0,1.0,1.0,1.0,5.0,1.0,2.0,2.0,1.0,1.0,1.0,2.0
878,Phi-3.5-mini,1.0,1.0,1.0,1.0,1.0,1.0,3.0,4.0,3.0,4.0,3.0,3.0
878,Qwen2.5-3B,4.0,5.0,4.0,5.0,5.0,4.0,4.0,4.0,3.0,4.0,5.0,4.0
878,Qwen2.5-7B,4.0,4.0,3.0,4.0,5.0,4.0,4.0,4.0,4.0,5.0,5.0,4.0
879,HingGPT,1.0,1.0,1.0,1.0,3.0,1.0,2.0,2.0,1.0,1.0,3.0,2.0
879,Phi-3.5-mini,1.0,1.0,1.0,1.0,1.0,1.0,1.0,1.0,1.0,1.0,1.0,1.0
879,Qwen2.5-3B,3.0,3.0,2.0,2.0,5.0,3.0,2.0,1.0,1.0,1.0,3.0,2.0
879,Qwen2.5-7B,4.0,4.0,3.0,4.0,5.0,4.0,4.0,4.0,3.0,4.0,5.0,4.0
880,HingGPT,3.0,2.0,2.0,1.0,3.0,2.0,3.0,4.0,2.0,3.0,3.0,3.0
880,Phi-3.5-mini,1.0,1.0,1.0,1.0,1.0,1.0,3.0,4.0,3.0,4.0,5.0,3.0
880,Qwen2.5-3B,4.0,5.0,4.0,5.0,5.0,4.0,4.0,4.0,4.0,5.0,5.0,4.0
880,Qwen2.5-7B,3.0,4.0,3.0,3.0,5.0,3.0,3.0,2.0,1.0,1.0,3.0,2.0
881,HingGPT,3.0,4.0,2.0,2.0,3.0,3.0,3.0,4.0,2.0,2.0,3.0,3.0
881,Phi-3.5-mini,1.0,1.0,1.0,1.0,1.0,1.0,4.0,5.0,5.0,5.0,5.0,5.0
881,Qwen2.5-3B,2.0,3.0,2.0,1.0,5.0,2.0,3.0,2.0,1.0,1.0,5.0,2.0
881,Qwen2.5-7B,2.0,2.0,1.0,1.0,5.0,2.0,3.0,2.0,1.0,1.0,5.0,2.0
882,HingGPT,4.0,4.0,3.0,4.0,4.0,4.0,3.0,4.0,3.0,4.0,4.0,3.0
882,Phi-3.5-mini,1.0,1.0,1.0,1.0,1.0,1.0,3.0,2.0,1.0,1.0,3.0,2.0
882,Qwen2.5-3B,3.0,4.0,2.0,3.0,4.0,3.0,4.0,4.0,3.0,4.0,4.0,4.0
882,Qwen2.5-7B,4.0,5.0,4.0,5.0,5.0,5.0,4.0,4.0,4.0,5.0,5.0,4.0
883,HingGPT,3.0,3.0,2.0,2.0,3.0,2.0,3.0,4.0,2.0,3.0,3.0,3.0
883,Phi-3.5-mini,1.0,1.0,1.0,1.0,1.0,1.0,3.0,4.0,3.0,4.0,5.0,3.0
883,Qwen2.5-3B,4.0,5.0,3.0,5.0,5.0,4.0,4.0,4.0,3.0,5.0,5.0,4.0
883,Qwen2.5-7B,4.0,4.0,3.0,3.0,5.0,4.0,3.0,2.0,2.0,2.0,3.0,2.0
884,HingGPT,3.0,4.0,2.0,3.0,4.0,3.0,3.0,3.0,2.0,3.0,3.0,3.0
884,Phi-3.5-mini,1.0,1.0,1.0,1.0,1.0,1.0,3.0,4.0,3.0,4.0,3.0,3.0
884,Qwen2.5-3B,4.0,5.0,3.0,4.0,5.0,4.0,3.0,4.0,2.0,4.0,5.0,3.0
884,Qwen2.5-7B,3.0,4.0,2.0,2.0,3.0,3.0,3.0,4.0,2.0,2.0,3.0,3.0
885,HingGPT,4.0,5.0,3.0,4.0,3.0,4.0,3.0,4.0,2.0,4.0,3.0,3.0
885,Phi-3.5-mini,1.0,1.0,1.0,1.0,1.0,1.0,3.0,4.0,3.0,4.0,5.0,3.0
885,Qwen2.5-3B,2.0,3.0,2.0,1.0,5.0,2.0,3.0,2.0,2.0,2.0,5.0,3.0
885,Qwen2.5-7B,4.0,4.0,3.0,4.0,5.0,4.0,3.0,4.0,2.0,5.0,5.0,3.0
886,HingGPT,1.0,1.0,1.0,1.0,1.0,1.0,2.0,2.0,2.0,2.0,2.0,2.0
886,Phi-3.5-mini,3.0,3.0,3.0,5.0,5.0,3.0,4.0,4.0,4.0,5.0,5.0,4.0
886,Qwen2.5-3B,3.0,3.0,2.0,2.0,4.0,3.0,3.0,2.0,2.0,2.0,3.0,2.0
886,Qwen2.5-7B,4.0,5.0,3.0,4.0,4.0,4.0,3.0,4.0,2.0,4.0,3.0,3.0
887,HingGPT,1.0,1.0,1.0,1.0,1.0,1.0,2.0,3.0,1.0,1.0,1.0,2.0
887,Phi-3.5-mini,1.0,1.0,1.0,1.0,1.0,1.0,4.0,4.0,3.0,4.0,3.0,4.0
887,Qwen2.5-3B,4.0,5.0,4.0,5.0,5.0,4.0,4.0,4.0,3.0,5.0,5.0,4.0
887,Qwen2.5-7B,3.0,4.0,2.0,2.0,5.0,3.0,2.0,2.0,2.0,2.0,3.0,2.0
888,HingGPT,3.0,4.0,3.0,4.0,5.0,4.0,3.0,4.0,2.0,3.0,4.0,3.0
888,Phi-3.5-mini,1.0,1.0,1.0,1.0,1.0,1.0,3.0,3.0,1.0,2.0,5.0,3.0
888,Qwen2.5-3B,4.0,4.0,3.0,4.0,5.0,4.0,3.0,4.0,3.0,4.0,5.0,3.0
888,Qwen2.5-7B,4.0,4.0,3.0,4.0,5.0,4.0,4.0,4.0,3.0,4.0,5.0,4.0
889,HingGPT,4.0,4.0,3.0,4.0,4.0,4.0,3.0,4.0,2.0,3.0,4.0,3.0
889,Phi-3.5-mini,1.0,1.0,1.0,1.0,1.0,1.0,1.0,1.0,1.0,1.0,1.0,1.0
889,Qwen2.5-3B,1.0,1.0,1.0,1.0,5.0,1.0,2.0,1.0,1.0,1.0,3.0,2.0
889,Qwen2.5-7B,3.0,2.0,2.0,1.0,5.0,2.0,2.0,1.0,2.0,1.0,2.0,1.0
890,HingGPT,4.0,4.0,3.0,4.0,5.0,4.0,2.0,3.0,2.0,2.0,3.0,2.0
890,Phi-3.5-mini,1.0,1.0,1.0,1.0,1.0,1.0,4.0,4.0,3.0,5.0,5.0,4.0
890,Qwen2.5-3B,4.0,4.0,3.0,3.0,5.0,4.0,5.0,5.0,3.0,5.0,5.0,4.0
890,Qwen2.5-7B,3.0,4.0,3.0,4.0,5.0,4.0,3.0,4.0,2.0,4.0,3.0,3.0
891,HingGPT,1.0,1.0,1.0,1.0,1.0,1.0,2.0,2.0,1.0,1.0,1.0,2.0
891,Phi-3.5-mini,1.0,1.0,1.0,1.0,1.0,1.0,3.0,4.0,2.0,3.0,5.0,3.0
891,Qwen2.5-3B,4.0,4.0,3.0,4.0,5.0,4.0,3.0,4.0,2.0,3.0,4.0,3.0
891,Qwen2.5-7B,4.0,4.0,4.0,5.0,5.0,4.0,4.0,4.0,4.0,5.0,5.0,4.0
892,HingGPT,2.0,3.0,2.0,2.0,3.0,2.0,3.0,2.0,1.0,2.0,3.0,2.0
892,Phi-3.5-mini,1.0,1.0,1.0,1.0,1.0,1.0,2.0,1.0,1.0,1.0,3.0,2.0
892,Qwen2.5-3B,4.0,4.0,3.0,4.0,5.0,4.0,4.0,4.0,3.0,4.0,4.0,4.0
892,Qwen2.5-7B,3.0,3.0,2.0,1.0,5.0,2.0,2.0,1.0,1.0,2.0,5.0,2.0
893,HingGPT,1.0,1.0,1.0,1.0,5.0,1.0,2.0,1.0,1.0,2.0,3.0,2.0
893,Phi-3.5-mini,1.0,1.0,1.0,1.0,1.0,1.0,4.0,5.0,3.0,5.0,1.0,4.0
893,Qwen2.5-3B,1.0,1.0,1.0,1.0,5.0,1.0,2.0,1.0,1.0,1.0,3.0,2.0
893,Qwen2.5-7B,4.0,5.0,3.0,5.0,5.0,4.0,5.0,5.0,5.0,5.0,5.0,5.0
894,HingGPT,1.0,1.0,1.0,1.0,5.0,1.0,2.0,2.0,2.0,1.0,3.0,2.0
894,Phi-3.5-mini,1.0,1.0,1.0,1.0,1.0,1.0,2.0,1.0,3.0,2.0,5.0,2.0
894,Qwen2.5-3B,4.0,4.0,3.0,4.0,5.0,4.0,3.0,4.0,3.0,4.0,5.0,4.0
894,Qwen2.5-7B,3.0,4.0,3.0,2.0,5.0,3.0,3.0,2.0,1.0,1.0,5.0,2.0
895,HingGPT,2.0,1.0,1.0,1.0,1.0,1.0,2.0,3.0,2.0,2.0,2.0,2.0
895,Phi-3.5-mini,1.0,1.0,1.0,1.0,1.0,1.0,3.0,4.0,2.0,3.0,3.0,3.0
895,Qwen2.5-3B,4.0,4.0,3.0,4.0,5.0,4.0,3.0,4.0,3.0,3.0,4.0,3.0
895,Qwen2.5-7B,4.0,4.0,3.0,4.0,5.0,4.0,4.0,4.0,3.0,4.0,5.0,4.0
896,HingGPT,2.0,2.0,1.0,1.0,5.0,2.0,2.0,2.0,1.0,2.0,2.0,2.0
896,Phi-3.5-mini,1.0,1.0,1.0,1.0,1.0,1.0,3.0,4.0,3.0,4.0,5.0,4.0
896,Qwen2.5-3B,1.0,1.0,1.0,1.0,5.0,1.0,2.0,2.0,1.0,1.0,1.0,2.0
896,Qwen2.5-7B,4.0,5.0,3.0,3.0,5.0,4.0,2.0,2.0,1.0,1.0,1.0,1.0
897,HingGPT,3.0,3.0,2.0,3.0,3.0,3.0,3.0,4.0,2.0,3.0,3.0,3.0
897,Phi-3.5-mini,1.0,1.0,1.0,1.0,1.0,1.0,1.0,1.0,1.0,1.0,1.0,1.0
897,Qwen2.5-3B,4.0,5.0,4.0,5.0,5.0,4.0,5.0,5.0,5.0,5.0,5.0,5.0
897,Qwen2.5-7B,3.0,4.0,2.0,2.0,3.0,3.0,3.0,4.0,2.0,1.0,3.0,2.0
898,HingGPT,2.0,3.0,2.0,1.0,3.0,2.0,2.0,2.0,2.0,2.0,3.0,2.0
898,Phi-3.5-mini,1.0,1.0,1.0,1.0,1.0,1.0,2.0,3.0,2.0,2.0,3.0,2.0
898,Qwen2.5-3B,4.0,5.0,3.0,4.0,4.0,4.0,3.0,4.0,3.0,3.0,3.0,3.0
898,Qwen2.5-7B,3.0,4.0,3.0,4.0,5.0,4.0,3.0,4.0,3.0,3.0,5.0,3.0
899,HingGPT,3.0,2.0,1.0,1.0,1.0,1.0,1.0,1.0,1.0,1.0,1.0,1.0
899,Phi-3.5-mini,1.0,1.0,1.0,1.0,1.0,1.0,3.0,1.0,1.0,1.0,1.0,1.0
899,Qwen2.5-3B,3.0,3.0,2.0,2.0,3.0,2.0,3.0,4.0,2.0,3.0,3.0,3.0
899,Qwen2.5-7B,2.0,2.0,1.0,1.0,5.0,2.0,3.0,2.0,1.0,1.0,3.0,2.0
900,HingGPT,1.0,1.0,1.0,1.0,1.0,1.0,3.0,2.0,1.0,2.0,1.0,2.0
900,Phi-3.5-mini,1.0,1.0,1.0,1.0,1.0,1.0,3.0,5.0,3.0,5.0,1.0,3.0
900,Qwen2.5-3B,4.0,5.0,4.0,5.0,5.0,4.0,4.0,4.0,4.0,5.0,4.0,4.0
900,Qwen2.5-7B,4.0,5.0,3.0,3.0,4.0,4.0,3.0,4.0,2.0,3.0,3.0,3.0
901,HingGPT,3.0,2.0,2.0,1.0,1.0,2.0,2.0,3.0,1.0,1.0,1.0,1.0
901,Phi-3.5-mini,1.0,1.0,1.0,1.0,1.0,1.0,3.0,4.0,3.0,5.0,5.0,4.0
901,Qwen2.5-3B,4.0,4.0,4.0,5.0,5.0,4.0,4.0,4.0,3.0,5.0,5.0,4.0
901,Qwen2.5-7B,3.0,2.0,1.0,1.0,5.0,2.0,3.0,2.0,1.0,3.0,5.0,3.0
902,HingGPT,3.0,2.0,2.0,1.0,3.0,2.0,2.0,3.0,2.0,2.0,3.0,2.0
902,Phi-3.5-mini,1.0,1.0,1.0,1.0,1.0,1.0,3.0,4.0,3.0,4.0,5.0,3.0
902,Qwen2.5-3B,4.0,5.0,4.0,5.0,5.0,5.0,4.0,4.0,3.0,4.0,5.0,4.0
902,Qwen2.5-7B,4.0,5.0,4.0,5.0,5.0,4.0,4.0,4.0,3.0,5.0,5.0,4.0
903,HingGPT,3.0,4.0,2.0,3.0,4.0,3.0,3.0,4.0,2.0,3.0,3.0,3.0
903,Phi-3.5-mini,1.0,1.0,1.0,1.0,1.0,1.0,2.0,4.0,3.0,4.0,3.0,3.0
903,Qwen2.5-3B,3.0,3.0,2.0,1.0,3.0,2.0,3.0,2.0,2.0,1.0,3.0,2.0
903,Qwen2.5-7B,4.0,5.0,4.0,5.0,5.0,5.0,4.0,4.0,4.0,4.0,5.0,4.0
904,HingGPT,1.0,1.0,1.0,1.0,1.0,1.0,2.0,2.0,2.0,2.0,2.0,2.0
904,Phi-3.5-mini,1.0,1.0,1.0,1.0,1.0,1.0,3.0,4.0,3.0,4.0,3.0,3.0
904,Qwen2.5-3B,4.0,4.0,3.0,4.0,5.0,4.0,4.0,4.0,3.0,4.0,5.0,4.0
904,Qwen2.5-7B,4.0,4.0,3.0,4.0,5.0,4.0,4.0,4.0,3.0,4.0,5.0,4.0
905,HingGPT,2.0,3.0,2.0,2.0,3.0,2.0,3.0,2.0,1.0,2.0,3.0,2.0
905,Phi-3.5-mini,1.0,1.0,1.0,1.0,1.0,1.0,3.0,4.0,3.0,4.0,5.0,4.0
905,Qwen2.5-3B,4.0,4.0,3.0,4.0,5.0,4.0,4.0,4.0,3.0,4.0,4.0,4.0
905,Qwen2.5-7B,3.0,4.0,3.0,2.0,5.0,3.0,2.0,3.0,2.0,1.0,3.0,2.0
906,HingGPT,1.0,1.0,1.0,1.0,1.0,1.0,1.0,2.0,1.0,1.0,1.0,1.0
906,Phi-3.5-mini,1.0,1.0,1.0,1.0,1.0,1.0,1.0,1.0,1.0,1.0,1.0,1.0
906,Qwen2.5-3B,3.0,4.0,2.0,3.0,4.0,3.0,2.0,3.0,2.0,2.0,3.0,2.0
906,Qwen2.5-7B,4.0,4.0,3.0,4.0,4.0,4.0,4.0,4.0,4.0,4.0,4.0,4.0
907,HingGPT,1.0,1.0,1.0,1.0,5.0,1.0,,,,,,
907,Phi-3.5-mini,1.0,1.0,1.0,1.0,1.0,1.0,2.0,2.0,1.0,1.0,1.0,2.0
907,Qwen2.5-3B,4.0,5.0,4.0,5.0,5.0,4.0,4.0,4.0,3.0,4.0,5.0,4.0
907,Qwen2.5-7B,1.0,1.0,1.0,1.0,5.0,1.0,3.0,2.0,2.0,1.0,3.0,2.0
908,HingGPT,3.0,1.0,1.0,1.0,5.0,2.0,3.0,2.0,1.0,1.0,3.0,2.0
908,Phi-3.5-mini,1.0,1.0,1.0,1.0,1.0,1.0,3.0,4.0,2.0,5.0,1.0,3.0
908,Qwen2.5-3B,1.0,1.0,1.0,1.0,5.0,1.0,1.0,1.0,1.0,1.0,1.0,1.0
908,Qwen2.5-7B,1.0,1.0,1.0,1.0,5.0,1.0,3.0,1.0,1.0,1.0,3.0,2.0
909,HingGPT,1.0,1.0,1.0,1.0,1.0,1.0,2.0,3.0,2.0,2.0,1.0,2.0
909,Phi-3.5-mini,1.0,1.0,1.0,1.0,1.0,1.0,4.0,4.0,4.0,5.0,5.0,4.0
909,Qwen2.5-3B,4.0,5.0,3.0,4.0,5.0,4.0,3.0,4.0,2.0,3.0,3.0,3.0
909,Qwen2.5-7B,4.0,5.0,3.0,3.0,4.0,4.0,3.0,2.0,2.0,1.0,3.0,2.0
910,HingGPT,1.0,1.0,1.0,1.0,1.0,1.0,2.0,3.0,2.0,2.0,3.0,2.0
910,Phi-3.5-mini,1.0,1.0,1.0,1.0,1.0,1.0,5.0,5.0,5.0,5.0,5.0,5.0
910,Qwen2.5-3B,4.0,5.0,4.0,5.0,5.0,4.0,4.0,5.0,5.0,5.0,5.0,5.0
910,Qwen2.5-7B,1.0,1.0,1.0,1.0,5.0,1.0,3.0,2.0,1.0,2.0,5.0,2.0
911,HingGPT,2.0,3.0,1.0,1.0,5.0,2.0,2.0,1.0,1.0,1.0,1.0,1.0
911,Phi-3.5-mini,1.0,1.0,1.0,1.0,1.0,1.0,3.0,4.0,3.0,4.0,5.0,4.0
911,Qwen2.5-3B,4.0,4.0,3.0,4.0,4.0,4.0,3.0,4.0,2.0,4.0,5.0,3.0
911,Qwen2.5-7B,4.0,4.0,3.0,4.0,4.0,4.0,4.0,4.0,3.0,4.0,5.0,4.0
912,HingGPT,3.0,4.0,2.0,3.0,3.0,3.0,1.0,1.0,1.0,1.0,1.0,1.0
912,Phi-3.5-mini,1.0,1.0,1.0,1.0,1.0,1.0,3.0,4.0,2.0,2.0,5.0,3.0
912,Qwen2.5-3B,4.0,4.0,4.0,5.0,5.0,4.0,4.0,4.0,3.0,5.0,5.0,4.0
912,Qwen2.5-7B,4.0,4.0,4.0,5.0,5.0,4.0,4.0,4.0,4.0,5.0,5.0,5.0
913,HingGPT,3.0,4.0,2.0,3.0,4.0,3.0,3.0,4.0,2.0,3.0,3.0,3.0
913,Phi-3.5-mini,1.0,1.0,1.0,1.0,1.0,1.0,2.0,3.0,2.0,3.0,2.0,2.0
913,Qwen2.5-3B,4.0,5.0,3.0,5.0,5.0,4.0,3.0,4.0,5.0,3.0,5.0,4.0
913,Qwen2.5-7B,4.0,4.0,4.0,5.0,5.0,4.0,3.0,3.0,2.0,3.0,3.0,3.0
914,HingGPT,1.0,1.0,1.0,1.0,5.0,1.0,2.0,3.0,1.0,1.0,3.0,2.0
914,Phi-3.5-mini,1.0,1.0,1.0,1.0,1.0,1.0,3.0,2.0,2.0,3.0,3.0,3.0
914,Qwen2.5-3B,1.0,1.0,1.0,1.0,5.0,1.0,1.0,1.0,1.0,1.0,1.0,1.0
914,Qwen2.5-7B,3.0,4.0,3.0,3.0,5.0,3.0,2.0,2.0,1.0,1.0,3.0,2.0
915,HingGPT,3.0,4.0,2.0,3.0,4.0,3.0,3.0,2.0,2.0,2.0,3.0,2.0
915,Phi-3.5-mini,1.0,1.0,1.0,1.0,1.0,1.0,3.0,2.0,1.0,2.0,3.0,2.0
915,Qwen2.5-3B,4.0,4.0,3.0,4.0,5.0,4.0,3.0,4.0,2.0,3.0,5.0,3.0
915,Qwen2.5-7B,4.0,5.0,4.0,5.0,5.0,5.0,4.0,4.0,3.0,4.0,5.0,4.0
916,HingGPT,2.0,3.0,2.0,1.0,3.0,2.0,2.0,3.0,2.0,3.0,3.0,2.0
916,Phi-3.5-mini,1.0,1.0,1.0,1.0,1.0,1.0,3.0,3.0,1.0,3.0,5.0,3.0
916,Qwen2.5-3B,5.0,5.0,5.0,5.0,5.0,5.0,5.0,5.0,5.0,5.0,5.0,5.0
916,Qwen2.5-7B,4.0,4.0,3.0,4.0,5.0,4.0,4.0,4.0,3.0,5.0,5.0,4.0
917,HingGPT,1.0,1.0,1.0,1.0,1.0,1.0,2.0,2.0,1.0,2.0,2.0,2.0
917,Phi-3.5-mini,1.0,1.0,1.0,1.0,1.0,1.0,3.0,4.0,3.0,4.0,3.0,3.0
917,Qwen2.5-3B,3.0,4.0,2.0,3.0,4.0,3.0,2.0,3.0,2.0,2.0,3.0,2.0
917,Qwen2.5-7B,4.0,4.0,3.0,4.0,4.0,4.0,4.0,4.0,3.0,4.0,4.0,4.0
918,HingGPT,1.0,1.0,1.0,1.0,5.0,1.0,2.0,2.0,1.0,2.0,3.0,2.0
918,Phi-3.5-mini,1.0,1.0,1.0,1.0,1.0,1.0,4.0,4.0,3.0,4.0,3.0,4.0
918,Qwen2.5-3B,3.0,4.0,2.0,2.0,5.0,3.0,3.0,4.0,3.0,3.0,5.0,3.0
918,Qwen2.5-7B,4.0,5.0,3.0,4.0,5.0,4.0,3.0,3.0,3.0,5.0,5.0,4.0
919,HingGPT,4.0,4.0,3.0,4.0,4.0,4.0,4.0,4.0,3.0,4.0,3.0,4.0
919,Phi-3.5-mini,1.0,1.0,1.0,1.0,1.0,1.0,3.0,4.0,2.0,3.0,3.0,3.0
919,Qwen2.5-3B,1.0,1.0,1.0,1.0,1.0,1.0,1.0,1.0,1.0,1.0,1.0,1.0
919,Qwen2.5-7B,1.0,1.0,1.0,1.0,5.0,1.0,3.0,2.0,1.0,1.0,5.0,2.0
920,HingGPT,2.0,3.0,1.0,1.0,3.0,2.0,3.0,4.0,2.0,3.0,4.0,3.0
920,Phi-3.5-mini,1.0,1.0,1.0,1.0,1.0,1.0,3.0,4.0,3.0,4.0,4.0,3.0
920,Qwen2.5-3B,3.0,4.0,2.0,3.0,4.0,3.0,3.0,4.0,2.0,2.0,3.0,3.0
920,Qwen2.5-7B,1.0,1.0,1.0,1.0,5.0,1.0,3.0,2.0,1.0,2.0,5.0,3.0
921,HingGPT,3.0,4.0,2.0,3.0,4.0,3.0,3.0,4.0,2.0,4.0,3.0,3.0
921,Phi-3.5-mini,1.0,1.0,1.0,1.0,1.0,1.0,4.0,4.0,3.0,4.0,5.0,4.0
921,Qwen2.5-3B,4.0,4.0,3.0,4.0,4.0,4.0,4.0,4.0,3.0,4.0,4.0,4.0
921,Qwen2.5-7B,3.0,4.0,2.0,2.0,5.0,3.0,3.0,2.0,2.0,1.0,5.0,2.0
922,HingGPT,3.0,4.0,2.0,3.0,4.0,3.0,3.0,4.0,2.0,3.0,3.0,3.0
922,Phi-3.5-mini,1.0,1.0,1.0,1.0,1.0,1.0,3.0,4.0,3.0,4.0,3.0,3.0
922,Qwen2.5-3B,4.0,5.0,4.0,5.0,5.0,5.0,5.0,5.0,5.0,5.0,5.0,5.0
922,Qwen2.5-7B,4.0,5.0,4.0,5.0,5.0,4.0,4.0,4.0,3.0,4.0,5.0,4.0
923,HingGPT,3.0,4.0,2.0,3.0,4.0,3.0,2.0,2.0,2.0,2.0,3.0,2.0
923,Phi-3.5-mini,1.0,1.0,1.0,1.0,1.0,1.0,3.0,4.0,2.0,4.0,3.0,3.0
923,Qwen2.5-3B,4.0,5.0,3.0,4.0,5.0,4.0,4.0,4.0,1.0,4.0,5.0,4.0
923,Qwen2.5-7B,4.0,5.0,4.0,5.0,5.0,4.0,4.0,4.0,3.0,4.0,5.0,4.0
924,HingGPT,2.0,3.0,2.0,1.0,3.0,2.0,3.0,4.0,2.0,2.0,3.0,3.0
924,Phi-3.5-mini,1.0,1.0,1.0,1.0,1.0,1.0,2.0,3.0,2.0,3.0,3.0,2.0
924,Qwen2.5-3B,3.0,4.0,2.0,3.0,5.0,3.0,4.0,4.0,3.0,5.0,5.0,4.0
924,Qwen2.5-7B,3.0,4.0,2.0,2.0,3.0,3.0,2.0,2.0,1.0,1.0,1.0,1.0
925,HingGPT,1.0,1.0,1.0,1.0,1.0,1.0,2.0,2.0,1.0,1.0,2.0,2.0
925,Phi-3.5-mini,1.0,1.0,1.0,1.0,1.0,1.0,3.0,4.0,3.0,4.0,3.0,3.0
925,Qwen2.5-3B,4.0,4.0,3.0,4.0,5.0,4.0,4.0,4.0,3.0,4.0,5.0,4.0
925,Qwen2.5-7B,1.0,1.0,1.0,1.0,5.0,1.0,2.0,2.0,2.0,2.0,2.0,2.0
926,HingGPT,3.0,2.0,2.0,1.0,3.0,2.0,3.0,4.0,2.0,3.0,3.0,3.0
926,Phi-3.5-mini,1.0,1.0,1.0,1.0,1.0,1.0,3.0,5.0,1.0,1.0,1.0,2.0
926,Qwen2.5-3B,4.0,5.0,4.0,5.0,5.0,5.0,5.0,5.0,5.0,5.0,5.0,5.0
926,Qwen2.5-7B,4.0,5.0,4.0,5.0,5.0,5.0,5.0,5.0,5.0,5.0,5.0,5.0
927,HingGPT,2.0,2.0,1.0,1.0,5.0,2.0,3.0,2.0,2.0,2.0,3.0,3.0
927,Phi-3.5-mini,1.0,1.0,1.0,1.0,1.0,1.0,1.0,1.0,1.0,1.0,1.0,1.0
927,Qwen2.5-3B,4.0,4.0,3.0,4.0,5.0,4.0,3.0,4.0,2.0,4.0,5.0,3.0
927,Qwen2.5-7B,1.0,1.0,1.0,1.0,5.0,1.0,2.0,1.0,1.0,2.0,5.0,2.0
928,HingGPT,3.0,3.0,2.0,2.0,3.0,2.0,3.0,4.0,2.0,3.0,3.0,3.0
928,Phi-3.5-mini,1.0,1.0,1.0,1.0,1.0,1.0,4.0,4.0,3.0,4.0,4.0,4.0
928,Qwen2.5-3B,4.0,4.0,3.0,4.0,5.0,4.0,4.0,4.0,3.0,5.0,5.0,4.0
928,Qwen2.5-7B,4.0,4.0,3.0,4.0,5.0,4.0,4.0,4.0,3.0,4.0,5.0,4.0
929,HingGPT,3.0,2.0,2.0,1.0,3.0,2.0,3.0,4.0,2.0,3.0,3.0,3.0
929,Phi-3.5-mini,1.0,1.0,1.0,1.0,1.0,1.0,4.0,4.0,4.0,5.0,5.0,5.0
929,Qwen2.5-3B,3.0,2.0,2.0,1.0,5.0,2.0,2.0,2.0,1.0,1.0,1.0,2.0
929,Qwen2.5-7B,3.0,3.0,2.0,2.0,5.0,3.0,3.0,2.0,1.0,2.0,5.0,2.0
930,HingGPT,2.0,3.0,2.0,1.0,3.0,2.0,2.0,3.0,2.0,2.0,3.0,2.0
930,Phi-3.5-mini,1.0,1.0,1.0,1.0,1.0,1.0,1.0,1.0,1.0,1.0,1.0,1.0
930,Qwen2.5-3B,4.0,5.0,3.0,4.0,3.0,4.0,2.0,2.0,1.0,1.0,1.0,1.0
930,Qwen2.5-7B,3.0,4.0,2.0,3.0,3.0,3.0,3.0,4.0,2.0,4.0,3.0,3.0
931,HingGPT,1.0,1.0,1.0,1.0,1.0,1.0,2.0,2.0,2.0,2.0,2.0,2.0
931,Phi-3.5-mini,1.0,1.0,1.0,1.0,1.0,1.0,5.0,5.0,5.0,5.0,5.0,5.0
931,Qwen2.5-3B,1.0,1.0,1.0,1.0,5.0,1.0,3.0,3.0,3.0,3.0,3.0,3.0
931,Qwen2.5-7B,3.0,4.0,2.0,2.0,5.0,3.0,2.0,2.0,2.0,1.0,3.0,2.0
932,HingGPT,1.0,1.0,1.0,1.0,1.0,1.0,2.0,2.0,1.0,1.0,1.0,2.0
932,Phi-3.5-mini,1.0,1.0,1.0,1.0,1.0,1.0,3.0,4.0,2.0,3.0,1.0,2.0
932,Qwen2.5-3B,4.0,5.0,4.0,5.0,5.0,5.0,4.0,4.0,3.0,4.0,4.0,4.0
932,Qwen2.5-7B,3.0,3.0,2.0,2.0,5.0,3.0,3.0,2.0,1.0,2.0,3.0,2.0
933,HingGPT,3.0,4.0,2.0,2.0,3.0,3.0,3.0,4.0,2.0,3.0,3.0,3.0
933,Phi-3.5-mini,1.0,1.0,1.0,1.0,1.0,1.0,3.0,4.0,3.0,4.0,5.0,3.0
933,Qwen2.5-3B,4.0,5.0,4.0,5.0,5.0,5.0,4.0,4.0,3.0,5.0,5.0,4.0
933,Qwen2.5-7B,1.0,1.0,1.0,1.0,5.0,1.0,3.0,2.0,2.0,1.0,3.0,2.0
934,HingGPT,2.0,3.0,2.0,1.0,3.0,2.0,3.0,4.0,1.0,2.0,3.0,3.0
934,Phi-3.5-mini,1.0,1.0,1.0,1.0,1.0,1.0,4.0,5.0,5.0,5.0,5.0,5.0
934,Qwen2.5-3B,4.0,5.0,4.0,5.0,5.0,4.0,5.0,5.0,5.0,5.0,5.0,5.0
934,Qwen2.5-7B,1.0,1.0,1.0,1.0,1.0,1.0,2.0,1.0,1.0,1.0,1.0,1.0
935,HingGPT,2.0,3.0,2.0,2.0,3.0,2.0,3.0,4.0,2.0,3.0,3.0,3.0
935,Phi-3.5-mini,1.0,1.0,1.0,1.0,1.0,1.0,3.0,4.0,3.0,4.0,2.0,3.0
935,Qwen2.5-3B,3.0,4.0,3.0,4.0,5.0,4.0,3.0,4.0,2.0,3.0,5.0,3.0
935,Qwen2.5-7B,4.0,5.0,4.0,5.0,5.0,4.0,4.0,3.0,1.0,4.0,5.0,3.0
936,HingGPT,3.0,4.0,2.0,1.0,5.0,2.0,2.0,2.0,1.0,1.0,1.0,2.0
936,Phi-3.5-mini,1.0,1.0,1.0,1.0,1.0,1.0,4.0,4.0,3.0,4.0,3.0,4.0
936,Qwen2.5-3B,1.0,1.0,1.0,1.0,5.0,1.0,2.0,2.0,2.0,2.0,5.0,2.0
936,Qwen2.5-7B,3.0,4.0,3.0,2.0,5.0,3.0,2.0,2.0,2.0,1.0,5.0,2.0
937,HingGPT,3.0,4.0,2.0,2.0,3.0,3.0,2.0,3.0,2.0,2.0,3.0,2.0
937,Phi-3.5-mini,1.0,1.0,1.0,1.0,1.0,1.0,5.0,5.0,5.0,5.0,5.0,5.0
937,Qwen2.5-3B,4.0,5.0,4.0,5.0,5.0,4.0,4.0,4.0,3.0,5.0,5.0,4.0
937,Qwen2.5-7B,3.0,2.0,2.0,1.0,5.0,2.0,3.0,2.0,2.0,1.0,5.0,2.0
938,HingGPT,2.0,3.0,2.0,3.0,2.0,3.0,3.0,4.0,2.0,3.0,2.0,3.0
938,Phi-3.5-mini,1.0,1.0,1.0,1.0,1.0,1.0,2.0,1.0,1.0,2.0,3.0,2.0
938,Qwen2.5-3B,4.0,5.0,3.0,4.0,4.0,4.0,2.0,3.0,2.0,2.0,3.0,2.0
938,Qwen2.5-7B,3.0,3.0,2.0,1.0,5.0,2.0,2.0,3.0,1.0,1.0,3.0,2.0
939,HingGPT,1.0,1.0,1.0,1.0,1.0,1.0,2.0,2.0,1.0,1.0,1.0,2.0
939,Phi-3.5-mini,1.0,1.0,1.0,1.0,1.0,1.0,1.0,1.0,1.0,1.0,1.0,1.0
939,Qwen2.5-3B,4.0,4.0,3.0,4.0,5.0,4.0,3.0,4.0,3.0,2.0,5.0,3.0
939,Qwen2.5-7B,4.0,4.0,3.0,4.0,5.0,4.0,3.0,4.0,2.0,4.0,5.0,3.0
940,HingGPT,3.0,2.0,2.0,1.0,5.0,2.0,2.0,3.0,2.0,2.0,3.0,2.0
940,Phi-3.5-mini,1.0,1.0,1.0,1.0,1.0,1.0,1.0,1.0,1.0,1.0,1.0,1.0
940,Qwen2.5-3B,1.0,1.0,1.0,1.0,5.0,1.0,3.0,1.0,1.0,1.0,5.0,2.0
940,Qwen2.5-7B,4.0,4.0,3.0,4.0,4.0,4.0,3.0,4.0,3.0,4.0,5.0,3.0
941,HingGPT,2.0,3.0,2.0,2.0,3.0,2.0,2.0,3.0,2.0,2.0,3.0,2.0
941,Phi-3.5-mini,1.0,1.0,1.0,1.0,1.0,1.0,3.0,4.0,3.0,4.0,3.0,3.0
941,Qwen2.5-3B,4.0,4.0,3.0,4.0,4.0,4.0,4.0,4.0,3.0,4.0,4.0,4.0
941,Qwen2.5-7B,3.0,4.0,2.0,2.0,5.0,3.0,3.0,2.0,1.0,2.0,5.0,3.0
942,HingGPT,1.0,1.0,1.0,1.0,5.0,1.0,2.0,1.0,1.0,1.0,3.0,2.0
942,Phi-3.5-mini,1.0,1.0,1.0,1.0,1.0,1.0,3.0,4.0,2.0,3.0,3.0,3.0
942,Qwen2.5-3B,1.0,1.0,1.0,1.0,5.0,1.0,1.0,1.0,1.0,1.0,1.0,1.0
942,Qwen2.5-7B,4.0,4.0,3.0,4.0,5.0,4.0,4.0,4.0,3.0,5.0,5.0,4.0
943,HingGPT,2.0,3.0,2.0,2.0,3.0,2.0,2.0,3.0,2.0,2.0,2.0,2.0
943,Phi-3.5-mini,1.0,1.0,1.0,1.0,1.0,1.0,3.0,3.0,1.0,3.0,1.0,2.0
943,Qwen2.5-3B,4.0,4.0,3.0,4.0,5.0,4.0,3.0,4.0,3.0,4.0,5.0,4.0
943,Qwen2.5-7B,4.0,4.0,3.0,4.0,4.0,4.0,4.0,4.0,4.0,5.0,5.0,5.0
944,HingGPT,1.0,1.0,1.0,1.0,5.0,1.0,2.0,2.0,1.0,1.0,3.0,2.0
944,Phi-3.5-mini,1.0,1.0,1.0,1.0,1.0,1.0,3.0,5.0,3.0,5.0,5.0,4.0
944,Qwen2.5-3B,,,,,,,1.0,1.0,1.0,1.0,1.0,1.0
944,Qwen2.5-7B,4.0,5.0,3.0,4.0,5.0,4.0,4.0,4.0,3.0,4.0,5.0,4.0
945,HingGPT,4.0,3.0,2.0,3.0,4.0,3.0,2.0,3.0,2.0,2.0,3.0,2.0
945,Phi-3.5-mini,1.0,1.0,1.0,1.0,1.0,1.0,4.0,4.0,3.0,4.0,3.0,3.0
945,Qwen2.5-3B,4.0,5.0,3.0,4.0,5.0,4.0,4.0,4.0,3.0,5.0,5.0,4.0
945,Qwen2.5-7B,1.0,1.0,1.0,1.0,5.0,1.0,1.0,1.0,1.0,1.0,1.0,1.0
946,HingGPT,1.0,1.0,1.0,1.0,5.0,1.0,2.0,2.0,1.0,2.0,2.0,2.0
946,Phi-3.5-mini,1.0,1.0,1.0,1.0,1.0,1.0,1.0,1.0,1.0,1.0,1.0,1.0
946,Qwen2.5-3B,3.0,3.0,2.0,4.0,5.0,3.0,1.0,1.0,1.0,1.0,1.0,1.0
946,Qwen2.5-7B,1.0,1.0,1.0,1.0,5.0,1.0,1.0,1.0,1.0,1.0,1.0,1.0
947,HingGPT,2.0,3.0,1.0,1.0,5.0,2.0,2.0,2.0,1.0,2.0,3.0,2.0
947,Phi-3.5-mini,1.0,1.0,1.0,1.0,1.0,1.0,3.0,4.0,3.0,4.0,5.0,3.0
947,Qwen2.5-3B,4.0,5.0,3.0,4.0,5.0,4.0,3.0,4.0,3.0,2.0,5.0,3.0
947,Qwen2.5-7B,3.0,4.0,2.0,2.0,3.0,3.0,2.0,2.0,1.0,1.0,1.0,1.0
948,HingGPT,2.0,3.0,2.0,1.0,3.0,2.0,2.0,3.0,2.0,2.0,3.0,2.0
948,Phi-3.5-mini,1.0,1.0,1.0,1.0,1.0,1.0,3.0,4.0,3.0,4.0,5.0,3.0
948,Qwen2.5-3B,4.0,4.0,4.0,5.0,5.0,4.0,3.0,3.0,3.0,5.0,5.0,4.0
948,Qwen2.5-7B,3.0,4.0,2.0,2.0,3.0,3.0,2.0,2.0,2.0,1.0,3.0,2.0
949,HingGPT,2.0,2.0,1.0,1.0,3.0,2.0,2.0,2.0,1.0,1.0,1.0,2.0
949,Phi-3.5-mini,1.0,1.0,1.0,1.0,1.0,1.0,3.0,4.0,1.0,4.0,1.0,3.0
949,Qwen2.5-3B,3.0,1.0,1.0,1.0,5.0,2.0,5.0,5.0,5.0,5.0,5.0,5.0
949,Qwen2.5-7B,4.0,4.0,3.0,4.0,5.0,4.0,4.0,4.0,3.0,5.0,5.0,4.0
950,HingGPT,1.0,1.0,1.0,1.0,1.0,1.0,2.0,3.0,1.0,2.0,2.0,2.0
950,Phi-3.5-mini,1.0,1.0,1.0,1.0,1.0,1.0,3.0,4.0,2.0,4.0,3.0,3.0
950,Qwen2.5-3B,4.0,5.0,3.0,5.0,5.0,4.0,4.0,4.0,3.0,4.0,4.0,4.0
950,Qwen2.5-7B,3.0,5.0,2.0,5.0,3.0,3.0,3.0,3.0,1.0,5.0,3.0,3.0
951,HingGPT,2.0,3.0,2.0,1.0,3.0,2.0,3.0,4.0,2.0,3.0,3.0,3.0
951,Phi-3.5-mini,1.0,1.0,1.0,1.0,1.0,1.0,5.0,5.0,5.0,5.0,5.0,5.0
951,Qwen2.5-3B,1.0,1.0,1.0,1.0,5.0,1.0,1.0,1.0,1.0,1.0,1.0,1.0
951,Qwen2.5-7B,3.0,2.0,2.0,1.0,3.0,2.0,2.0,3.0,2.0,3.0,3.0,2.0
952,HingGPT,3.0,2.0,2.0,3.0,2.0,2.0,2.0,3.0,2.0,3.0,2.0,2.0
952,Phi-3.5-mini,1.0,1.0,1.0,1.0,1.0,1.0,3.0,4.0,3.0,3.0,4.0,3.0
952,Qwen2.5-3B,4.0,4.0,3.0,5.0,5.0,4.0,4.0,4.0,4.0,5.0,5.0,4.0
952,Qwen2.5-7B,3.0,4.0,3.0,4.0,5.0,4.0,3.0,2.0,1.0,3.0,5.0,2.0
953,HingGPT,3.0,5.0,1.0,1.0,5.0,2.0,3.0,4.0,1.0,2.0,3.0,3.0
953,Phi-3.5-mini,3.0,5.0,1.0,1.0,3.0,2.0,3.0,4.0,3.0,5.0,5.0,4.0
953,Qwen2.5-3B,3.0,3.0,2.0,2.0,5.0,2.0,3.0,2.0,1.0,1.0,3.0,2.0
953,Qwen2.5-7B,3.0,4.0,3.0,3.0,5.0,3.0,3.0,2.0,2.0,1.0,5.0,2.0
954,HingGPT,3.0,3.0,2.0,2.0,3.0,2.0,3.0,4.0,2.0,3.0,3.0,3.0
954,Phi-3.5-mini,1.0,1.0,1.0,1.0,1.0,1.0,2.0,2.0,1.0,1.0,3.0,2.0
954,Qwen2.5-3B,4.0,4.0,3.0,4.0,4.0,4.0,4.0,4.0,3.0,4.0,4.0,4.0
954,Qwen2.5-7B,4.0,4.0,3.0,4.0,5.0,4.0,4.0,4.0,4.0,4.0,5.0,4.0
955,HingGPT,3.0,3.0,2.0,1.0,5.0,2.0,2.0,2.0,1.0,1.0,3.0,2.0
955,Phi-3.5-mini,1.0,1.0,1.0,1.0,1.0,1.0,3.0,4.0,3.0,4.0,5.0,3.0
955,Qwen2.5-3B,4.0,4.0,3.0,4.0,5.0,4.0,3.0,2.0,2.0,4.0,5.0,3.0
955,Qwen2.5-7B,4.0,5.0,3.0,4.0,5.0,4.0,4.0,4.0,2.0,4.0,5.0,3.0
956,HingGPT,1.0,1.0,1.0,1.0,1.0,1.0,2.0,3.0,1.0,1.0,1.0,2.0
956,Phi-3.5-mini,1.0,1.0,1.0,1.0,1.0,1.0,2.0,3.0,2.0,3.0,2.0,2.0
956,Qwen2.5-3B,5.0,5.0,5.0,5.0,5.0,5.0,3.0,5.0,1.0,1.0,1.0,2.0
956,Qwen2.5-7B,4.0,5.0,3.0,5.0,5.0,4.0,3.0,4.0,2.0,4.0,5.0,3.0
957,HingGPT,3.0,3.0,2.0,2.0,3.0,2.0,2.0,3.0,2.0,2.0,2.0,2.0
957,Phi-3.5-mini,1.0,1.0,1.0,1.0,1.0,1.0,3.0,4.0,3.0,5.0,3.0,4.0
957,Qwen2.5-3B,3.0,3.0,2.0,2.0,3.0,2.0,3.0,4.0,2.0,3.0,3.0,3.0
957,Qwen2.5-7B,4.0,5.0,4.0,5.0,5.0,4.0,3.0,4.0,3.0,5.0,5.0,4.0
958,HingGPT,3.0,4.0,2.0,2.0,5.0,3.0,2.0,3.0,1.0,2.0,3.0,2.0
958,Phi-3.5-mini,1.0,1.0,1.0,1.0,1.0,1.0,5.0,5.0,5.0,5.0,5.0,5.0
958,Qwen2.5-3B,1.0,1.0,1.0,1.0,1.0,1.0,2.0,2.0,1.0,1.0,3.0,2.0
958,Qwen2.5-7B,4.0,5.0,3.0,4.0,5.0,4.0,3.0,4.0,3.0,4.0,3.0,3.0
959,HingGPT,3.0,4.0,2.0,3.0,4.0,3.0,3.0,4.0,2.0,3.0,3.0,3.0
959,Phi-3.5-mini,1.0,1.0,1.0,1.0,1.0,1.0,1.0,1.0,1.0,1.0,1.0,1.0
959,Qwen2.5-3B,4.0,5.0,4.0,5.0,5.0,4.0,4.0,4.0,3.0,5.0,5.0,4.0
959,Qwen2.5-7B,4.0,4.0,4.0,4.0,5.0,4.0,4.0,4.0,3.0,4.0,5.0,4.0
960,HingGPT,2.0,3.0,2.0,2.0,3.0,2.0,2.0,3.0,2.0,3.0,3.0,2.0
960,Phi-3.5-mini,1.0,1.0,1.0,1.0,1.0,1.0,4.0,4.0,3.0,4.0,3.0,4.0
960,Qwen2.5-3B,4.0,4.0,3.0,4.0,4.0,4.0,3.0,4.0,2.0,3.0,4.0,3.0
960,Qwen2.5-7B,4.0,4.0,3.0,4.0,5.0,4.0,3.0,2.0,1.0,3.0,5.0,3.0
961,HingGPT,1.0,1.0,1.0,1.0,1.0,1.0,2.0,1.0,1.0,1.0,1.0,1.0
961,Phi-3.5-mini,1.0,1.0,1.0,1.0,1.0,1.0,4.0,4.0,3.0,4.0,3.0,4.0
961,Qwen2.5-3B,4.0,5.0,3.0,4.0,5.0,4.0,3.0,4.0,3.0,4.0,3.0,3.0
961,Qwen2.5-7B,1.0,1.0,1.0,1.0,5.0,1.0,2.0,3.0,1.0,2.0,1.0,2.0
962,HingGPT,2.0,3.0,2.0,1.0,3.0,2.0,2.0,2.0,2.0,2.0,3.0,2.0
962,Phi-3.5-mini,1.0,1.0,1.0,1.0,1.0,1.0,3.0,4.0,3.0,5.0,1.0,3.0
962,Qwen2.5-3B,4.0,5.0,3.0,4.0,5.0,4.0,3.0,3.0,2.0,4.0,4.0,3.0
962,Qwen2.5-7B,4.0,5.0,3.0,5.0,5.0,4.0,3.0,3.0,2.0,2.0,3.0,3.0
963,HingGPT,1.0,1.0,1.0,1.0,1.0,1.0,1.0,1.0,1.0,2.0,4.0,1.0
963,Phi-3.5-mini,1.0,1.0,1.0,1.0,1.0,1.0,4.0,4.0,3.0,4.0,4.0,4.0
963,Qwen2.5-3B,3.0,4.0,3.0,2.0,5.0,3.0,3.0,2.0,1.0,1.0,5.0,2.0
963,Qwen2.5-7B,3.0,4.0,3.0,4.0,5.0,4.0,3.0,4.0,2.0,2.0,5.0,3.0
964,HingGPT,1.0,1.0,1.0,1.0,1.0,1.0,2.0,2.0,1.0,1.0,1.0,2.0
964,Phi-3.5-mini,1.0,1.0,1.0,1.0,1.0,1.0,4.0,4.0,3.0,4.0,3.0,3.0
964,Qwen2.5-3B,4.0,4.0,3.0,4.0,5.0,4.0,3.0,4.0,2.0,2.0,3.0,3.0
964,Qwen2.5-7B,3.0,3.0,2.0,2.0,5.0,3.0,3.0,2.0,2.0,2.0,3.0,2.0
965,HingGPT,1.0,1.0,1.0,1.0,1.0,1.0,2.0,2.0,2.0,2.0,3.0,2.0
965,Phi-3.5-mini,1.0,1.0,1.0,1.0,3.0,1.0,3.0,2.0,1.0,3.0,5.0,3.0
965,Qwen2.5-3B,4.0,4.0,3.0,4.0,5.0,4.0,4.0,4.0,3.0,5.0,5.0,4.0
965,Qwen2.5-7B,4.0,4.0,3.0,4.0,5.0,4.0,4.0,3.0,2.0,3.0,5.0,3.0
966,HingGPT,1.0,1.0,1.0,1.0,1.0,1.0,2.0,3.0,1.0,1.0,1.0,2.0
966,Phi-3.5-mini,1.0,1.0,1.0,1.0,1.0,1.0,3.0,4.0,3.0,4.0,5.0,3.0
966,Qwen2.5-3B,4.0,4.0,3.0,4.0,4.0,4.0,4.0,4.0,4.0,5.0,5.0,4.0
966,Qwen2.5-7B,3.0,2.0,2.0,1.0,1.0,2.0,3.0,4.0,3.0,4.0,3.0,3.0
967,HingGPT,3.0,3.0,2.0,2.0,4.0,2.0,3.0,4.0,2.0,3.0,4.0,3.0
967,Phi-3.5-mini,1.0,1.0,1.0,1.0,1.0,1.0,4.0,4.0,5.0,5.0,5.0,5.0
967,Qwen2.5-3B,4.0,5.0,4.0,5.0,5.0,4.0,4.0,4.0,4.0,5.0,5.0,4.0
967,Qwen2.5-7B,3.0,4.0,3.0,3.0,5.0,3.0,3.0,2.0,2.0,1.0,5.0,2.0
968,HingGPT,1.0,1.0,1.0,1.0,3.0,1.0,2.0,3.0,1.0,1.0,1.0,2.0
968,Phi-3.5-mini,1.0,1.0,1.0,1.0,1.0,1.0,4.0,5.0,3.0,5.0,3.0,4.0
968,Qwen2.5-3B,4.0,5.0,4.0,5.0,5.0,5.0,4.0,4.0,4.0,5.0,5.0,5.0
968,Qwen2.5-7B,4.0,4.0,3.0,5.0,5.0,4.0,4.0,3.0,1.0,4.0,5.0,4.0
969,HingGPT,3.0,4.0,2.0,2.0,5.0,3.0,2.0,3.0,2.0,2.0,3.0,2.0
969,Phi-3.5-mini,1.0,1.0,1.0,1.0,1.0,1.0,3.0,4.0,2.0,3.0,5.0,3.0
969,Qwen2.5-3B,4.0,4.0,3.0,4.0,4.0,4.0,4.0,4.0,3.0,5.0,4.0,4.0
969,Qwen2.5-7B,4.0,4.0,4.0,5.0,5.0,4.0,4.0,4.0,4.0,5.0,5.0,4.0
970,HingGPT,1.0,1.0,1.0,1.0,1.0,1.0,1.0,1.0,1.0,1.0,1.0,1.0
970,Phi-3.5-mini,1.0,1.0,1.0,1.0,1.0,1.0,3.0,5.0,3.0,5.0,5.0,4.0
970,Qwen2.5-3B,1.0,1.0,1.0,1.0,5.0,1.0,3.0,2.0,1.0,1.0,5.0,2.0
970,Qwen2.5-7B,3.0,4.0,2.0,1.0,5.0,2.0,2.0,2.0,2.0,1.0,3.0,2.0
971,HingGPT,3.0,4.0,2.0,3.0,4.0,3.0,3.0,4.0,2.0,3.0,4.0,3.0
971,Phi-3.5-mini,1.0,1.0,1.0,1.0,1.0,1.0,1.0,1.0,1.0,1.0,1.0,1.0
971,Qwen2.5-3B,4.0,5.0,4.0,5.0,5.0,5.0,4.0,4.0,3.0,4.0,4.0,4.0
971,Qwen2.5-7B,3.0,4.0,2.0,3.0,4.0,3.0,5.0,5.0,5.0,5.0,5.0,5.0
972,HingGPT,1.0,1.0,1.0,1.0,1.0,1.0,2.0,2.0,1.0,1.0,1.0,2.0
972,Phi-3.5-mini,1.0,1.0,1.0,1.0,1.0,1.0,3.0,3.0,3.0,3.0,5.0,3.0
972,Qwen2.5-3B,4.0,4.0,3.0,4.0,5.0,4.0,3.0,4.0,3.0,4.0,5.0,3.0
972,Qwen2.5-7B,4.0,4.0,3.0,4.0,5.0,4.0,2.0,2.0,1.0,2.0,1.0,2.0
973,HingGPT,3.0,3.0,2.0,2.0,3.0,2.0,2.0,2.0,1.0,2.0,1.0,2.0
973,Phi-3.5-mini,1.0,1.0,1.0,1.0,1.0,1.0,3.0,4.0,3.0,4.0,3.0,3.0
973,Qwen2.5-3B,1.0,1.0,1.0,1.0,1.0,1.0,2.0,1.0,1.0,1.0,1.0,1.0
973,Qwen2.5-7B,3.0,3.0,2.0,1.0,5.0,2.0,3.0,2.0,1.0,1.0,3.0,2.0
974,HingGPT,3.0,4.0,2.0,3.0,4.0,3.0,2.0,3.0,2.0,2.0,3.0,2.0
974,Phi-3.5-mini,1.0,1.0,1.0,1.0,1.0,1.0,4.0,5.0,5.0,5.0,5.0,5.0
974,Qwen2.5-3B,1.0,1.0,1.0,1.0,5.0,1.0,1.0,1.0,1.0,1.0,1.0,1.0
974,Qwen2.5-7B,3.0,4.0,3.0,2.0,5.0,3.0,2.0,2.0,2.0,1.0,5.0,2.0
975,HingGPT,1.0,1.0,1.0,1.0,1.0,1.0,2.0,2.0,2.0,2.0,2.0,2.0
975,Phi-3.5-mini,1.0,1.0,1.0,1.0,1.0,1.0,3.0,4.0,3.0,4.0,2.0,3.0
975,Qwen2.5-3B,4.0,5.0,4.0,5.0,5.0,4.0,2.0,2.0,1.0,1.0,1.0,1.0
975,Qwen2.5-7B,4.0,5.0,4.0,5.0,5.0,5.0,4.0,4.0,4.0,5.0,5.0,4.0
976,HingGPT,2.0,3.0,2.0,2.0,2.0,2.0,2.0,3.0,2.0,3.0,2.0,2.0
976,Phi-3.5-mini,1.0,1.0,1.0,1.0,1.0,1.0,3.0,4.0,3.0,4.0,5.0,4.0
976,Qwen2.5-3B,4.0,5.0,3.0,4.0,5.0,4.0,3.0,2.0,2.0,1.0,3.0,2.0
976,Qwen2.5-7B,3.0,3.0,2.0,2.0,5.0,3.0,3.0,2.0,1.0,3.0,5.0,2.0
977,HingGPT,1.0,1.0,1.0,1.0,5.0,1.0,2.0,2.0,1.0,1.0,1.0,2.0
977,Phi-3.5-mini,1.0,1.0,1.0,1.0,1.0,1.0,2.0,2.0,1.0,1.0,1.0,1.0
977,Qwen2.5-3B,3.0,2.0,2.0,1.0,3.0,2.0,2.0,2.0,2.0,1.0,2.0,2.0
977,Qwen2.5-7B,4.0,4.0,3.0,4.0,4.0,4.0,4.0,4.0,3.0,4.0,4.0,4.0
978,HingGPT,1.0,1.0,1.0,1.0,1.0,1.0,2.0,1.0,1.0,2.0,1.0,2.0
978,Phi-3.5-mini,1.0,1.0,1.0,1.0,1.0,1.0,2.0,1.0,1.0,1.0,3.0,2.0
978,Qwen2.5-3B,4.0,4.0,3.0,4.0,5.0,4.0,4.0,4.0,3.0,5.0,5.0,4.0
978,Qwen2.5-7B,4.0,4.0,3.0,4.0,5.0,4.0,2.0,2.0,1.0,3.0,1.0,2.0
979,HingGPT,2.0,3.0,2.0,1.0,3.0,2.0,3.0,4.0,2.0,3.0,3.0,3.0
979,Phi-3.5-mini,1.0,1.0,1.0,1.0,1.0,1.0,1.0,1.0,1.0,1.0,1.0,1.0
979,Qwen2.5-3B,4.0,4.0,3.0,4.0,4.0,4.0,4.0,4.0,3.0,4.0,4.0,4.0
979,Qwen2.5-7B,3.0,4.0,2.0,3.0,3.0,3.0,3.0,2.0,1.0,1.0,5.0,2.0
980,HingGPT,4.0,4.0,3.0,4.0,3.0,4.0,3.0,4.0,3.0,4.0,3.0,3.0
980,Phi-3.5-mini,1.0,1.0,1.0,1.0,1.0,1.0,3.0,2.0,1.0,2.0,3.0,2.0
980,Qwen2.5-3B,4.0,4.0,3.0,4.0,3.0,4.0,4.0,4.0,3.0,5.0,4.0,4.0
980,Qwen2.5-7B,3.0,2.0,2.0,1.0,3.0,2.0,2.0,2.0,1.0,1.0,1.0,1.0
981,HingGPT,1.0,1.0,1.0,1.0,1.0,1.0,3.0,4.0,2.0,2.0,3.0,3.0
981,Phi-3.5-mini,1.0,1.0,1.0,1.0,3.0,1.0,3.0,2.0,1.0,2.0,5.0,3.0
981,Qwen2.5-3B,3.0,4.0,2.0,2.0,3.0,3.0,3.0,2.0,2.0,2.0,3.0,2.0
981,Qwen2.5-7B,3.0,4.0,2.0,1.0,5.0,2.0,2.0,1.0,1.0,1.0,5.0,2.0
982,HingGPT,3.0,2.0,2.0,1.0,3.0,2.0,3.0,4.0,2.0,3.0,3.0,3.0
982,Phi-3.5-mini,1.0,1.0,1.0,1.0,1.0,1.0,2.0,3.0,2.0,2.0,3.0,2.0
982,Qwen2.5-3B,3.0,4.0,3.0,5.0,5.0,4.0,5.0,3.0,5.0,5.0,5.0,4.0
982,Qwen2.5-7B,4.0,4.0,3.0,4.0,5.0,4.0,4.0,4.0,3.0,4.0,5.0,4.0
983,HingGPT,1.0,1.0,1.0,1.0,1.0,1.0,2.0,2.0,1.0,1.0,1.0,1.0
983,Phi-3.5-mini,1.0,1.0,1.0,1.0,1.0,1.0,3.0,4.0,3.0,3.0,5.0,3.0
983,Qwen2.5-3B,3.0,2.0,2.0,1.0,3.0,2.0,2.0,3.0,2.0,2.0,3.0,2.0
983,Qwen2.5-7B,4.0,5.0,3.0,4.0,5.0,4.0,3.0,4.0,3.0,4.0,3.0,3.0
984,HingGPT,1.0,1.0,1.0,1.0,1.0,1.0,2.0,1.0,1.0,1.0,1.0,1.0
984,Phi-3.5-mini,1.0,1.0,1.0,1.0,1.0,1.0,4.0,4.0,3.0,4.0,5.0,4.0
984,Qwen2.5-3B,4.0,4.0,3.0,4.0,4.0,4.0,5.0,5.0,5.0,5.0,5.0,5.0
984,Qwen2.5-7B,3.0,3.0,2.0,1.0,5.0,2.0,2.0,2.0,2.0,1.0,5.0,2.0
985,HingGPT,1.0,1.0,1.0,1.0,1.0,1.0,3.0,4.0,2.0,3.0,2.0,3.0
985,Phi-3.5-mini,1.0,1.0,1.0,1.0,1.0,1.0,3.0,4.0,3.0,2.0,5.0,3.0
985,Qwen2.5-3B,4.0,4.0,3.0,4.0,5.0,4.0,4.0,4.0,3.0,4.0,5.0,4.0
985,Qwen2.5-7B,4.0,4.0,3.0,4.0,3.0,3.0,2.0,3.0,2.0,3.0,4.0,3.0
986,HingGPT,3.0,4.0,2.0,3.0,4.0,3.0,3.0,4.0,2.0,3.0,3.0,3.0
986,Phi-3.5-mini,1.0,1.0,1.0,1.0,1.0,1.0,3.0,3.0,3.0,3.0,3.0,3.0
986,Qwen2.5-3B,4.0,5.0,3.0,4.0,5.0,4.0,3.0,4.0,3.0,4.0,4.0,3.0
986,Qwen2.5-7B,1.0,1.0,1.0,1.0,5.0,1.0,3.0,2.0,1.0,1.0,5.0,2.0
987,HingGPT,2.0,3.0,2.0,2.0,3.0,2.0,2.0,3.0,2.0,3.0,2.0,2.0
987,Phi-3.5-mini,1.0,1.0,1.0,1.0,1.0,1.0,4.0,4.0,4.0,5.0,5.0,4.0
987,Qwen2.5-3B,3.0,3.0,2.0,1.0,5.0,2.0,3.0,3.0,1.0,1.0,5.0,2.0
987,Qwen2.5-7B,4.0,5.0,4.0,5.0,5.0,4.0,4.0,4.0,5.0,5.0,5.0,5.0
988,HingGPT,1.0,1.0,1.0,1.0,5.0,1.0,2.0,1.0,1.0,1.0,1.0,1.0
988,Phi-3.5-mini,1.0,1.0,1.0,1.0,1.0,1.0,4.0,5.0,5.0,5.0,5.0,5.0
988,Qwen2.5-3B,4.0,5.0,4.0,5.0,5.0,5.0,3.0,4.0,3.0,3.0,4.0,3.0
988,Qwen2.5-7B,3.0,4.0,2.0,2.0,5.0,3.0,2.0,2.0,1.0,2.0,5.0,2.0
989,HingGPT,3.0,3.0,2.0,3.0,4.0,3.0,3.0,4.0,2.0,3.0,4.0,3.0
989,Phi-3.5-mini,1.0,1.0,1.0,1.0,1.0,1.0,1.0,1.0,1.0,1.0,1.0,1.0
989,Qwen2.5-3B,4.0,4.0,4.0,4.0,5.0,4.0,4.0,4.0,4.0,5.0,5.0,4.0
989,Qwen2.5-7B,1.0,1.0,1.0,1.0,5.0,1.0,2.0,1.0,1.0,2.0,5.0,2.0
990,HingGPT,1.0,1.0,1.0,1.0,1.0,1.0,2.0,2.0,1.0,1.0,1.0,2.0
990,Phi-3.5-mini,1.0,1.0,1.0,1.0,1.0,1.0,3.0,3.0,3.0,3.0,3.0,3.0
990,Qwen2.5-3B,3.0,3.0,2.0,2.0,5.0,3.0,3.0,3.0,2.0,2.0,3.0,2.0
990,Qwen2.5-7B,4.0,5.0,4.0,5.0,5.0,4.0,4.0,5.0,5.0,5.0,5.0,5.0
991,HingGPT,1.0,1.0,1.0,1.0,1.0,1.0,2.0,2.0,1.0,1.0,1.0,2.0
991,Phi-3.5-mini,1.0,1.0,1.0,1.0,3.0,1.0,4.0,5.0,3.0,5.0,5.0,4.0
991,Qwen2.5-3B,4.0,5.0,3.0,4.0,5.0,4.0,4.0,4.0,3.0,4.0,4.0,4.0
991,Qwen2.5-7B,3.0,4.0,2.0,1.0,5.0,2.0,3.0,5.0,3.0,1.0,5.0,3.0
992,HingGPT,4.0,4.0,3.0,4.0,3.0,4.0,3.0,4.0,3.0,4.0,3.0,3.0
992,Phi-3.5-mini,1.0,1.0,1.0,1.0,1.0,1.0,3.0,4.0,3.0,4.0,3.0,3.0
992,Qwen2.5-3B,4.0,5.0,4.0,5.0,5.0,4.0,4.0,4.0,4.0,5.0,5.0,4.0
992,Qwen2.5-7B,3.0,3.0,2.0,2.0,5.0,2.0,2.0,2.0,2.0,2.0,3.0,2.0
993,HingGPT,1.0,1.0,1.0,1.0,5.0,2.0,2.0,2.0,1.0,2.0,3.0,2.0
993,Phi-3.5-mini,1.0,1.0,1.0,1.0,1.0,1.0,3.0,4.0,2.0,3.0,1.0,3.0
993,Qwen2.5-3B,4.0,4.0,3.0,4.0,5.0,4.0,4.0,4.0,3.0,4.0,5.0,4.0
993,Qwen2.5-7B,3.0,5.0,2.0,3.0,3.0,3.0,3.0,4.0,3.0,4.0,3.0,3.0
994,HingGPT,2.0,2.0,2.0,1.0,3.0,2.0,2.0,2.0,2.0,2.0,2.0,2.0
994,Phi-3.5-mini,1.0,1.0,1.0,1.0,1.0,1.0,3.0,3.0,1.0,5.0,5.0,3.0
994,Qwen2.5-3B,4.0,4.0,3.0,4.0,5.0,4.0,4.0,4.0,3.0,4.0,5.0,4.0
994,Qwen2.5-7B,4.0,4.0,4.0,4.0,5.0,4.0,3.0,4.0,3.0,4.0,5.0,3.0
995,HingGPT,1.0,1.0,1.0,1.0,5.0,1.0,1.0,1.0,1.0,1.0,1.0,1.0
995,Phi-3.5-mini,1.0,1.0,1.0,1.0,1.0,1.0,3.0,4.0,3.0,4.0,3.0,3.0
995,Qwen2.5-3B,3.0,4.0,2.0,3.0,5.0,3.0,3.0,4.0,3.0,2.0,4.0,3.0
995,Qwen2.5-7B,4.0,4.0,3.0,4.0,5.0,4.0,3.0,2.0,2.0,2.0,3.0,2.0
996,HingGPT,1.0,1.0,1.0,1.0,1.0,1.0,2.0,3.0,1.0,1.0,1.0,2.0
996,Phi-3.5-mini,1.0,1.0,1.0,1.0,1.0,1.0,3.0,4.0,2.0,3.0,2.0,3.0
996,Qwen2.5-3B,4.0,5.0,3.0,5.0,4.0,4.0,3.0,2.0,3.0,5.0,3.0,3.0
996,Qwen2.5-7B,1.0,1.0,1.0,1.0,5.0,1.0,3.0,2.0,1.0,1.0,3.0,2.0
997,HingGPT,1.0,1.0,1.0,1.0,5.0,1.0,2.0,1.0,1.0,1.0,3.0,2.0
997,Phi-3.5-mini,1.0,1.0,1.0,1.0,1.0,1.0,1.0,1.0,1.0,1.0,1.0,1.0
997,Qwen2.5-3B,4.0,5.0,3.0,5.0,5.0,4.0,4.0,4.0,2.0,4.0,5.0,3.0
997,Qwen2.5-7B,4.0,4.0,3.0,4.0,5.0,4.0,3.0,4.0,2.0,3.0,3.0,3.0
998,HingGPT,3.0,4.0,2.0,3.0,4.0,3.0,3.0,4.0,2.0,3.0,3.0,3.0
998,Phi-3.5-mini,1.0,1.0,1.0,1.0,1.0,1.0,2.0,4.0,3.0,3.0,3.0,3.0
998,Qwen2.5-3B,4.0,4.0,3.0,4.0,5.0,4.0,4.0,4.0,3.0,4.0,5.0,4.0
998,Qwen2.5-7B,4.0,4.0,3.0,4.0,5.0,4.0,4.0,4.0,3.0,4.0,4.0,4.0
999,HingGPT,2.0,3.0,2.0,2.0,3.0,2.0,2.0,2.0,2.0,2.0,3.0,2.0
999,Phi-3.5-mini,1.0,1.0,1.0,1.0,1.0,1.0,3.0,4.0,3.0,4.0,5.0,3.0
999,Qwen2.5-3B,4.0,5.0,4.0,5.0,5.0,4.0,2.0,3.0,2.0,3.0,2.0,2.0
999,Qwen2.5-7B,3.0,4.0,3.0,2.0,5.0,3.0,2.0,1.0,2.0,1.0,3.0,2.0
