prompt_id,row_index,prompt,source_text
1,10476,"Respond naturally to the following real Hinglish dataset utterance. Preserve the intended meaning, use natural Hindi-English code-mixing, and avoid unnecessary English-only or Hindi-only rewriting.

Source utterance:
almost saare backups pe limit lag gayi hai.. still i'm not stopping please give this maximum retweets bb king pratik",almost saare backups pe limit lag gayi hai.. still i'm not stopping please give this maximum retweets bb king pratik
2,1824,"Respond naturally to the following real Hinglish dataset utterance. Preserve the intended meaning, use natural Hindi-English code-mixing, and avoid unnecessary English-only or Hindi-only rewriting.

Source utterance:
Lali is meri Pyari Chhoti Behen",Lali is meri Pyari Chhoti Behen
3,409,"Respond naturally to the following real Hinglish dataset utterance. Preserve the intended meaning, use natural Hindi-English code-mixing, and avoid unnecessary English-only or Hindi-only rewriting.

Source utterance:
i have my bag o masks and so does my husband.....i felt from, sadly, the start we'd be wearing them for years to come","i have my bag o masks and so does my husband.....i felt from, sadly, the start we'd be wearing them for years to come"
4,12149,"Respond naturally to the following real Hinglish dataset utterance. Preserve the intended meaning, use natural Hindi-English code-mixing, and avoid unnecessary English-only or Hindi-only rewriting.

Source utterance:
mujhe bhi rakhne do please 😭😭😭",mujhe bhi rakhne do please 😭😭😭
5,4506,"Respond naturally to the following real Hinglish dataset utterance. Preserve the intended meaning, use natural Hindi-English code-mixing, and avoid unnecessary English-only or Hindi-only rewriting.

Source utterance:
tum chup kr ky so jao subah jana bhi hota jldi",tum chup kr ky so jao subah jana bhi hota jldi
6,4012,"Respond naturally to the following real Hinglish dataset utterance. Preserve the intended meaning, use natural Hindi-English code-mixing, and avoid unnecessary English-only or Hindi-only rewriting.

Source utterance:
🇮🇳 team ko wale b to tum ho, itna hype, cricket ko le k, lockdown mein dekho, khud kaise mote ho gaye ho, *mujhe aaisa lagta h* bol k, abey tum log ho kon wale, predictable aaise hote ho jaise k match fixer, 🛎🛎🛎🛎🛎","🇮🇳 team ko wale b to tum ho, itna hype, cricket ko le k, lockdown mein dekho, khud kaise mote ho gaye ho, *mujhe aaisa lagta h* bol k, abey tum log ho kon wale, predictable aaise hote ho jaise k match fixer, 🛎🛎🛎🛎🛎"
7,3657,"Respond naturally to the following real Hinglish dataset utterance. Preserve the intended meaning, use natural Hindi-English code-mixing, and avoid unnecessary English-only or Hindi-only rewriting.

Source utterance:
Love guru bn jao bht scope hai",Love guru bn jao bht scope hai
8,2286,"Respond naturally to the following real Hinglish dataset utterance. Preserve the intended meaning, use natural Hindi-English code-mixing, and avoid unnecessary English-only or Hindi-only rewriting.

Source utterance:
pata nahi aise comment paas kar ke kounsi khushi milti hai inko yaar matlab main raho oski gf ne kabhi aisi language use nahi ki hogi oske sath aur kya ap main itni himmat hai ke yeh same cheezain ap oske saamne bolo ge apko pata hi hoga ke apko kya reaction mile ga oss se",pata nahi aise comment paas kar ke kounsi khushi milti hai inko yaar matlab main raho oski gf ne kabhi aisi language use nahi ki hogi oske sath aur kya ap main itni himmat hai ke yeh same cheezain ap oske saamne bolo ge apko pata hi hoga ke apko kya reaction mile ga oss se
9,12066,"Respond naturally to the following real Hinglish dataset utterance. Preserve the intended meaning, use natural Hindi-English code-mixing, and avoid unnecessary English-only or Hindi-only rewriting.

Source utterance:
People are temporary , kabhi iske, kabhi uske, kbhi ....","People are temporary , kabhi iske, kabhi uske, kbhi ...."
10,1679,"Respond naturally to the following real Hinglish dataset utterance. Preserve the intended meaning, use natural Hindi-English code-mixing, and avoid unnecessary English-only or Hindi-only rewriting.

Source utterance:
gujrat k 15 min. jese phir se dene ki h isko",gujrat k 15 min. jese phir se dene ki h isko
11,11087,"Respond naturally to the following real Hinglish dataset utterance. Preserve the intended meaning, use natural Hindi-English code-mixing, and avoid unnecessary English-only or Hindi-only rewriting.

Source utterance:
guys did someone noticed jaise host ne shamita k against bola everyone was running after abhijeet to comfort him ,agar yhi shamita ko support karta toh unka reaction alag hota apne toh apne hote hain luv u rajiv","guys did someone noticed jaise host ne shamita k against bola everyone was running after abhijeet to comfort him ,agar yhi shamita ko support karta toh unka reaction alag hota apne toh apne hote hain luv u rajiv"
12,12135,"Respond naturally to the following real Hinglish dataset utterance. Preserve the intended meaning, use natural Hindi-English code-mixing, and avoid unnecessary English-only or Hindi-only rewriting.

Source utterance:
Shukar hai november dump se jaan choti",Shukar hai november dump se jaan choti
13,8935,"Respond naturally to the following real Hinglish dataset utterance. Preserve the intended meaning, use natural Hindi-English code-mixing, and avoid unnecessary English-only or Hindi-only rewriting.

Source utterance:
😂😂 mere aaj tak 2-3 shows cancel hone se bache hai aise ki na koi a hi jaata hai",😂😂 mere aaj tak 2-3 shows cancel hone se bache hai aise ki na koi a hi jaata hai
14,1424,"Respond naturally to the following real Hinglish dataset utterance. Preserve the intended meaning, use natural Hindi-English code-mixing, and avoid unnecessary English-only or Hindi-only rewriting.

Source utterance:
😂😂😂.. Khi is chakkar me mere or bhai behan na aa jaye 😔😁",😂😂😂.. Khi is chakkar me mere or bhai behan na aa jaye 😔😁
15,9674,"Respond naturally to the following real Hinglish dataset utterance. Preserve the intended meaning, use natural Hindi-English code-mixing, and avoid unnecessary English-only or Hindi-only rewriting.

Source utterance:
Photoshopped or not, the time rhymes with his personal philosophy. Lemme explain. Ek Tera kay saamne khada hai Mai Mera. See the logic now ?","Photoshopped or not, the time rhymes with his personal philosophy. Lemme explain. Ek Tera kay saamne khada hai Mai Mera. See the logic now ?"
16,6912,"Respond naturally to the following real Hinglish dataset utterance. Preserve the intended meaning, use natural Hindi-English code-mixing, and avoid unnecessary English-only or Hindi-only rewriting.

Source utterance:
life is a solo mission! the journey you walk is truly on you, chose wisely and what feels best for you!💜","life is a solo mission! the journey you walk is truly on you, chose wisely and what feels best for you!💜"
17,520,"Respond naturally to the following real Hinglish dataset utterance. Preserve the intended meaning, use natural Hindi-English code-mixing, and avoid unnecessary English-only or Hindi-only rewriting.

Source utterance:
inke liye bhakt rakhte hai na vert !",inke liye bhakt rakhte hai na vert !
18,488,"Respond naturally to the following real Hinglish dataset utterance. Preserve the intended meaning, use natural Hindi-English code-mixing, and avoid unnecessary English-only or Hindi-only rewriting.

Source utterance:
executive uddin global times news agency european organizations 🇵🇰🇩🇪🇮🇹🇪🇺 03/12/2021 kalam-e-waqt rahim yar khan...... no: 0039-3498050065",executive uddin global times news agency european organizations 🇵🇰🇩🇪🇮🇹🇪🇺 03/12/2021 kalam-e-waqt rahim yar khan...... no: 0039-3498050065
19,1535,"Respond naturally to the following real Hinglish dataset utterance. Preserve the intended meaning, use natural Hindi-English code-mixing, and avoid unnecessary English-only or Hindi-only rewriting.

Source utterance:
Accha to aj announcement kri h apne",Accha to aj announcement kri h apne
20,3582,"Respond naturally to the following real Hinglish dataset utterance. Preserve the intended meaning, use natural Hindi-English code-mixing, and avoid unnecessary English-only or Hindi-only rewriting.

Source utterance:
Lol. Sad rap. Emo Bharath 🔪🔪🔪",Lol. Sad rap. Emo Bharath 🔪🔪🔪
21,3811,"Respond naturally to the following real Hinglish dataset utterance. Preserve the intended meaning, use natural Hindi-English code-mixing, and avoid unnecessary English-only or Hindi-only rewriting.

Source utterance:
thode din aur rook jau ek banda safed bal aur dadi bada raha wo sayad india ka jesus hoga",thode din aur rook jau ek banda safed bal aur dadi bada raha wo sayad india ka jesus hoga
22,8279,"Respond naturally to the following real Hinglish dataset utterance. Preserve the intended meaning, use natural Hindi-English code-mixing, and avoid unnecessary English-only or Hindi-only rewriting.

Source utterance:
jinki gandi or neech soch ye kehti h...ki pyar sirf ek type ka hota h...please wo unfollow/block maaro mujhe ..or dafa ho jao!!🙏🙏",jinki gandi or neech soch ye kehti h...ki pyar sirf ek type ka hota h...please wo unfollow/block maaro mujhe ..or dafa ho jao!!🙏🙏
23,9863,"Respond naturally to the following real Hinglish dataset utterance. Preserve the intended meaning, use natural Hindi-English code-mixing, and avoid unnecessary English-only or Hindi-only rewriting.

Source utterance:
MY J-WAVE : ® © ROTH BART BARON",MY J-WAVE : ® © ROTH BART BARON
24,434,"Respond naturally to the following real Hinglish dataset utterance. Preserve the intended meaning, use natural Hindi-English code-mixing, and avoid unnecessary English-only or Hindi-only rewriting.

Source utterance:
ab sei bata raha hei k agli baar agar government aye tu kuch nahi hoga banks mei but pakistan ki economy pehle sei ab behtar hei , chorr pehle sei plain bana raha hei , kabhi tum ku nahi denge charli .","ab sei bata raha hei k agli baar agar government aye tu kuch nahi hoga banks mei but pakistan ki economy pehle sei ab behtar hei , chorr pehle sei plain bana raha hei , kabhi tum ku nahi denge charli ."
25,9195,"Respond naturally to the following real Hinglish dataset utterance. Preserve the intended meaning, use natural Hindi-English code-mixing, and avoid unnecessary English-only or Hindi-only rewriting.

Source utterance:
bohat slow movie hai, and aaj ki generation itna slow accept nahi karegi. sorry ranveer and kabir.","bohat slow movie hai, and aaj ki generation itna slow accept nahi karegi. sorry ranveer and kabir."
26,3257,"Respond naturally to the following real Hinglish dataset utterance. Preserve the intended meaning, use natural Hindi-English code-mixing, and avoid unnecessary English-only or Hindi-only rewriting.

Source utterance:
Alexa: Sab mile hue hai ji.",Alexa: Sab mile hue hai ji.
27,11731,"Respond naturally to the following real Hinglish dataset utterance. Preserve the intended meaning, use natural Hindi-English code-mixing, and avoid unnecessary English-only or Hindi-only rewriting.

Source utterance:
congress govt. vote k waqt ye hi bolti h phir bhul jati h vote lekr rajasthan m bhi to yahi kiya per u.p wale rajasthan walo ki halat dekh rahe h wo is m nahi aayege",congress govt. vote k waqt ye hi bolti h phir bhul jati h vote lekr rajasthan m bhi to yahi kiya per u.p wale rajasthan walo ki halat dekh rahe h wo is m nahi aayege
28,10647,"Respond naturally to the following real Hinglish dataset utterance. Preserve the intended meaning, use natural Hindi-English code-mixing, and avoid unnecessary English-only or Hindi-only rewriting.

Source utterance:
tumne picture post ki h kyaa 😭😭 tumhare liye nhi h 😡👎",tumne picture post ki h kyaa 😭😭 tumhare liye nhi h 😡👎
29,11490,"Respond naturally to the following real Hinglish dataset utterance. Preserve the intended meaning, use natural Hindi-English code-mixing, and avoid unnecessary English-only or Hindi-only rewriting.

Source utterance:
tum ye galatfahmi nikal lo ki tum apne bap boote hindu ho. bhaiya tumhare to ram mandir ki tak nahi thi thi jab tak sangh aur vhp ne whistle blow nahi ki. apne leader ko gali dene se pehle jaan lo vo hai koun . aapko sangh ka abcd nahi malum aur aaye hai.",tum ye galatfahmi nikal lo ki tum apne bap boote hindu ho. bhaiya tumhare to ram mandir ki tak nahi thi thi jab tak sangh aur vhp ne whistle blow nahi ki. apne leader ko gali dene se pehle jaan lo vo hai koun . aapko sangh ka abcd nahi malum aur aaye hai.
30,8928,"Respond naturally to the following real Hinglish dataset utterance. Preserve the intended meaning, use natural Hindi-English code-mixing, and avoid unnecessary English-only or Hindi-only rewriting.

Source utterance:
kuch bhi poulomi ke tweets dekh kar sad ho gaye that s why i am sad now",kuch bhi poulomi ke tweets dekh kar sad ho gaye that s why i am sad now
31,6873,"Respond naturally to the following real Hinglish dataset utterance. Preserve the intended meaning, use natural Hindi-English code-mixing, and avoid unnecessary English-only or Hindi-only rewriting.

Source utterance:
ha kuri mam ko bhi nhi dekhne dena wo kuch bhi dekhte hai. kuch bhi like krte hai mujhe achha nhi lgta dekh kr. love beyond boundaries",ha kuri mam ko bhi nhi dekhne dena wo kuch bhi dekhte hai. kuch bhi like krte hai mujhe achha nhi lgta dekh kr. love beyond boundaries
32,3611,"Respond naturally to the following real Hinglish dataset utterance. Preserve the intended meaning, use natural Hindi-English code-mixing, and avoid unnecessary English-only or Hindi-only rewriting.

Source utterance:
Sahi h..private krne se koi jo follow krta h wo b retweet nhi kr skta?",Sahi h..private krne se koi jo follow krta h wo b retweet nhi kr skta?
33,7359,"Respond naturally to the following real Hinglish dataset utterance. Preserve the intended meaning, use natural Hindi-English code-mixing, and avoid unnecessary English-only or Hindi-only rewriting.

Source utterance:
mudha to itna tha bhi nhi jitna es ne bna diya yr ska or dost enka dono ki soch bhut ghatiya hea yr gatar brain etni ghtiya soch ki ladki ajj tak nhi dekhi pta nhi kha se utha laye kachre ko",mudha to itna tha bhi nhi jitna es ne bna diya yr ska or dost enka dono ki soch bhut ghatiya hea yr gatar brain etni ghtiya soch ki ladki ajj tak nhi dekhi pta nhi kha se utha laye kachre ko
34,9654,"Respond naturally to the following real Hinglish dataset utterance. Preserve the intended meaning, use natural Hindi-English code-mixing, and avoid unnecessary English-only or Hindi-only rewriting.

Source utterance:
Le paradis se sous les de ma mre",Le paradis se sous les de ma mre
35,4557,"Respond naturally to the following real Hinglish dataset utterance. Preserve the intended meaning, use natural Hindi-English code-mixing, and avoid unnecessary English-only or Hindi-only rewriting.

Source utterance:
shud believe in his first instincts,he is right in sensing the vibes around him. &amp; not get emo-weak by his attention seeker frnd saying-tu zaada soch raha hai-bohot over-think raha hai kk tu sahi hai, baat khatam . never mess with karan","shud believe in his first instincts,he is right in sensing the vibes around him. &amp; not get emo-weak by his attention seeker frnd saying-tu zaada soch raha hai-bohot over-think raha hai kk tu sahi hai, baat khatam . never mess with karan"
36,13261,"Respond naturally to the following real Hinglish dataset utterance. Preserve the intended meaning, use natural Hindi-English code-mixing, and avoid unnecessary English-only or Hindi-only rewriting.

Source utterance:
ego nahi thread reply kehte hai usey",ego nahi thread reply kehte hai usey
37,14242,"Respond naturally to the following real Hinglish dataset utterance. Preserve the intended meaning, use natural Hindi-English code-mixing, and avoid unnecessary English-only or Hindi-only rewriting.

Source utterance:
Just listen and feel proud that we are paying taxes Hai kisi party to ise to hara sake",Just listen and feel proud that we are paying taxes Hai kisi party to ise to hara sake
38,106,"Respond naturally to the following real Hinglish dataset utterance. Preserve the intended meaning, use natural Hindi-English code-mixing, and avoid unnecessary English-only or Hindi-only rewriting.

Source utterance:
arre inke liye toh operation gibraltar ke time bhi kashmiri inke saath the baad mai indian armed forces or ne mai inki kaisi rail banayi thi sabko pta hai",arre inke liye toh operation gibraltar ke time bhi kashmiri inke saath the baad mai indian armed forces or ne mai inki kaisi rail banayi thi sabko pta hai
39,12432,"Respond naturally to the following real Hinglish dataset utterance. Preserve the intended meaning, use natural Hindi-English code-mixing, and avoid unnecessary English-only or Hindi-only rewriting.

Source utterance:
icc ka hota h sb yeah fake news h",icc ka hota h sb yeah fake news h
40,13202,"Respond naturally to the following real Hinglish dataset utterance. Preserve the intended meaning, use natural Hindi-English code-mixing, and avoid unnecessary English-only or Hindi-only rewriting.

Source utterance:
Mujhe self love ki smell hai ap sy",Mujhe self love ki smell hai ap sy
41,2615,"Respond naturally to the following real Hinglish dataset utterance. Preserve the intended meaning, use natural Hindi-English code-mixing, and avoid unnecessary English-only or Hindi-only rewriting.

Source utterance:
but u still love khan sahab.. pti badi shi they only love &amp; support khan",but u still love khan sahab.. pti badi shi they only love &amp; support khan
42,11438,"Respond naturally to the following real Hinglish dataset utterance. Preserve the intended meaning, use natural Hindi-English code-mixing, and avoid unnecessary English-only or Hindi-only rewriting.

Source utterance:
IU Picked Khan In Emerging",IU Picked Khan In Emerging
43,6924,"Respond naturally to the following real Hinglish dataset utterance. Preserve the intended meaning, use natural Hindi-English code-mixing, and avoid unnecessary English-only or Hindi-only rewriting.

Source utterance:
No ser un de revocacin: INE; © posicin",No ser un de revocacin: INE; © posicin
44,5574,"Respond naturally to the following real Hinglish dataset utterance. Preserve the intended meaning, use natural Hindi-English code-mixing, and avoid unnecessary English-only or Hindi-only rewriting.

Source utterance:
papa mein ne aaj teen wicket bhi le liye! ab mein indian team ki bowling open karoon . . tu batting bowling sab open karr le beta . . bas muh na open kiya karr . . log kehte hain pappu bada intelligent hai !!",papa mein ne aaj teen wicket bhi le liye! ab mein indian team ki bowling open karoon . . tu batting bowling sab open karr le beta . . bas muh na open kiya karr . . log kehte hain pappu bada intelligent hai !!
45,4552,"Respond naturally to the following real Hinglish dataset utterance. Preserve the intended meaning, use natural Hindi-English code-mixing, and avoid unnecessary English-only or Hindi-only rewriting.

Source utterance:
They expect disappointment. But if you succeed, the happiness for them is incomparable &gt;&gt;&gt;","They expect disappointment. But if you succeed, the happiness for them is incomparable &gt;&gt;&gt;"
46,2547,"Respond naturally to the following real Hinglish dataset utterance. Preserve the intended meaning, use natural Hindi-English code-mixing, and avoid unnecessary English-only or Hindi-only rewriting.

Source utterance:
kuch nahi.. tae par hum log ko tease kar rha tha.. hum log clown ban rhe the",kuch nahi.. tae par hum log ko tease kar rha tha.. hum log clown ban rhe the
47,3527,"Respond naturally to the following real Hinglish dataset utterance. Preserve the intended meaning, use natural Hindi-English code-mixing, and avoid unnecessary English-only or Hindi-only rewriting.

Source utterance:
Kya yr jb main nhi hoti tbhi mere trend karte hai but anyway",Kya yr jb main nhi hoti tbhi mere trend karte hai but anyway
48,12509,"Respond naturally to the following real Hinglish dataset utterance. Preserve the intended meaning, use natural Hindi-English code-mixing, and avoid unnecessary English-only or Hindi-only rewriting.

Source utterance:
mujhe bhai jaisa dost banna hai .. aur bhai jaisa ek dost chahiye bhi ... selfless, always there for his close ones.. keeps no malice .. a friend in need ... i always look up to him as an ideal friend... that one thing i revere him for .. ❤","mujhe bhai jaisa dost banna hai .. aur bhai jaisa ek dost chahiye bhi ... selfless, always there for his close ones.. keeps no malice .. a friend in need ... i always look up to him as an ideal friend... that one thing i revere him for .. ❤"
49,5514,"Respond naturally to the following real Hinglish dataset utterance. Preserve the intended meaning, use natural Hindi-English code-mixing, and avoid unnecessary English-only or Hindi-only rewriting.

Source utterance:
You would probably be better off looking for full Robo-Cop style full-body armour. On the other hand, stay at home, as the raised Security Level suggests that a terrorist attack is imminent; so stay away from busy places. Khans London is now a third-world slum anyway.","You would probably be better off looking for full Robo-Cop style full-body armour. On the other hand, stay at home, as the raised Security Level suggests that a terrorist attack is imminent; so stay away from busy places. Khans London is now a third-world slum anyway."
50,1674,"Respond naturally to the following real Hinglish dataset utterance. Preserve the intended meaning, use natural Hindi-English code-mixing, and avoid unnecessary English-only or Hindi-only rewriting.

Source utterance:
should learn something from Ekta kapoor Unke kumkum mein 500 baar alag hoke bhi asani se 3 betiyaan paida karli hai,Even beti ko bhi baccha hone wala hain But Apne GaDha ko bina alag huye bhi 10 saal se baccha nahi horaha","should learn something from Ekta kapoor Unke kumkum mein 500 baar alag hoke bhi asani se 3 betiyaan paida karli hai,Even beti ko bhi baccha hone wala hain But Apne GaDha ko bina alag huye bhi 10 saal se baccha nahi horaha"
51,1519,"Respond naturally to the following real Hinglish dataset utterance. Preserve the intended meaning, use natural Hindi-English code-mixing, and avoid unnecessary English-only or Hindi-only rewriting.

Source utterance:
True sameer Bhai !! Love you",True sameer Bhai !! Love you
52,6224,"Respond naturally to the following real Hinglish dataset utterance. Preserve the intended meaning, use natural Hindi-English code-mixing, and avoid unnecessary English-only or Hindi-only rewriting.

Source utterance:
presence kya jabardast ghatiya network provide karte ho aap din b din network bekar hota ja ra h is tweet k baad fir koi aayega sir hume name address dijiye days dijiye hum maafi chahte hai ye sab sun sun k pak gaya hu majburi hai or koi opt nhi h",presence kya jabardast ghatiya network provide karte ho aap din b din network bekar hota ja ra h is tweet k baad fir koi aayega sir hume name address dijiye days dijiye hum maafi chahte hai ye sab sun sun k pak gaya hu majburi hai or koi opt nhi h
53,1584,"Respond naturally to the following real Hinglish dataset utterance. Preserve the intended meaning, use natural Hindi-English code-mixing, and avoid unnecessary English-only or Hindi-only rewriting.

Source utterance:
phir to tm b kisi me kbi ho jaogi",phir to tm b kisi me kbi ho jaogi
54,5881,"Respond naturally to the following real Hinglish dataset utterance. Preserve the intended meaning, use natural Hindi-English code-mixing, and avoid unnecessary English-only or Hindi-only rewriting.

Source utterance:
11:59am temp. 11.9c wich. 11.9c hum. 53 vento w vel. 0.0 max. 6.6km/h. tot.0.00mm. barom. 1026.40hpa ev-now!",11:59am temp. 11.9c wich. 11.9c hum. 53 vento w vel. 0.0 max. 6.6km/h. tot.0.00mm. barom. 1026.40hpa ev-now!
55,13885,"Respond naturally to the following real Hinglish dataset utterance. Preserve the intended meaning, use natural Hindi-English code-mixing, and avoid unnecessary English-only or Hindi-only rewriting.

Source utterance:
sucks raat hy bhaee so",sucks raat hy bhaee so
56,5635,"Respond naturally to the following real Hinglish dataset utterance. Preserve the intended meaning, use natural Hindi-English code-mixing, and avoid unnecessary English-only or Hindi-only rewriting.

Source utterance:
Se taper sa mre, pour ou pour ?","Se taper sa mre, pour ou pour ?"
57,9891,"Respond naturally to the following real Hinglish dataset utterance. Preserve the intended meaning, use natural Hindi-English code-mixing, and avoid unnecessary English-only or Hindi-only rewriting.

Source utterance:
apple product toh sab like karte hai but uski price ko like nahi karte ab acha mouka hai black friday at imagine",apple product toh sab like karte hai but uski price ko like nahi karte ab acha mouka hai black friday at imagine
58,4333,"Respond naturally to the following real Hinglish dataset utterance. Preserve the intended meaning, use natural Hindi-English code-mixing, and avoid unnecessary English-only or Hindi-only rewriting.

Source utterance:
pakistan ma hota hi nhi wo mard k becha ha a ja pakistan",pakistan ma hota hi nhi wo mard k becha ha a ja pakistan
59,13223,"Respond naturally to the following real Hinglish dataset utterance. Preserve the intended meaning, use natural Hindi-English code-mixing, and avoid unnecessary English-only or Hindi-only rewriting.

Source utterance:
wo meri har problems bin bole samjh jata hai ❣ mujhe bin bole kafi kuch kh jata hai log bas dikhawa karte hai apna hone ka wo mujhe baitha kar chhoti chhoti baatein samjhata hai love you bhai 😌❤✌",wo meri har problems bin bole samjh jata hai ❣ mujhe bin bole kafi kuch kh jata hai log bas dikhawa karte hai apna hone ka wo mujhe baitha kar chhoti chhoti baatein samjhata hai love you bhai 😌❤✌
60,711,"Respond naturally to the following real Hinglish dataset utterance. Preserve the intended meaning, use natural Hindi-English code-mixing, and avoid unnecessary English-only or Hindi-only rewriting.

Source utterance:
G kuch to locha hua h aapke sath tabhi koi dusri baat krte ho. Not accept from you",G kuch to locha hua h aapke sath tabhi koi dusri baat krte ho. Not accept from you
61,11955,"Respond naturally to the following real Hinglish dataset utterance. Preserve the intended meaning, use natural Hindi-English code-mixing, and avoid unnecessary English-only or Hindi-only rewriting.

Source utterance:
yahan pe to, bhai jaari hai. mohan bhagwat ko bhi declare kardo abhi ke abhi..","yahan pe to, bhai jaari hai. mohan bhagwat ko bhi declare kardo abhi ke abhi.."
62,7527,"Respond naturally to the following real Hinglish dataset utterance. Preserve the intended meaning, use natural Hindi-English code-mixing, and avoid unnecessary English-only or Hindi-only rewriting.

Source utterance:
Waar jy al die stupid/ funny grappe? Ek lag my in n papie",Waar jy al die stupid/ funny grappe? Ek lag my in n papie
63,8785,"Respond naturally to the following real Hinglish dataset utterance. Preserve the intended meaning, use natural Hindi-English code-mixing, and avoid unnecessary English-only or Hindi-only rewriting.

Source utterance:
Achaa pr mujhe ye sb nahi chahiye",Achaa pr mujhe ye sb nahi chahiye
64,2045,"Respond naturally to the following real Hinglish dataset utterance. Preserve the intended meaning, use natural Hindi-English code-mixing, and avoid unnecessary English-only or Hindi-only rewriting.

Source utterance:
Youre lateee!! Kal hi tho dekha tha Matlab engagement ke liye kuch bhi?",Youre lateee!! Kal hi tho dekha tha Matlab engagement ke liye kuch bhi?
65,6201,"Respond naturally to the following real Hinglish dataset utterance. Preserve the intended meaning, use natural Hindi-English code-mixing, and avoid unnecessary English-only or Hindi-only rewriting.

Source utterance:
ya, kamalpat is actually a masculine name, i also noticed that, govt. should have corrected that. nevertheless, habib ka naam toh chala gaya kam se kam.","ya, kamalpat is actually a masculine name, i also noticed that, govt. should have corrected that. nevertheless, habib ka naam toh chala gaya kam se kam."
66,1291,"Respond naturally to the following real Hinglish dataset utterance. Preserve the intended meaning, use natural Hindi-English code-mixing, and avoid unnecessary English-only or Hindi-only rewriting.

Source utterance:
Exactly. Mai bhi wahi soch rha tha. Aur ye sayad unke liye blessing in disguise ho gya hai. Anderson + Broad ek saath australia mein burden hi hote. Wood k paas pace hai.",Exactly. Mai bhi wahi soch rha tha. Aur ye sayad unke liye blessing in disguise ho gya hai. Anderson + Broad ek saath australia mein burden hi hote. Wood k paas pace hai.
67,9044,"Respond naturally to the following real Hinglish dataset utterance. Preserve the intended meaning, use natural Hindi-English code-mixing, and avoid unnecessary English-only or Hindi-only rewriting.

Source utterance:
amarinder koi na ota pta hi chl jana wind kidar nu blow krdi aa",amarinder koi na ota pta hi chl jana wind kidar nu blow krdi aa
68,4803,"Respond naturally to the following real Hinglish dataset utterance. Preserve the intended meaning, use natural Hindi-English code-mixing, and avoid unnecessary English-only or Hindi-only rewriting.

Source utterance:
bol do sach fir sunne ke liye bhi tyar rahna sachai apni religion ki kyonki abhi maine kuch khas nhi bola. .",bol do sach fir sunne ke liye bhi tyar rahna sachai apni religion ki kyonki abhi maine kuch khas nhi bola. .
69,13588,"Respond naturally to the following real Hinglish dataset utterance. Preserve the intended meaning, use natural Hindi-English code-mixing, and avoid unnecessary English-only or Hindi-only rewriting.

Source utterance:
bhut slow speed hai khan ho papa raaj",bhut slow speed hai khan ho papa raaj
70,10299,"Respond naturally to the following real Hinglish dataset utterance. Preserve the intended meaning, use natural Hindi-English code-mixing, and avoid unnecessary English-only or Hindi-only rewriting.

Source utterance:
choti update seher ko pata chala rajveer ka sach, dida ko bachane ke liye kiya mana watch video -","choti update seher ko pata chala rajveer ka sach, dida ko bachane ke liye kiya mana watch video -"
71,10133,"Respond naturally to the following real Hinglish dataset utterance. Preserve the intended meaning, use natural Hindi-English code-mixing, and avoid unnecessary English-only or Hindi-only rewriting.

Source utterance:
niv bookworm adi hiii kaisi hai tu i pyaar you",niv bookworm adi hiii kaisi hai tu i pyaar you
72,14507,"Respond naturally to the following real Hinglish dataset utterance. Preserve the intended meaning, use natural Hindi-English code-mixing, and avoid unnecessary English-only or Hindi-only rewriting.

Source utterance:
sir aap sab bole the ki diwali se pahale hi appointment letter mil jayega but chhath bhi bit gaya",sir aap sab bole the ki diwali se pahale hi appointment letter mil jayega but chhath bhi bit gaya
73,14118,"Respond naturally to the following real Hinglish dataset utterance. Preserve the intended meaning, use natural Hindi-English code-mixing, and avoid unnecessary English-only or Hindi-only rewriting.

Source utterance:
Once a queen, always a queen 👑😇","Once a queen, always a queen 👑😇"
74,5925,"Respond naturally to the following real Hinglish dataset utterance. Preserve the intended meaning, use natural Hindi-English code-mixing, and avoid unnecessary English-only or Hindi-only rewriting.

Source utterance:
special thanks to scotland! apne india ko 10 wickets se nhi jeetne diya na meharbani apki 😂",special thanks to scotland! apne india ko 10 wickets se nhi jeetne diya na meharbani apki 😂
75,9459,"Respond naturally to the following real Hinglish dataset utterance. Preserve the intended meaning, use natural Hindi-English code-mixing, and avoid unnecessary English-only or Hindi-only rewriting.

Source utterance:
The guy be like: Anjali tum sirf meri ho. Tum kisi ko ho jao main yeh hone nahi dunga Anjali.",The guy be like: Anjali tum sirf meri ho. Tum kisi ko ho jao main yeh hone nahi dunga Anjali.
76,3150,"Respond naturally to the following real Hinglish dataset utterance. Preserve the intended meaning, use natural Hindi-English code-mixing, and avoid unnecessary English-only or Hindi-only rewriting.

Source utterance:
preeti anchor saare documents loot liye gaye to baki to recover ho jayenge magar candidates ke mool praman patra kaha se ayenge aisi pe rok lagana jaruri hai aur system me parivartan to us se bhi jyada jaruri hai mool praman patron ko jama karwane ke bajaye unko online kar den",preeti anchor saare documents loot liye gaye to baki to recover ho jayenge magar candidates ke mool praman patra kaha se ayenge aisi pe rok lagana jaruri hai aur system me parivartan to us se bhi jyada jaruri hai mool praman patron ko jama karwane ke bajaye unko online kar den
77,11543,"Respond naturally to the following real Hinglish dataset utterance. Preserve the intended meaning, use natural Hindi-English code-mixing, and avoid unnecessary English-only or Hindi-only rewriting.

Source utterance:
kaise ?? slaying together",kaise ?? slaying together
78,1139,"Respond naturally to the following real Hinglish dataset utterance. Preserve the intended meaning, use natural Hindi-English code-mixing, and avoid unnecessary English-only or Hindi-only rewriting.

Source utterance:
Man I really wasn't expecting a WAVE of getting married jaldi....we're babies?? 😳",Man I really wasn't expecting a WAVE of getting married jaldi....we're babies?? 😳
79,750,"Respond naturally to the following real Hinglish dataset utterance. Preserve the intended meaning, use natural Hindi-English code-mixing, and avoid unnecessary English-only or Hindi-only rewriting.

Source utterance:
Amit Bhai Shah ji ki Main aur Alt ke beech ki jhalak",Amit Bhai Shah ji ki Main aur Alt ke beech ki jhalak
80,10834,"Respond naturally to the following real Hinglish dataset utterance. Preserve the intended meaning, use natural Hindi-English code-mixing, and avoid unnecessary English-only or Hindi-only rewriting.

Source utterance:
itna hi pyar hai dono mi to koi ek man jaye bole tu le tickets to finale.. sirf ak game hai aur kuch nhi",itna hi pyar hai dono mi to koi ek man jaye bole tu le tickets to finale.. sirf ak game hai aur kuch nhi
81,3733,"Respond naturally to the following real Hinglish dataset utterance. Preserve the intended meaning, use natural Hindi-English code-mixing, and avoid unnecessary English-only or Hindi-only rewriting.

Source utterance:
stanbul da dil dengi kar yaar kar stne yaynlama zaman balamtr.",stanbul da dil dengi kar yaar kar stne yaynlama zaman balamtr.
82,12665,"Respond naturally to the following real Hinglish dataset utterance. Preserve the intended meaning, use natural Hindi-English code-mixing, and avoid unnecessary English-only or Hindi-only rewriting.

Source utterance:
fir muhabbat kuta gaya ya nahi ? 😜😂😂🤣",fir muhabbat kuta gaya ya nahi ? 😜😂😂🤣
83,4741,"Respond naturally to the following real Hinglish dataset utterance. Preserve the intended meaning, use natural Hindi-English code-mixing, and avoid unnecessary English-only or Hindi-only rewriting.

Source utterance:
mujhe kam aati h thoda hindi me bhi post kar diya karo",mujhe kam aati h thoda hindi me bhi post kar diya karo
84,1307,"Respond naturally to the following real Hinglish dataset utterance. Preserve the intended meaning, use natural Hindi-English code-mixing, and avoid unnecessary English-only or Hindi-only rewriting.

Source utterance:
i loved the way gave reality check to jo he thinks ki sbke mei ghusne se lime light milta h, honestly its very irritating and over the top jiska mudda h unhe hi bolna nhi dega","i loved the way gave reality check to jo he thinks ki sbke mei ghusne se lime light milta h, honestly its very irritating and over the top jiska mudda h unhe hi bolna nhi dega"
85,14013,"Respond naturally to the following real Hinglish dataset utterance. Preserve the intended meaning, use natural Hindi-English code-mixing, and avoid unnecessary English-only or Hindi-only rewriting.

Source utterance:
sharam hoti toh aaj yeah hal na karte pakistan ka",sharam hoti toh aaj yeah hal na karte pakistan ka
86,3814,"Respond naturally to the following real Hinglish dataset utterance. Preserve the intended meaning, use natural Hindi-English code-mixing, and avoid unnecessary English-only or Hindi-only rewriting.

Source utterance:
rohit shetty saw the dark knights the day before he wrote and while deciding on action scene watched john wick and said yeh bhi 2 minute ke liye le sakte hai",rohit shetty saw the dark knights the day before he wrote and while deciding on action scene watched john wick and said yeh bhi 2 minute ke liye le sakte hai
87,14196,"Respond naturally to the following real Hinglish dataset utterance. Preserve the intended meaning, use natural Hindi-English code-mixing, and avoid unnecessary English-only or Hindi-only rewriting.

Source utterance:
Mujhe to pEhle hi shk tha.",Mujhe to pEhle hi shk tha.
88,1654,"Respond naturally to the following real Hinglish dataset utterance. Preserve the intended meaning, use natural Hindi-English code-mixing, and avoid unnecessary English-only or Hindi-only rewriting.

Source utterance:
ye jo mere se fill karwa rae na inke khud ke fill ho jaen ge",ye jo mere se fill karwa rae na inke khud ke fill ho jaen ge
89,6227,"Respond naturally to the following real Hinglish dataset utterance. Preserve the intended meaning, use natural Hindi-English code-mixing, and avoid unnecessary English-only or Hindi-only rewriting.

Source utterance:
Jab tak 5 Million nahi hota apun nahi jayega VIEWERS CHOICE UMAR RIAZ",Jab tak 5 Million nahi hota apun nahi jayega VIEWERS CHOICE UMAR RIAZ
90,4554,"Respond naturally to the following real Hinglish dataset utterance. Preserve the intended meaning, use natural Hindi-English code-mixing, and avoid unnecessary English-only or Hindi-only rewriting.

Source utterance:
abhi duniya me kuch bhi ho to modi ka nam lena. agar kisi ka parivar me bhi kuch hua to bhi. jisne vi esi rasta pakda usko mubarak.",abhi duniya me kuch bhi ho to modi ka nam lena. agar kisi ka parivar me bhi kuch hua to bhi. jisne vi esi rasta pakda usko mubarak.
91,7428,"Respond naturally to the following real Hinglish dataset utterance. Preserve the intended meaning, use natural Hindi-English code-mixing, and avoid unnecessary English-only or Hindi-only rewriting.

Source utterance:
Are kaahe paresan ho naam hm hi ek lesson padha de unhe 😂😂😂",Are kaahe paresan ho naam hm hi ek lesson padha de unhe 😂😂😂
92,10415,"Respond naturally to the following real Hinglish dataset utterance. Preserve the intended meaning, use natural Hindi-English code-mixing, and avoid unnecessary English-only or Hindi-only rewriting.

Source utterance:
It's like rescued her friend Jeanne in 2. I hope the little guy gets some rest. ^-^",It's like rescued her friend Jeanne in 2. I hope the little guy gets some rest. ^-^
93,13666,"Respond naturally to the following real Hinglish dataset utterance. Preserve the intended meaning, use natural Hindi-English code-mixing, and avoid unnecessary English-only or Hindi-only rewriting.

Source utterance:
Nike ta grand mre cest m©rit©",Nike ta grand mre cest m©rit©
94,5977,"Respond naturally to the following real Hinglish dataset utterance. Preserve the intended meaning, use natural Hindi-English code-mixing, and avoid unnecessary English-only or Hindi-only rewriting.

Source utterance:
shamita chachi please umar ke alawa bhi kuch bol do bigg boss mein. evict simba now",shamita chachi please umar ke alawa bhi kuch bol do bigg boss mein. evict simba now
95,2664,"Respond naturally to the following real Hinglish dataset utterance. Preserve the intended meaning, use natural Hindi-English code-mixing, and avoid unnecessary English-only or Hindi-only rewriting.

Source utterance:
Guru Talks Boxing Press Release &amp; Why I'm Bullish",Guru Talks Boxing Press Release &amp; Why I'm Bullish
96,6065,"Respond naturally to the following real Hinglish dataset utterance. Preserve the intended meaning, use natural Hindi-English code-mixing, and avoid unnecessary English-only or Hindi-only rewriting.

Source utterance:
female toti kaun thi woh toti jiske saath gulu gulu kar rahe the male tota sab bataata hoon baba pehle tu shaant ho jaa",female toti kaun thi woh toti jiske saath gulu gulu kar rahe the male tota sab bataata hoon baba pehle tu shaant ho jaa
97,5820,"Respond naturally to the following real Hinglish dataset utterance. Preserve the intended meaning, use natural Hindi-English code-mixing, and avoid unnecessary English-only or Hindi-only rewriting.

Source utterance:
hello frands.. isne kha lia hai.. iske liye dua karo. janta ka vip karan",hello frands.. isne kha lia hai.. iske liye dua karo. janta ka vip karan
98,3432,"Respond naturally to the following real Hinglish dataset utterance. Preserve the intended meaning, use natural Hindi-English code-mixing, and avoid unnecessary English-only or Hindi-only rewriting.

Source utterance:
🤣😭🤣bhai apne ko..genuine",🤣😭🤣bhai apne ko..genuine
99,10980,"Respond naturally to the following real Hinglish dataset utterance. Preserve the intended meaning, use natural Hindi-English code-mixing, and avoid unnecessary English-only or Hindi-only rewriting.

Source utterance:
fire crackers totally banned karde na pura india mai agar crackers se itna hi air pollution hota hai toh. lekin tujh jaise l*du ki time pe hi active hoge.",fire crackers totally banned karde na pura india mai agar crackers se itna hi air pollution hota hai toh. lekin tujh jaise l*du ki time pe hi active hoge.
100,4374,"Respond naturally to the following real Hinglish dataset utterance. Preserve the intended meaning, use natural Hindi-English code-mixing, and avoid unnecessary English-only or Hindi-only rewriting.

Source utterance:
I was not tested but I had all symptoms darr ke maare 15 din baad report nikali doc said isko hoke gaya hoga 😂😂😂",I was not tested but I had all symptoms darr ke maare 15 din baad report nikali doc said isko hoke gaya hoga 😂😂😂
101,11498,"Respond naturally to the following real Hinglish dataset utterance. Preserve the intended meaning, use natural Hindi-English code-mixing, and avoid unnecessary English-only or Hindi-only rewriting.

Source utterance:
what is the meaning for credibility of institution, when institutions acts according to the scripted political gain games. its not just the matter of aryan khan only, its a matter of fear for everyone since judiciary and bureaucracy become puppets of politics","what is the meaning for credibility of institution, when institutions acts according to the scripted political gain games. its not just the matter of aryan khan only, its a matter of fear for everyone since judiciary and bureaucracy become puppets of politics"
102,11199,"Respond naturally to the following real Hinglish dataset utterance. Preserve the intended meaning, use natural Hindi-English code-mixing, and avoid unnecessary English-only or Hindi-only rewriting.

Source utterance:
Aur phir Democracy aa gai...??? Khaao aur khaney do and kahta hy to lagtaa bhi to hy. Kaa daur ho gya.",Aur phir Democracy aa gai...??? Khaao aur khaney do and kahta hy to lagtaa bhi to hy. Kaa daur ho gya.
103,10617,"Respond naturally to the following real Hinglish dataset utterance. Preserve the intended meaning, use natural Hindi-English code-mixing, and avoid unnecessary English-only or Hindi-only rewriting.

Source utterance:
india 12 baar wc mein bhi mara hey wo bhul gaya kya be",india 12 baar wc mein bhi mara hey wo bhul gaya kya be
104,1169,"Respond naturally to the following real Hinglish dataset utterance. Preserve the intended meaning, use natural Hindi-English code-mixing, and avoid unnecessary English-only or Hindi-only rewriting.

Source utterance:
es year bill pesh he nahi hoga as usual pehle hota aaya hai jese",es year bill pesh he nahi hoga as usual pehle hota aaya hai jese
105,9980,"Respond naturally to the following real Hinglish dataset utterance. Preserve the intended meaning, use natural Hindi-English code-mixing, and avoid unnecessary English-only or Hindi-only rewriting.

Source utterance:
sb retweets n like krte follow kyun nhi krte please make sure to follow everyone in together we will be stronger i will give follow back to everyone captain umar ka raaj",sb retweets n like krte follow kyun nhi krte please make sure to follow everyone in together we will be stronger i will give follow back to everyone captain umar ka raaj
106,10403,"Respond naturally to the following real Hinglish dataset utterance. Preserve the intended meaning, use natural Hindi-English code-mixing, and avoid unnecessary English-only or Hindi-only rewriting.

Source utterance:
sab ke hath mein hota hai, price badana aur kam karna, logo ko bewkoof banate rehte, sab ghatiya politics sirf apne fayade ke liye, janta jaye bhaad","sab ke hath mein hota hai, price badana aur kam karna, logo ko bewkoof banate rehte, sab ghatiya politics sirf apne fayade ke liye, janta jaye bhaad"
107,2803,"Respond naturally to the following real Hinglish dataset utterance. Preserve the intended meaning, use natural Hindi-English code-mixing, and avoid unnecessary English-only or Hindi-only rewriting.

Source utterance:
atleast bengaluru ki baarish bich mei rukti to hai kabhi",atleast bengaluru ki baarish bich mei rukti to hai kabhi
108,8751,"Respond naturally to the following real Hinglish dataset utterance. Preserve the intended meaning, use natural Hindi-English code-mixing, and avoid unnecessary English-only or Hindi-only rewriting.

Source utterance:
i only felt bad for his eviction banda jaate jaate bhi hasa ke gaya. love you cutest gonna miss you so much 🥺❤",i only felt bad for his eviction banda jaate jaate bhi hasa ke gaya. love you cutest gonna miss you so much 🥺❤
109,11946,"Respond naturally to the following real Hinglish dataset utterance. Preserve the intended meaning, use natural Hindi-English code-mixing, and avoid unnecessary English-only or Hindi-only rewriting.

Source utterance:
ssr: mujhe bhool gaye kya? toh phir itne kam log tweet kyun karte hain abb? sushant the braveheart",ssr: mujhe bhool gaye kya? toh phir itne kam log tweet kyun karte hain abb? sushant the braveheart
110,4010,"Respond naturally to the following real Hinglish dataset utterance. Preserve the intended meaning, use natural Hindi-English code-mixing, and avoid unnecessary English-only or Hindi-only rewriting.

Source utterance:
YouTube pe abhi bhi show nahi kar raha hai... Channel..I hope jald hi sab thik ho jaye...hum sab ki hai ayaan sir ke sath.",YouTube pe abhi bhi show nahi kar raha hai... Channel..I hope jald hi sab thik ho jaye...hum sab ki hai ayaan sir ke sath.
111,2677,"Respond naturally to the following real Hinglish dataset utterance. Preserve the intended meaning, use natural Hindi-English code-mixing, and avoid unnecessary English-only or Hindi-only rewriting.

Source utterance:
Convinient wali dosti todna hi sahi hai!",Convinient wali dosti todna hi sahi hai!
112,7573,"Respond naturally to the following real Hinglish dataset utterance. Preserve the intended meaning, use natural Hindi-English code-mixing, and avoid unnecessary English-only or Hindi-only rewriting.

Source utterance:
Te amo mucho. 💕",Te amo mucho. 💕
113,6216,"Respond naturally to the following real Hinglish dataset utterance. Preserve the intended meaning, use natural Hindi-English code-mixing, and avoid unnecessary English-only or Hindi-only rewriting.

Source utterance:
Morning lovely knitting guru",Morning lovely knitting guru
114,4422,"Respond naturally to the following real Hinglish dataset utterance. Preserve the intended meaning, use natural Hindi-English code-mixing, and avoid unnecessary English-only or Hindi-only rewriting.

Source utterance:
sani khan dn",sani khan dn
115,10485,"Respond naturally to the following real Hinglish dataset utterance. Preserve the intended meaning, use natural Hindi-English code-mixing, and avoid unnecessary English-only or Hindi-only rewriting.

Source utterance:
thank you for all the memories my idol , my inspiration and the one for whom i watch cricket❤ 👑 we all believe in you and hopefully, you will give your fans many more reasons to smile and keep loving you. love you a lot and wish you the happiest birthday💞👑.","thank you for all the memories my idol , my inspiration and the one for whom i watch cricket❤ 👑 we all believe in you and hopefully, you will give your fans many more reasons to smile and keep loving you. love you a lot and wish you the happiest birthday💞👑."
116,11274,"Respond naturally to the following real Hinglish dataset utterance. Preserve the intended meaning, use natural Hindi-English code-mixing, and avoid unnecessary English-only or Hindi-only rewriting.

Source utterance:
Bhai Tujhe overall kya hota hai pata hai ?",Bhai Tujhe overall kya hota hai pata hai ?
117,9125,"Respond naturally to the following real Hinglish dataset utterance. Preserve the intended meaning, use natural Hindi-English code-mixing, and avoid unnecessary English-only or Hindi-only rewriting.

Source utterance:
sorry bhai ab ye tera headache hai ashish bhai aise number bata diya hai, ab raat ko khud ko kaise roku aapko call karne se","sorry bhai ab ye tera headache hai ashish bhai aise number bata diya hai, ab raat ko khud ko kaise roku aapko call karne se"
118,3598,"Respond naturally to the following real Hinglish dataset utterance. Preserve the intended meaning, use natural Hindi-English code-mixing, and avoid unnecessary English-only or Hindi-only rewriting.

Source utterance:
Didi kuch matlab ka tweet karo yr godi",Didi kuch matlab ka tweet karo yr godi
119,11216,"Respond naturally to the following real Hinglish dataset utterance. Preserve the intended meaning, use natural Hindi-English code-mixing, and avoid unnecessary English-only or Hindi-only rewriting.

Source utterance:
guy's mujhe follow karo mere 500 followers before mega trend. nation demands pratik",guy's mujhe follow karo mere 500 followers before mega trend. nation demands pratik
120,5313,"Respond naturally to the following real Hinglish dataset utterance. Preserve the intended meaning, use natural Hindi-English code-mixing, and avoid unnecessary English-only or Hindi-only rewriting.

Source utterance:
one month without tere naam se mohabbat ki hai, tere ehsaas se mohabbat ki hai, tum mere pass nahi phir bhi, tumhari yaad se mohabbat ki hai, tum se milna to ek khwab sa lagta hai, maine tumhare intezar se mohabbat ki hai........","one month without tere naam se mohabbat ki hai, tere ehsaas se mohabbat ki hai, tum mere pass nahi phir bhi, tumhari yaad se mohabbat ki hai, tum se milna to ek khwab sa lagta hai, maine tumhare intezar se mohabbat ki hai........"
121,13809,"Respond naturally to the following real Hinglish dataset utterance. Preserve the intended meaning, use natural Hindi-English code-mixing, and avoid unnecessary English-only or Hindi-only rewriting.

Source utterance:
Pehle tu yeh bata .. tu kaise bana ?",Pehle tu yeh bata .. tu kaise bana ?
122,12588,"Respond naturally to the following real Hinglish dataset utterance. Preserve the intended meaning, use natural Hindi-English code-mixing, and avoid unnecessary English-only or Hindi-only rewriting.

Source utterance:
prem aur niswarth hota h wala jaise word ki koi jagah nhi",prem aur niswarth hota h wala jaise word ki koi jagah nhi
123,12713,"Respond naturally to the following real Hinglish dataset utterance. Preserve the intended meaning, use natural Hindi-English code-mixing, and avoid unnecessary English-only or Hindi-only rewriting.

Source utterance:
bg con la mia vita",bg con la mia vita
124,916,"Respond naturally to the following real Hinglish dataset utterance. Preserve the intended meaning, use natural Hindi-English code-mixing, and avoid unnecessary English-only or Hindi-only rewriting.

Source utterance:
Sir good evening. Mai amar raja mai 813 Rs ke rate mai le kar rakha hai. To sir kya karna chahia. Mai 633 tak hold kar sakta hu. Aap ke dekhe video ke hissab se, mujhe strong support lag raha hai.","Sir good evening. Mai amar raja mai 813 Rs ke rate mai le kar rakha hai. To sir kya karna chahia. Mai 633 tak hold kar sakta hu. Aap ke dekhe video ke hissab se, mujhe strong support lag raha hai."
125,3752,"Respond naturally to the following real Hinglish dataset utterance. Preserve the intended meaning, use natural Hindi-English code-mixing, and avoid unnecessary English-only or Hindi-only rewriting.

Source utterance:
Roti ki hi baat ho rahi hain na k case me? 😂",Roti ki hi baat ho rahi hain na k case me? 😂
126,13464,"Respond naturally to the following real Hinglish dataset utterance. Preserve the intended meaning, use natural Hindi-English code-mixing, and avoid unnecessary English-only or Hindi-only rewriting.

Source utterance:
Mein bhi jaungi, apne birthday wale din 👉👈, unhe gift Dene unke birthday per jaate he per mein wishes lene sunke ghar jaungi 😂😂","Mein bhi jaungi, apne birthday wale din 👉👈, unhe gift Dene unke birthday per jaate he per mein wishes lene sunke ghar jaungi 😂😂"
127,525,"Respond naturally to the following real Hinglish dataset utterance. Preserve the intended meaning, use natural Hindi-English code-mixing, and avoid unnecessary English-only or Hindi-only rewriting.

Source utterance:
Are bro aapka swagat hai Kaha the itne din Aapne abhi tak hume follow nahi kiya 😁 Woh soon kabhi aaya hi nahi",Are bro aapka swagat hai Kaha the itne din Aapne abhi tak hume follow nahi kiya 😁 Woh soon kabhi aaya hi nahi
128,13189,"Respond naturally to the following real Hinglish dataset utterance. Preserve the intended meaning, use natural Hindi-English code-mixing, and avoid unnecessary English-only or Hindi-only rewriting.

Source utterance:
Seriously etna hate.... haad he ha tum logo ki...",Seriously etna hate.... haad he ha tum logo ki...
129,5168,"Respond naturally to the following real Hinglish dataset utterance. Preserve the intended meaning, use natural Hindi-English code-mixing, and avoid unnecessary English-only or Hindi-only rewriting.

Source utterance:
Behen mei bahot Kum logon ko follow karti only to keep sanity on my TL, but kahin na kahin se aa hi jata hai aankhon ke samney.","Behen mei bahot Kum logon ko follow karti only to keep sanity on my TL, but kahin na kahin se aa hi jata hai aankhon ke samney."
130,6572,"Respond naturally to the following real Hinglish dataset utterance. Preserve the intended meaning, use natural Hindi-English code-mixing, and avoid unnecessary English-only or Hindi-only rewriting.

Source utterance:
Sharam karo..ye majority hai jo aisa krti it is backed by ruling govt not ur 2-4 people..Owaisi ne kab kaha ko khatam karo ya maar dalo.. Tum jaise logun ki wajah se ye logh aisa hain.. Tum logh jo silent devils bethe hue ho never raising voice against these ppl",Sharam karo..ye majority hai jo aisa krti it is backed by ruling govt not ur 2-4 people..Owaisi ne kab kaha ko khatam karo ya maar dalo.. Tum jaise logun ki wajah se ye logh aisa hain.. Tum logh jo silent devils bethe hue ho never raising voice against these ppl
131,4386,"Respond naturally to the following real Hinglish dataset utterance. Preserve the intended meaning, use natural Hindi-English code-mixing, and avoid unnecessary English-only or Hindi-only rewriting.

Source utterance:
Mere bhai h Nam Nam bhai",Mere bhai h Nam Nam bhai
132,1084,"Respond naturally to the following real Hinglish dataset utterance. Preserve the intended meaning, use natural Hindi-English code-mixing, and avoid unnecessary English-only or Hindi-only rewriting.

Source utterance:
😄 🤣 😂 kaise kaise naam hain letters to cbi cji 4 ssr ⚖",😄 🤣 😂 kaise kaise naam hain letters to cbi cji 4 ssr ⚖
133,3456,"Respond naturally to the following real Hinglish dataset utterance. Preserve the intended meaning, use natural Hindi-English code-mixing, and avoid unnecessary English-only or Hindi-only rewriting.

Source utterance:
she rocks. behen kiski hai. credit chor : 😀",she rocks. behen kiski hai. credit chor : 😀
134,9292,"Respond naturally to the following real Hinglish dataset utterance. Preserve the intended meaning, use natural Hindi-English code-mixing, and avoid unnecessary English-only or Hindi-only rewriting.

Source utterance:
Kk: tere saamne lassi nehi hona,dunia ke saamne ho jaunga TOGETHER FOREVER","Kk: tere saamne lassi nehi hona,dunia ke saamne ho jaunga TOGETHER FOREVER"
135,14358,"Respond naturally to the following real Hinglish dataset utterance. Preserve the intended meaning, use natural Hindi-English code-mixing, and avoid unnecessary English-only or Hindi-only rewriting.

Source utterance:
stadium contraction mamla he bahut banaye ja award khiladi ka hunar hota he jo unke ke nam ka hona chahiye",stadium contraction mamla he bahut banaye ja award khiladi ka hunar hota he jo unke ke nam ka hona chahiye
136,11762,"Respond naturally to the following real Hinglish dataset utterance. Preserve the intended meaning, use natural Hindi-English code-mixing, and avoid unnecessary English-only or Hindi-only rewriting.

Source utterance:
aap logon ko pata hai ye spam gang kya hota ye kis baare mein baat ho rahi 😔",aap logon ko pata hai ye spam gang kya hota ye kis baare mein baat ho rahi 😔
137,5155,"Respond naturally to the following real Hinglish dataset utterance. Preserve the intended meaning, use natural Hindi-English code-mixing, and avoid unnecessary English-only or Hindi-only rewriting.

Source utterance:
Apni wife ya behen ki pic laga le aur rhe, yeh sab harkat 😠","Apni wife ya behen ki pic laga le aur rhe, yeh sab harkat 😠"
138,3483,"Respond naturally to the following real Hinglish dataset utterance. Preserve the intended meaning, use natural Hindi-English code-mixing, and avoid unnecessary English-only or Hindi-only rewriting.

Source utterance:
home minister meet us hashtag: else exodus of mass indian talent!!! must tag:",home minister meet us hashtag: else exodus of mass indian talent!!! must tag:
139,10738,"Respond naturally to the following real Hinglish dataset utterance. Preserve the intended meaning, use natural Hindi-English code-mixing, and avoid unnecessary English-only or Hindi-only rewriting.

Source utterance:
yeh to kuch bhi nahi abdul doodh nikaalne mein gold medal jeet gaya kiska bull ka sunanda",yeh to kuch bhi nahi abdul doodh nikaalne mein gold medal jeet gaya kiska bull ka sunanda
140,8179,"Respond naturally to the following real Hinglish dataset utterance. Preserve the intended meaning, use natural Hindi-English code-mixing, and avoid unnecessary English-only or Hindi-only rewriting.

Source utterance:
5 years of ae dil hai mushkil ✨🤍",5 years of ae dil hai mushkil ✨🤍
141,6482,"Respond naturally to the following real Hinglish dataset utterance. Preserve the intended meaning, use natural Hindi-English code-mixing, and avoid unnecessary English-only or Hindi-only rewriting.

Source utterance:
o bhai gufa putra kahe... Jinke ghar khud ke ho vo dusro ke ungli ni kiya karte",o bhai gufa putra kahe... Jinke ghar khud ke ho vo dusro ke ungli ni kiya karte
142,14494,"Respond naturally to the following real Hinglish dataset utterance. Preserve the intended meaning, use natural Hindi-English code-mixing, and avoid unnecessary English-only or Hindi-only rewriting.

Source utterance:
i m confused whether it was sidharth or vikas par vikas ke liye bhi bolna sahi nahi tha amp that too dragging manisha s name everytime gossip insaan chhupke karta hai par wo clip upload karti aly ne kyu is vikas s friend still she gossips about him wow",i m confused whether it was sidharth or vikas par vikas ke liye bhi bolna sahi nahi tha amp that too dragging manisha s name everytime gossip insaan chhupke karta hai par wo clip upload karti aly ne kyu is vikas s friend still she gossips about him wow
143,10532,"Respond naturally to the following real Hinglish dataset utterance. Preserve the intended meaning, use natural Hindi-English code-mixing, and avoid unnecessary English-only or Hindi-only rewriting.

Source utterance:
. meanwhile the us its accumulation of a global database of every individual's genetics linked to their political assuations, assets and geolocation history. the usa isn't a nation, it's a mirage of democracy and freedom. and we are locked-in with them...",". meanwhile the us its accumulation of a global database of every individual's genetics linked to their political assuations, assets and geolocation history. the usa isn't a nation, it's a mirage of democracy and freedom. and we are locked-in with them..."
144,7517,"Respond naturally to the following real Hinglish dataset utterance. Preserve the intended meaning, use natural Hindi-English code-mixing, and avoid unnecessary English-only or Hindi-only rewriting.

Source utterance:
target esa set krna k koi pahunch hi na paye hum tak viewers choice pratik",target esa set krna k koi pahunch hi na paye hum tak viewers choice pratik
145,2340,"Respond naturally to the following real Hinglish dataset utterance. Preserve the intended meaning, use natural Hindi-English code-mixing, and avoid unnecessary English-only or Hindi-only rewriting.

Source utterance:
Bandhan Bank Loan Kaise Le : ? - Bandhan Bank Personal Loan Apply Online",Bandhan Bank Loan Kaise Le : ? - Bandhan Bank Personal Loan Apply Online
146,4339,"Respond naturally to the following real Hinglish dataset utterance. Preserve the intended meaning, use natural Hindi-English code-mixing, and avoid unnecessary English-only or Hindi-only rewriting.

Source utterance:
Ek hi tweet ko repeat phir repeat mujhe nhi lagta tum sarkari naukari bhi karte ho 😝😝",Ek hi tweet ko repeat phir repeat mujhe nhi lagta tum sarkari naukari bhi karte ho 😝😝
147,2287,"Respond naturally to the following real Hinglish dataset utterance. Preserve the intended meaning, use natural Hindi-English code-mixing, and avoid unnecessary English-only or Hindi-only rewriting.

Source utterance:
I ain't gonna double text her. Hoor ki pari nahi hai koi jo itna attitude leke hai.",I ain't gonna double text her. Hoor ki pari nahi hai koi jo itna attitude leke hai.
148,4040,"Respond naturally to the following real Hinglish dataset utterance. Preserve the intended meaning, use natural Hindi-English code-mixing, and avoid unnecessary English-only or Hindi-only rewriting.

Source utterance:
free me waise hi jaise china se used sanitary pads bras panties etc ke masks mil jaate hain",free me waise hi jaise china se used sanitary pads bras panties etc ke masks mil jaate hain
149,12205,"Respond naturally to the following real Hinglish dataset utterance. Preserve the intended meaning, use natural Hindi-English code-mixing, and avoid unnecessary English-only or Hindi-only rewriting.

Source utterance:
varun verma ab jab dil hi me hain, toh apne dil ke pas jaane se koi kaise rok sakta hai? ❤ my every drive with the reminds me to keep seeking new adventures. i live to the fullest. so what are you waiting for? .","varun verma ab jab dil hi me hain, toh apne dil ke pas jaane se koi kaise rok sakta hai? ❤ my every drive with the reminds me to keep seeking new adventures. i live to the fullest. so what are you waiting for? ."
150,9197,"Respond naturally to the following real Hinglish dataset utterance. Preserve the intended meaning, use natural Hindi-English code-mixing, and avoid unnecessary English-only or Hindi-only rewriting.

Source utterance:
bs lhr lhr ay phir",bs lhr lhr ay phir
151,8830,"Respond naturally to the following real Hinglish dataset utterance. Preserve the intended meaning, use natural Hindi-English code-mixing, and avoid unnecessary English-only or Hindi-only rewriting.

Source utterance:
Dekho ji three steps hone chahiye.pahle mulakat fir baat aur jarurat hai to lat.. tabhi sudhar sanskaar aur samachar such aayega",Dekho ji three steps hone chahiye.pahle mulakat fir baat aur jarurat hai to lat.. tabhi sudhar sanskaar aur samachar such aayega
152,4304,"Respond naturally to the following real Hinglish dataset utterance. Preserve the intended meaning, use natural Hindi-English code-mixing, and avoid unnecessary English-only or Hindi-only rewriting.

Source utterance:
tum ye to shi se jante hi honge ki , teachers selection ki process ke rules banane ka kaam n.c.t.e ka hai to use kaise bta skte ho tum","tum ye to shi se jante hi honge ki , teachers selection ki process ke rules banane ka kaam n.c.t.e ka hai to use kaise bta skte ho tum"
153,12239,"Respond naturally to the following real Hinglish dataset utterance. Preserve the intended meaning, use natural Hindi-English code-mixing, and avoid unnecessary English-only or Hindi-only rewriting.

Source utterance:
kyun mosque mein jagah nahin hain population ka issue ho gaa na nahin toh bahar se aaye honge",kyun mosque mein jagah nahin hain population ka issue ho gaa na nahin toh bahar se aaye honge
154,9577,"Respond naturally to the following real Hinglish dataset utterance. Preserve the intended meaning, use natural Hindi-English code-mixing, and avoid unnecessary English-only or Hindi-only rewriting.

Source utterance:
arey mujhe toh pata hi nahi tha ki aaj subha subha itne bade bade handle wale amir logo vartalap kar rahe hai... jai ho prabhu... jai hind🇮🇳 it's all 🙃sarcasm relax...",arey mujhe toh pata hi nahi tha ki aaj subha subha itne bade bade handle wale amir logo vartalap kar rahe hai... jai ho prabhu... jai hind🇮🇳 it's all 🙃sarcasm relax...
155,7019,"Respond naturally to the following real Hinglish dataset utterance. Preserve the intended meaning, use natural Hindi-English code-mixing, and avoid unnecessary English-only or Hindi-only rewriting.

Source utterance:
hi kaise ho aap.",hi kaise ho aap.
156,9560,"Respond naturally to the following real Hinglish dataset utterance. Preserve the intended meaning, use natural Hindi-English code-mixing, and avoid unnecessary English-only or Hindi-only rewriting.

Source utterance:
ap chaly jao india wesy hi ap ka jism pak mn or dil india mn hota h . hue ho,ak hi jagah ho jao","ap chaly jao india wesy hi ap ka jism pak mn or dil india mn hota h . hue ho,ak hi jagah ho jao"
157,6543,"Respond naturally to the following real Hinglish dataset utterance. Preserve the intended meaning, use natural Hindi-English code-mixing, and avoid unnecessary English-only or Hindi-only rewriting.

Source utterance:
bhai demography change hota rehta hai, its too early to say that. although he's planning those things, who pakka hai","bhai demography change hota rehta hai, its too early to say that. although he's planning those things, who pakka hai"
158,5930,"Respond naturally to the following real Hinglish dataset utterance. Preserve the intended meaning, use natural Hindi-English code-mixing, and avoid unnecessary English-only or Hindi-only rewriting.

Source utterance:
asi gf rakhty e nahi oh soory gf e nhi rakhty ***",asi gf rakhty e nahi oh soory gf e nhi rakhty ***
159,3593,"Respond naturally to the following real Hinglish dataset utterance. Preserve the intended meaning, use natural Hindi-English code-mixing, and avoid unnecessary English-only or Hindi-only rewriting.

Source utterance:
bhai mera account logout ho gya tha pata nhi q jub mai login kia to mere jinko follow kia tha wo 0 ho gai the pata mujhe nhi pata but mai follow logo kia hi wo q nhi dikh rhe h i don't know q",bhai mera account logout ho gya tha pata nhi q jub mai login kia to mere jinko follow kia tha wo 0 ho gai the pata mujhe nhi pata but mai follow logo kia hi wo q nhi dikh rhe h i don't know q
160,2266,"Respond naturally to the following real Hinglish dataset utterance. Preserve the intended meaning, use natural Hindi-English code-mixing, and avoid unnecessary English-only or Hindi-only rewriting.

Source utterance:
Me Shia nahi hoo,haq par jo ho ga us ke sath ho,tum log Islam ka face kharab kar rahe ho. Ghulam Mustafa kis ka name hota hai explain karo.","Me Shia nahi hoo,haq par jo ho ga us ke sath ho,tum log Islam ka face kharab kar rahe ho. Ghulam Mustafa kis ka name hota hai explain karo."
161,8348,"Respond naturally to the following real Hinglish dataset utterance. Preserve the intended meaning, use natural Hindi-English code-mixing, and avoid unnecessary English-only or Hindi-only rewriting.

Source utterance:
Abe ye sabse best hai ab tak ka na kabhi bulaya ja sakta na kabhi or kuch ho sakta",Abe ye sabse best hai ab tak ka na kabhi bulaya ja sakta na kabhi or kuch ho sakta
162,8085,"Respond naturally to the following real Hinglish dataset utterance. Preserve the intended meaning, use natural Hindi-English code-mixing, and avoid unnecessary English-only or Hindi-only rewriting.

Source utterance:
Aise bakwas khabar ke liye follow nahi kia hu... maintain your quality",Aise bakwas khabar ke liye follow nahi kia hu... maintain your quality
163,1489,"Respond naturally to the following real Hinglish dataset utterance. Preserve the intended meaning, use natural Hindi-English code-mixing, and avoid unnecessary English-only or Hindi-only rewriting.

Source utterance:
movie mein to hota hai 🤣",movie mein to hota hai 🤣
164,12382,"Respond naturally to the following real Hinglish dataset utterance. Preserve the intended meaning, use natural Hindi-English code-mixing, and avoid unnecessary English-only or Hindi-only rewriting.

Source utterance:
Kya fayda station pr abhi bhi band hai...",Kya fayda station pr abhi bhi band hai...
165,771,"Respond naturally to the following real Hinglish dataset utterance. Preserve the intended meaning, use natural Hindi-English code-mixing, and avoid unnecessary English-only or Hindi-only rewriting.

Source utterance:
sanghi ne pakistani ke saamne medal jeeta ki jaali soo satisfying",sanghi ne pakistani ke saamne medal jeeta ki jaali soo satisfying
166,14108,"Respond naturally to the following real Hinglish dataset utterance. Preserve the intended meaning, use natural Hindi-English code-mixing, and avoid unnecessary English-only or Hindi-only rewriting.

Source utterance:
chutiya!!!!!! Pass karna",chutiya!!!!!! Pass karna
167,1796,"Respond naturally to the following real Hinglish dataset utterance. Preserve the intended meaning, use natural Hindi-English code-mixing, and avoid unnecessary English-only or Hindi-only rewriting.

Source utterance:
Electricity pe choot de ke..lorey ka iron brother..",Electricity pe choot de ke..lorey ka iron brother..
168,2504,"Respond naturally to the following real Hinglish dataset utterance. Preserve the intended meaning, use natural Hindi-English code-mixing, and avoid unnecessary English-only or Hindi-only rewriting.

Source utterance:
thoda gyaan pls ? ab aap mp kab ayegi haal jane ? waise bjp state pura credit bhi milega ?",thoda gyaan pls ? ab aap mp kab ayegi haal jane ? waise bjp state pura credit bhi milega ?
169,10280,"Respond naturally to the following real Hinglish dataset utterance. Preserve the intended meaning, use natural Hindi-English code-mixing, and avoid unnecessary English-only or Hindi-only rewriting.

Source utterance:
Are bro asim kyu nhi karega release asim sid ka close nhi tha yaar asim ko galat bolna hai bolo but alg cheez pe bolo wo ek week kya ek din k baad bhi release karta song tab bhi kuch galat nhi tha sana sid k close thi toh sana ko bolo ap ki aise tribute kyu Diya",Are bro asim kyu nhi karega release asim sid ka close nhi tha yaar asim ko galat bolna hai bolo but alg cheez pe bolo wo ek week kya ek din k baad bhi release karta song tab bhi kuch galat nhi tha sana sid k close thi toh sana ko bolo ap ki aise tribute kyu Diya
170,2621,"Respond naturally to the following real Hinglish dataset utterance. Preserve the intended meaning, use natural Hindi-English code-mixing, and avoid unnecessary English-only or Hindi-only rewriting.

Source utterance:
Hahahahahaha 😂 but aisa hi hai hamare dost ne b aise hi 90 rupey Hain 😂",Hahahahahaha 😂 but aisa hi hai hamare dost ne b aise hi 90 rupey Hain 😂
171,12977,"Respond naturally to the following real Hinglish dataset utterance. Preserve the intended meaning, use natural Hindi-English code-mixing, and avoid unnecessary English-only or Hindi-only rewriting.

Source utterance:
Arabian country ke log jaitun ko subh mante hey... Accha hey ke ambani Bhai vhi subh mante hey...",Arabian country ke log jaitun ko subh mante hey... Accha hey ke ambani Bhai vhi subh mante hey...
172,11149,"Respond naturally to the following real Hinglish dataset utterance. Preserve the intended meaning, use natural Hindi-English code-mixing, and avoid unnecessary English-only or Hindi-only rewriting.

Source utterance:
hon yr kidar lagai ap ne apni photo",hon yr kidar lagai ap ne apni photo
173,6916,"Respond naturally to the following real Hinglish dataset utterance. Preserve the intended meaning, use natural Hindi-English code-mixing, and avoid unnecessary English-only or Hindi-only rewriting.

Source utterance:
someone : hostel life is best ! me : haan , until jab ghar se vapis hostel jane ke liye niklte waqt maa ki ankho m aansoo nah aaye tab tk hi","someone : hostel life is best ! me : haan , until jab ghar se vapis hostel jane ke liye niklte waqt maa ki ankho m aansoo nah aaye tab tk hi"
174,9771,"Respond naturally to the following real Hinglish dataset utterance. Preserve the intended meaning, use natural Hindi-English code-mixing, and avoid unnecessary English-only or Hindi-only rewriting.

Source utterance:
Shames pond, ne poori conspiracy theory bana li. Poora ecosystem lag gaya ab isko propaganda banane main.","Shames pond, ne poori conspiracy theory bana li. Poora ecosystem lag gaya ab isko propaganda banane main."
175,1040,"Respond naturally to the following real Hinglish dataset utterance. Preserve the intended meaning, use natural Hindi-English code-mixing, and avoid unnecessary English-only or Hindi-only rewriting.

Source utterance:
semi final tu jeet lah😅 phir final ka sochnah😅",semi final tu jeet lah😅 phir final ka sochnah😅
176,6304,"Respond naturally to the following real Hinglish dataset utterance. Preserve the intended meaning, use natural Hindi-English code-mixing, and avoid unnecessary English-only or Hindi-only rewriting.

Source utterance:
they should commit like the did to during delhi elections ya moh bhang ho gaya 😅😅",they should commit like the did to during delhi elections ya moh bhang ho gaya 😅😅
177,6252,"Respond naturally to the following real Hinglish dataset utterance. Preserve the intended meaning, use natural Hindi-English code-mixing, and avoid unnecessary English-only or Hindi-only rewriting.

Source utterance:
their parents trained them well ke bhai india mai jao toh thik se rehna... india vs pak match mai apne emotions hide karke rakhna... n all those stuff their parents to do protect them still they r creating nuisance.",their parents trained them well ke bhai india mai jao toh thik se rehna... india vs pak match mai apne emotions hide karke rakhna... n all those stuff their parents to do protect them still they r creating nuisance.
178,9763,"Respond naturally to the following real Hinglish dataset utterance. Preserve the intended meaning, use natural Hindi-English code-mixing, and avoid unnecessary English-only or Hindi-only rewriting.

Source utterance:
meri actual salary aaj take mere parents ko bhi nahi pata",meri actual salary aaj take mere parents ko bhi nahi pata
179,7668,"Respond naturally to the following real Hinglish dataset utterance. Preserve the intended meaning, use natural Hindi-English code-mixing, and avoid unnecessary English-only or Hindi-only rewriting.

Source utterance:
Accha Highway ka inauguration ise liye gaya hai.. naya highway, naya bil- naya dharna aur phir sal bhar bad wapas 🙄","Accha Highway ka inauguration ise liye gaya hai.. naya highway, naya bil- naya dharna aur phir sal bhar bad wapas 🙄"
180,8669,"Respond naturally to the following real Hinglish dataset utterance. Preserve the intended meaning, use natural Hindi-English code-mixing, and avoid unnecessary English-only or Hindi-only rewriting.

Source utterance:
$AAPL A.I. is making this go up right now. Congrats bulls and shorts should not panic. This is all algo generated. 👉",$AAPL A.I. is making this go up right now. Congrats bulls and shorts should not panic. This is all algo generated. 👉
181,4119,"Respond naturally to the following real Hinglish dataset utterance. Preserve the intended meaning, use natural Hindi-English code-mixing, and avoid unnecessary English-only or Hindi-only rewriting.

Source utterance:
Unke ki Kami hogi to iss desh me Ram naam kaun lega........aapko to se fursat nahi",Unke ki Kami hogi to iss desh me Ram naam kaun lega........aapko to se fursat nahi
182,9064,"Respond naturally to the following real Hinglish dataset utterance. Preserve the intended meaning, use natural Hindi-English code-mixing, and avoid unnecessary English-only or Hindi-only rewriting.

Source utterance:
yeh roz itne acche scenes dikha rahe hai aisa lagta hai jaise writers bhi veer ke marne ka intezaar kar rahe the",yeh roz itne acche scenes dikha rahe hai aisa lagta hai jaise writers bhi veer ke marne ka intezaar kar rahe the
183,14103,"Respond naturally to the following real Hinglish dataset utterance. Preserve the intended meaning, use natural Hindi-English code-mixing, and avoid unnecessary English-only or Hindi-only rewriting.

Source utterance:
as my exams are drawing near best wishes mil skti hain",as my exams are drawing near best wishes mil skti hain
184,188,"Respond naturally to the following real Hinglish dataset utterance. Preserve the intended meaning, use natural Hindi-English code-mixing, and avoid unnecessary English-only or Hindi-only rewriting.

Source utterance:
agreed that even gaurav arya does some propaganda, but isn't most part of it is true? isn't your nation suffering right now? isn't your economy down? also, tell me one industry or product that pakistan specifically has and offers to the world!","agreed that even gaurav arya does some propaganda, but isn't most part of it is true? isn't your nation suffering right now? isn't your economy down? also, tell me one industry or product that pakistan specifically has and offers to the world!"
185,11145,"Respond naturally to the following real Hinglish dataset utterance. Preserve the intended meaning, use natural Hindi-English code-mixing, and avoid unnecessary English-only or Hindi-only rewriting.

Source utterance:
ka kya hua... apne jk mai kisne top kiya ✌",ka kya hua... apne jk mai kisne top kiya ✌
186,11808,"Respond naturally to the following real Hinglish dataset utterance. Preserve the intended meaning, use natural Hindi-English code-mixing, and avoid unnecessary English-only or Hindi-only rewriting.

Source utterance:
ye kab huaa...🤔 seems i missed all fun...😔",ye kab huaa...🤔 seems i missed all fun...😔
187,1876,"Respond naturally to the following real Hinglish dataset utterance. Preserve the intended meaning, use natural Hindi-English code-mixing, and avoid unnecessary English-only or Hindi-only rewriting.

Source utterance:
mi mam har y mi tamales :p",mi mam har y mi tamales :p
188,11169,"Respond naturally to the following real Hinglish dataset utterance. Preserve the intended meaning, use natural Hindi-English code-mixing, and avoid unnecessary English-only or Hindi-only rewriting.

Source utterance:
are mujhe maine pyaar kiya dekhna hota toh main dekh leti na... yeh kya zabardasti dikha rahe ho bb pe",are mujhe maine pyaar kiya dekhna hota toh main dekh leti na... yeh kya zabardasti dikha rahe ho bb pe
189,14496,"Respond naturally to the following real Hinglish dataset utterance. Preserve the intended meaning, use natural Hindi-English code-mixing, and avoid unnecessary English-only or Hindi-only rewriting.

Source utterance:
Ahh ahh 😂😂 I've kab you",Ahh ahh 😂😂 I've kab you
190,8797,"Respond naturally to the following real Hinglish dataset utterance. Preserve the intended meaning, use natural Hindi-English code-mixing, and avoid unnecessary English-only or Hindi-only rewriting.

Source utterance:
jab mulk mein select kiya jata hai to aise hote hain",jab mulk mein select kiya jata hai to aise hote hain
191,12302,"Respond naturally to the following real Hinglish dataset utterance. Preserve the intended meaning, use natural Hindi-English code-mixing, and avoid unnecessary English-only or Hindi-only rewriting.

Source utterance:
Somehow mujhe Erdogan mein sirf dog nazar aata hai",Somehow mujhe Erdogan mein sirf dog nazar aata hai
192,4371,"Respond naturally to the following real Hinglish dataset utterance. Preserve the intended meaning, use natural Hindi-English code-mixing, and avoid unnecessary English-only or Hindi-only rewriting.

Source utterance:
sala mujhe isse hate hona start hoti hai or koi mere munh pe aisa hi koi manzar de marta hai or nhi phir💔💔💔😭😭",sala mujhe isse hate hona start hoti hai or koi mere munh pe aisa hi koi manzar de marta hai or nhi phir💔💔💔😭😭
193,12592,"Respond naturally to the following real Hinglish dataset utterance. Preserve the intended meaning, use natural Hindi-English code-mixing, and avoid unnecessary English-only or Hindi-only rewriting.

Source utterance:
max ek-do saal ke liye hi hoga rohit captain uske baad toh aise bhi new young captain banega rohit fans 👇 ye toh suru hote hi khatam ho gaya bc 🤣🤣🤣🤣",max ek-do saal ke liye hi hoga rohit captain uske baad toh aise bhi new young captain banega rohit fans 👇 ye toh suru hote hi khatam ho gaya bc 🤣🤣🤣🤣
194,10501,"Respond naturally to the following real Hinglish dataset utterance. Preserve the intended meaning, use natural Hindi-English code-mixing, and avoid unnecessary English-only or Hindi-only rewriting.

Source utterance:
yhi to problem ha sb sa bdi sb en logo pr ti ki ha",yhi to problem ha sb sa bdi sb en logo pr ti ki ha
195,5573,"Respond naturally to the following real Hinglish dataset utterance. Preserve the intended meaning, use natural Hindi-English code-mixing, and avoid unnecessary English-only or Hindi-only rewriting.

Source utterance:
Hahahaha yeh wala prank meri behan ke sath do dafa hua Pehle wo Azhar Ali ki fan thi 2 saal fan rahi aik din pata chala ke unke do bache hain 😜 phir rizwan ki fan bani unki abhi tazi tazi he fan bani thi ke unke b bachy nikal aye 😂🤭",Hahahaha yeh wala prank meri behan ke sath do dafa hua Pehle wo Azhar Ali ki fan thi 2 saal fan rahi aik din pata chala ke unke do bache hain 😜 phir rizwan ki fan bani unki abhi tazi tazi he fan bani thi ke unke b bachy nikal aye 😂🤭
196,1827,"Respond naturally to the following real Hinglish dataset utterance. Preserve the intended meaning, use natural Hindi-English code-mixing, and avoid unnecessary English-only or Hindi-only rewriting.

Source utterance:
Mann toh karta hai sab Aunty use karne walo se kahu TERI MAA BHI AUNTY HAI par phir meri upbringing bich mei hai.",Mann toh karta hai sab Aunty use karne walo se kahu TERI MAA BHI AUNTY HAI par phir meri upbringing bich mei hai.
197,4808,"Respond naturally to the following real Hinglish dataset utterance. Preserve the intended meaning, use natural Hindi-English code-mixing, and avoid unnecessary English-only or Hindi-only rewriting.

Source utterance:
ando com a das cara",ando com a das cara
198,7123,"Respond naturally to the following real Hinglish dataset utterance. Preserve the intended meaning, use natural Hindi-English code-mixing, and avoid unnecessary English-only or Hindi-only rewriting.

Source utterance:
usne kab roka.koi galti na karke ja ja kar sorry bolna kiya sahi tha to usne ye mana kiya ki aap jakar sorry maat bolo to galat kiyaaur kk abhi bhi shamita se baat karta hey. kal bhi LF mei baat kar raha tha.umar se uski dosti hey but bishal se uski first day se dosti tha",usne kab roka.koi galti na karke ja ja kar sorry bolna kiya sahi tha to usne ye mana kiya ki aap jakar sorry maat bolo to galat kiyaaur kk abhi bhi shamita se baat karta hey. kal bhi LF mei baat kar raha tha.umar se uski dosti hey but bishal se uski first day se dosti tha
199,2591,"Respond naturally to the following real Hinglish dataset utterance. Preserve the intended meaning, use natural Hindi-English code-mixing, and avoid unnecessary English-only or Hindi-only rewriting.

Source utterance:
inn dono judwa bachcho ko inke judwa uncle ki taraf se pyaar aur sneh",inn dono judwa bachcho ko inke judwa uncle ki taraf se pyaar aur sneh
200,7433,"Respond naturally to the following real Hinglish dataset utterance. Preserve the intended meaning, use natural Hindi-English code-mixing, and avoid unnecessary English-only or Hindi-only rewriting.

Source utterance:
hun yarr i choose dare aur phir bhaag jaati",hun yarr i choose dare aur phir bhaag jaati
201,53,"Respond naturally to the following real Hinglish dataset utterance. Preserve the intended meaning, use natural Hindi-English code-mixing, and avoid unnecessary English-only or Hindi-only rewriting.

Source utterance:
mujhe v bass sushant hi returns chahiye bass usse de do",mujhe v bass sushant hi returns chahiye bass usse de do
202,11830,"Respond naturally to the following real Hinglish dataset utterance. Preserve the intended meaning, use natural Hindi-English code-mixing, and avoid unnecessary English-only or Hindi-only rewriting.

Source utterance:
Guys connecting us to opportunities , Thank You","Guys connecting us to opportunities , Thank You"
203,14349,"Respond naturally to the following real Hinglish dataset utterance. Preserve the intended meaning, use natural Hindi-English code-mixing, and avoid unnecessary English-only or Hindi-only rewriting.

Source utterance:
Abe sbko to bta diya ab kahe ka secret. Us movie ki yaad aa gayi Yahan pe bomb hai kisiko btana nhi",Abe sbko to bta diya ab kahe ka secret. Us movie ki yaad aa gayi Yahan pe bomb hai kisiko btana nhi
204,11791,"Respond naturally to the following real Hinglish dataset utterance. Preserve the intended meaning, use natural Hindi-English code-mixing, and avoid unnecessary English-only or Hindi-only rewriting.

Source utterance:
Khan is unpredictable so suits NO ONE in longrun. Can serve as a punishment to bad boys though. They would have gathered enough against Khan too. Plus his team is not going to be with him at that time. Lets see how convincing he is without media management and monies from atms",Khan is unpredictable so suits NO ONE in longrun. Can serve as a punishment to bad boys though. They would have gathered enough against Khan too. Plus his team is not going to be with him at that time. Lets see how convincing he is without media management and monies from atms
205,4315,"Respond naturally to the following real Hinglish dataset utterance. Preserve the intended meaning, use natural Hindi-English code-mixing, and avoid unnecessary English-only or Hindi-only rewriting.

Source utterance:
Dono apni jagah sahi hai...But the touch of feelings you get with local vendor will become a memory...",Dono apni jagah sahi hai...But the touch of feelings you get with local vendor will become a memory...
206,8201,"Respond naturally to the following real Hinglish dataset utterance. Preserve the intended meaning, use natural Hindi-English code-mixing, and avoid unnecessary English-only or Hindi-only rewriting.

Source utterance:
ki insta twitter jo bi handle kar rahe h ....bai aapko se kya problem h batao .... u ppl posting a video of but u r tagging umar only aisa kyun ???",ki insta twitter jo bi handle kar rahe h ....bai aapko se kya problem h batao .... u ppl posting a video of but u r tagging umar only aisa kyun ???
207,12483,"Respond naturally to the following real Hinglish dataset utterance. Preserve the intended meaning, use natural Hindi-English code-mixing, and avoid unnecessary English-only or Hindi-only rewriting.

Source utterance:
Aap sunna sukhad hota h Lot of",Aap sunna sukhad hota h Lot of
208,2927,"Respond naturally to the following real Hinglish dataset utterance. Preserve the intended meaning, use natural Hindi-English code-mixing, and avoid unnecessary English-only or Hindi-only rewriting.

Source utterance:
Thanku Guru ji for showing right path.",Thanku Guru ji for showing right path.
209,8317,"Respond naturally to the following real Hinglish dataset utterance. Preserve the intended meaning, use natural Hindi-English code-mixing, and avoid unnecessary English-only or Hindi-only rewriting.

Source utterance:
Ye paid tweet mujhe kaise nhi mila 😂",Ye paid tweet mujhe kaise nhi mila 😂
210,1743,"Respond naturally to the following real Hinglish dataset utterance. Preserve the intended meaning, use natural Hindi-English code-mixing, and avoid unnecessary English-only or Hindi-only rewriting.

Source utterance:
Aise police officers ko suspend aur demotion kar dena chahiye.",Aise police officers ko suspend aur demotion kar dena chahiye.
211,14262,"Respond naturally to the following real Hinglish dataset utterance. Preserve the intended meaning, use natural Hindi-English code-mixing, and avoid unnecessary English-only or Hindi-only rewriting.

Source utterance:
Itni haseen hoke bhi single, bad qismat main nahi, app hain. Shukria","Itni haseen hoke bhi single, bad qismat main nahi, app hain. Shukria"
212,10244,"Respond naturally to the following real Hinglish dataset utterance. Preserve the intended meaning, use natural Hindi-English code-mixing, and avoid unnecessary English-only or Hindi-only rewriting.

Source utterance:
Wah kya baat halal food chalega bit non halal food communal ho jayege",Wah kya baat halal food chalega bit non halal food communal ho jayege
213,4889,"Respond naturally to the following real Hinglish dataset utterance. Preserve the intended meaning, use natural Hindi-English code-mixing, and avoid unnecessary English-only or Hindi-only rewriting.

Source utterance:
ha iska gf hai but uska intention sahi hota hai... he never mean that.. he swears.. vo nahi marte... vo nahi karte vo gali nahi dethe vo bullying nahi karthe.. basically he is a mahatma.... samjha...",ha iska gf hai but uska intention sahi hota hai... he never mean that.. he swears.. vo nahi marte... vo nahi karte vo gali nahi dethe vo bullying nahi karthe.. basically he is a mahatma.... samjha...
214,13789,"Respond naturally to the following real Hinglish dataset utterance. Preserve the intended meaning, use natural Hindi-English code-mixing, and avoid unnecessary English-only or Hindi-only rewriting.

Source utterance:
Exam tha.... Aap btao..kaise ho?",Exam tha.... Aap btao..kaise ho?
215,10468,"Respond naturally to the following real Hinglish dataset utterance. Preserve the intended meaning, use natural Hindi-English code-mixing, and avoid unnecessary English-only or Hindi-only rewriting.

Source utterance:
Bhai neha kahan gyi kya unke mobile ka net package khatam ho gaya hai",Bhai neha kahan gyi kya unke mobile ka net package khatam ho gaya hai
216,9977,"Respond naturally to the following real Hinglish dataset utterance. Preserve the intended meaning, use natural Hindi-English code-mixing, and avoid unnecessary English-only or Hindi-only rewriting.

Source utterance:
that's great! but yar kuch log aisa pretend krte h ki jaise unhe bengali ka 'b' tak ni pata, i like alien 👽 😭😂","that's great! but yar kuch log aisa pretend krte h ki jaise unhe bengali ka 'b' tak ni pata, i like alien 👽 😭😂"
217,3258,"Respond naturally to the following real Hinglish dataset utterance. Preserve the intended meaning, use natural Hindi-English code-mixing, and avoid unnecessary English-only or Hindi-only rewriting.

Source utterance:
Dard toh tab hota hai jab aap group chat mein kuch pucho aur koi reply na de.",Dard toh tab hota hai jab aap group chat mein kuch pucho aur koi reply na de.
218,6126,"Respond naturally to the following real Hinglish dataset utterance. Preserve the intended meaning, use natural Hindi-English code-mixing, and avoid unnecessary English-only or Hindi-only rewriting.

Source utterance:
Hm nay hc nn hm qua out sm, cc ng ch hm qua ln trnh by tri try hn cha. Hum qua c g dui hng 🎄","Hm nay hc nn hm qua out sm, cc ng ch hm qua ln trnh by tri try hn cha. Hum qua c g dui hng 🎄"
219,12492,"Respond naturally to the following real Hinglish dataset utterance. Preserve the intended meaning, use natural Hindi-English code-mixing, and avoid unnecessary English-only or Hindi-only rewriting.

Source utterance:
sad to hear about the passing of this talented actress loved her in tamas badhaai ho and my fav shyam benegal s",sad to hear about the passing of this talented actress loved her in tamas badhaai ho and my fav shyam benegal s
220,2646,"Respond naturally to the following real Hinglish dataset utterance. Preserve the intended meaning, use natural Hindi-English code-mixing, and avoid unnecessary English-only or Hindi-only rewriting.

Source utterance:
Bihar me to common hota waise",Bihar me to common hota waise
221,8837,"Respond naturally to the following real Hinglish dataset utterance. Preserve the intended meaning, use natural Hindi-English code-mixing, and avoid unnecessary English-only or Hindi-only rewriting.

Source utterance:
where is he? how is he? i want him.. i need him.. aise kaise woh chup baitha hai?? sidhhhhhhaarrtttthhhhhh.. bol na kuch baba.. please.. 😔💔😔💔",where is he? how is he? i want him.. i need him.. aise kaise woh chup baitha hai?? sidhhhhhhaarrtttthhhhhh.. bol na kuch baba.. please.. 😔💔😔💔
222,12757,"Respond naturally to the following real Hinglish dataset utterance. Preserve the intended meaning, use natural Hindi-English code-mixing, and avoid unnecessary English-only or Hindi-only rewriting.

Source utterance:
matters tu deti aaj mujhe tu punch rhi h",matters tu deti aaj mujhe tu punch rhi h
223,8689,"Respond naturally to the following real Hinglish dataset utterance. Preserve the intended meaning, use natural Hindi-English code-mixing, and avoid unnecessary English-only or Hindi-only rewriting.

Source utterance:
To everyone who is reading my comment, its not for the person who posted, i commented to someone else, he now deleted his comment. Just telling this the guy who posted also thought that its for him and wrote something bad about me and the deleted 😢","To everyone who is reading my comment, its not for the person who posted, i commented to someone else, he now deleted his comment. Just telling this the guy who posted also thought that its for him and wrote something bad about me and the deleted 😢"
224,9,"Respond naturally to the following real Hinglish dataset utterance. Preserve the intended meaning, use natural Hindi-English code-mixing, and avoid unnecessary English-only or Hindi-only rewriting.

Source utterance:
Miraj will always be my captain",Miraj will always be my captain
225,9813,"Respond naturally to the following real Hinglish dataset utterance. Preserve the intended meaning, use natural Hindi-English code-mixing, and avoid unnecessary English-only or Hindi-only rewriting.

Source utterance:
keh do islam se ghatiya koi dharm nai ho sakta is pure galaxy me",keh do islam se ghatiya koi dharm nai ho sakta is pure galaxy me
226,5310,"Respond naturally to the following real Hinglish dataset utterance. Preserve the intended meaning, use natural Hindi-English code-mixing, and avoid unnecessary English-only or Hindi-only rewriting.

Source utterance:
tanjul? bhai math aur physics dono chod di hu sin cos tan energy work joule kuch yaad nahi",tanjul? bhai math aur physics dono chod di hu sin cos tan energy work joule kuch yaad nahi
227,8005,"Respond naturally to the following real Hinglish dataset utterance. Preserve the intended meaning, use natural Hindi-English code-mixing, and avoid unnecessary English-only or Hindi-only rewriting.

Source utterance:
Udhr to me bohot baar ja ke aati abhi 1st se new city shift krungi fir ghumne jaungi goa",Udhr to me bohot baar ja ke aati abhi 1st se new city shift krungi fir ghumne jaungi goa
228,319,"Respond naturally to the following real Hinglish dataset utterance. Preserve the intended meaning, use natural Hindi-English code-mixing, and avoid unnecessary English-only or Hindi-only rewriting.

Source utterance:
dear , i would dm this to you but i am a mere weasel and dont know you well but i just wanted to tell you that you are really cool and a very talented artist and streamer! you're super funny and you like mr worldwide, therefore i like you. you are a 10/10 moot :D","dear , i would dm this to you but i am a mere weasel and dont know you well but i just wanted to tell you that you are really cool and a very talented artist and streamer! you're super funny and you like mr worldwide, therefore i like you. you are a 10/10 moot :D"
229,1832,"Respond naturally to the following real Hinglish dataset utterance. Preserve the intended meaning, use natural Hindi-English code-mixing, and avoid unnecessary English-only or Hindi-only rewriting.

Source utterance:
bachpan se sirf sweet talk wale acche hote h sikhoge toh ye badi hoke yahi karengi r $di r much better than this r$ di",bachpan se sirf sweet talk wale acche hote h sikhoge toh ye badi hoke yahi karengi r $di r much better than this r$ di
230,5947,"Respond naturally to the following real Hinglish dataset utterance. Preserve the intended meaning, use natural Hindi-English code-mixing, and avoid unnecessary English-only or Hindi-only rewriting.

Source utterance:
Qki devo ne karan ko bta diya sayad ki uski family kya chahti h",Qki devo ne karan ko bta diya sayad ki uski family kya chahti h
231,14396,"Respond naturally to the following real Hinglish dataset utterance. Preserve the intended meaning, use natural Hindi-English code-mixing, and avoid unnecessary English-only or Hindi-only rewriting.

Source utterance:
Pa kabar bang... yg menjawab, for each hour it brings something new","Pa kabar bang... yg menjawab, for each hour it brings something new"
232,13626,"Respond naturally to the following real Hinglish dataset utterance. Preserve the intended meaning, use natural Hindi-English code-mixing, and avoid unnecessary English-only or Hindi-only rewriting.

Source utterance:
video upload hua 3 jan ko jisme tera baap bta raha hai ki delhi mein ayushman yojna nahi hai or delhi ki scheme acchi hai 23march ko budget present karte hue ke chat kar saaf karte hue delhi ka fm kehta hai k ayushman yojna ko lagu kar rahe hain😁😁 farak bta chamche✌",video upload hua 3 jan ko jisme tera baap bta raha hai ki delhi mein ayushman yojna nahi hai or delhi ki scheme acchi hai 23march ko budget present karte hue ke chat kar saaf karte hue delhi ka fm kehta hai k ayushman yojna ko lagu kar rahe hain😁😁 farak bta chamche✌
233,13218,"Respond naturally to the following real Hinglish dataset utterance. Preserve the intended meaning, use natural Hindi-English code-mixing, and avoid unnecessary English-only or Hindi-only rewriting.

Source utterance:
With leaders like Modiji, Shahji, Yogiji, Himantaji, the day is not very far 🙏🙏","With leaders like Modiji, Shahji, Yogiji, Himantaji, the day is not very far 🙏🙏"
234,5038,"Respond naturally to the following real Hinglish dataset utterance. Preserve the intended meaning, use natural Hindi-English code-mixing, and avoid unnecessary English-only or Hindi-only rewriting.

Source utterance:
Statutory warning. Saamne aa nahi jana.",Statutory warning. Saamne aa nahi jana.
235,3923,"Respond naturally to the following real Hinglish dataset utterance. Preserve the intended meaning, use natural Hindi-English code-mixing, and avoid unnecessary English-only or Hindi-only rewriting.

Source utterance:
Who will look bad then. They all will say we completed our duty. But only she didn't. Teja ka moral question kiya jayega. Kaun bachaye ga tab. This is a individual game. She will only be questioned.",Who will look bad then. They all will say we completed our duty. But only she didn't. Teja ka moral question kiya jayega. Kaun bachaye ga tab. This is a individual game. She will only be questioned.
236,949,"Respond naturally to the following real Hinglish dataset utterance. Preserve the intended meaning, use natural Hindi-English code-mixing, and avoid unnecessary English-only or Hindi-only rewriting.

Source utterance:
isko jab kuchh nahi milta to hindu muslim yahi policy hai teri janta sab janti hai",isko jab kuchh nahi milta to hindu muslim yahi policy hai teri janta sab janti hai
237,3946,"Respond naturally to the following real Hinglish dataset utterance. Preserve the intended meaning, use natural Hindi-English code-mixing, and avoid unnecessary English-only or Hindi-only rewriting.

Source utterance:
CA ka syllabus aur Maa ka pyaar kabhi khatam nahi hota",CA ka syllabus aur Maa ka pyaar kabhi khatam nahi hota
238,14385,"Respond naturally to the following real Hinglish dataset utterance. Preserve the intended meaning, use natural Hindi-English code-mixing, and avoid unnecessary English-only or Hindi-only rewriting.

Source utterance:
Momin tu victim card ready rakh..Bahut jald zaroorat padegi tujhe.",Momin tu victim card ready rakh..Bahut jald zaroorat padegi tujhe.
239,9295,"Respond naturally to the following real Hinglish dataset utterance. Preserve the intended meaning, use natural Hindi-English code-mixing, and avoid unnecessary English-only or Hindi-only rewriting.

Source utterance:
Usne Apne liye hi nahi usne Karan tak ke liye stand liya hai madam..kaha rhte ho AAP..promos uske khud ke akele pe katte hai...agar dekha jaate to stands Lene me wo Karan se Jada strongly leti hai ar stick leti hai to dusri Ko Michael dikha ke AAP upar nhi uth skte",Usne Apne liye hi nahi usne Karan tak ke liye stand liya hai madam..kaha rhte ho AAP..promos uske khud ke akele pe katte hai...agar dekha jaate to stands Lene me wo Karan se Jada strongly leti hai ar stick leti hai to dusri Ko Michael dikha ke AAP upar nhi uth skte
240,1290,"Respond naturally to the following real Hinglish dataset utterance. Preserve the intended meaning, use natural Hindi-English code-mixing, and avoid unnecessary English-only or Hindi-only rewriting.

Source utterance:
Gratitude Hon Modiji,Yogiji for reviving n restoring Hindu glory, much tarnished,vanquished by anti - Hindu and anti-Bharat forces, both internal and external. Har Har Mahadev- Varanasi Live Shows How Modi Has Rewritten Politics - by Vir Sanghvi - NDTV","Gratitude Hon Modiji,Yogiji for reviving n restoring Hindu glory, much tarnished,vanquished by anti - Hindu and anti-Bharat forces, both internal and external. Har Har Mahadev- Varanasi Live Shows How Modi Has Rewritten Politics - by Vir Sanghvi - NDTV"
241,1403,"Respond naturally to the following real Hinglish dataset utterance. Preserve the intended meaning, use natural Hindi-English code-mixing, and avoid unnecessary English-only or Hindi-only rewriting.

Source utterance:
Bharti k lie andolan kare BTC to thik police ki khaye BTC to thik pr agar apne haq ki baat kare to Ghar baithe lt, TGT, PGT ki vacancies dene k bawjood primary me b chance k lalach me BTC walo ko demotivate krne unhe darane k lie aa jayenge ki debate aur argument ko","Bharti k lie andolan kare BTC to thik police ki khaye BTC to thik pr agar apne haq ki baat kare to Ghar baithe lt, TGT, PGT ki vacancies dene k bawjood primary me b chance k lalach me BTC walo ko demotivate krne unhe darane k lie aa jayenge ki debate aur argument ko"
242,11991,"Respond naturally to the following real Hinglish dataset utterance. Preserve the intended meaning, use natural Hindi-English code-mixing, and avoid unnecessary English-only or Hindi-only rewriting.

Source utterance:
tw knock haan bhai tum bhi aana tumhe bhi de denge party",tw knock haan bhai tum bhi aana tumhe bhi de denge party
243,7962,"Respond naturally to the following real Hinglish dataset utterance. Preserve the intended meaning, use natural Hindi-English code-mixing, and avoid unnecessary English-only or Hindi-only rewriting.

Source utterance:
nay went good acche no me attempt kiya just hope ki cutoff tak pahuche",nay went good acche no me attempt kiya just hope ki cutoff tak pahuche
244,13369,"Respond naturally to the following real Hinglish dataset utterance. Preserve the intended meaning, use natural Hindi-English code-mixing, and avoid unnecessary English-only or Hindi-only rewriting.

Source utterance:
conditions at 12:00am temp -0.9c feels like -3.1c hum 89 winds 4.0 to 12.1mph rain 0.0mm baro 1008.50hpa",conditions at 12:00am temp -0.9c feels like -3.1c hum 89 winds 4.0 to 12.1mph rain 0.0mm baro 1008.50hpa
245,1133,"Respond naturally to the following real Hinglish dataset utterance. Preserve the intended meaning, use natural Hindi-English code-mixing, and avoid unnecessary English-only or Hindi-only rewriting.

Source utterance:
is tarah mike par cheekh cheekh kar ek political agenda ke tahat kaun marry christmas ya hallelujah bolta hai .",is tarah mike par cheekh cheekh kar ek political agenda ke tahat kaun marry christmas ya hallelujah bolta hai .
246,12461,"Respond naturally to the following real Hinglish dataset utterance. Preserve the intended meaning, use natural Hindi-English code-mixing, and avoid unnecessary English-only or Hindi-only rewriting.

Source utterance:
So swiftly eliminated.Daya kuch to gadbad hai",So swiftly eliminated.Daya kuch to gadbad hai
247,8727,"Respond naturally to the following real Hinglish dataset utterance. Preserve the intended meaning, use natural Hindi-English code-mixing, and avoid unnecessary English-only or Hindi-only rewriting.

Source utterance:
phele ingredients toh batao sir vaccine ka? phir toh log lenge",phele ingredients toh batao sir vaccine ka? phir toh log lenge
248,12547,"Respond naturally to the following real Hinglish dataset utterance. Preserve the intended meaning, use natural Hindi-English code-mixing, and avoid unnecessary English-only or Hindi-only rewriting.

Source utterance:
golden words by my chota bhai just made me go rofl! ki pehli muhabbat teacher or akhri muhabbat hospital ki nurse hoti hai 🤣 this is so so so deep 😭🤣😭",golden words by my chota bhai just made me go rofl! ki pehli muhabbat teacher or akhri muhabbat hospital ki nurse hoti hai 🤣 this is so so so deep 😭🤣😭
249,2060,"Respond naturally to the following real Hinglish dataset utterance. Preserve the intended meaning, use natural Hindi-English code-mixing, and avoid unnecessary English-only or Hindi-only rewriting.

Source utterance:
so mr cheater today how much earns via doing fraud with people...ghar me khana pina ka kami to nhi hai.. cheater.. include ur fraud team . sir on from .",so mr cheater today how much earns via doing fraud with people...ghar me khana pina ka kami to nhi hai.. cheater.. include ur fraud team . sir on from .
250,2103,"Respond naturally to the following real Hinglish dataset utterance. Preserve the intended meaning, use natural Hindi-English code-mixing, and avoid unnecessary English-only or Hindi-only rewriting.

Source utterance:
aacha are vaah saare din vrat karoge idhar hamare yaha nahi ja rahi navratri hum chaitra aur badi navratri hi manate hai",aacha are vaah saare din vrat karoge idhar hamare yaha nahi ja rahi navratri hum chaitra aur badi navratri hi manate hai
251,10809,"Respond naturally to the following real Hinglish dataset utterance. Preserve the intended meaning, use natural Hindi-English code-mixing, and avoid unnecessary English-only or Hindi-only rewriting.

Source utterance:
new tagline sab ne le to li na kyuki me aaj late ho gayi ssr removed",new tagline sab ne le to li na kyuki me aaj late ho gayi ssr removed
252,7787,"Respond naturally to the following real Hinglish dataset utterance. Preserve the intended meaning, use natural Hindi-English code-mixing, and avoid unnecessary English-only or Hindi-only rewriting.

Source utterance:
Ye gussa inko tub shobha deta jub... Jayaprada ko lekar khan ne ghatiya baat boli thi... Ye gussa tub acha lagta jub congress ke mantri rape ka maja lene ko bola tha... Ye ek no. ki aurat hai, jub apne parivaar par aayi to kaise paglon ki tarah bol rahi hai... Useless","Ye gussa inko tub shobha deta jub... Jayaprada ko lekar khan ne ghatiya baat boli thi... Ye gussa tub acha lagta jub congress ke mantri rape ka maja lene ko bola tha... Ye ek no. ki aurat hai, jub apne parivaar par aayi to kaise paglon ki tarah bol rahi hai... Useless"
253,9007,"Respond naturally to the following real Hinglish dataset utterance. Preserve the intended meaning, use natural Hindi-English code-mixing, and avoid unnecessary English-only or Hindi-only rewriting.

Source utterance:
Haan thoda problematic hai but aur kya kr skti ho 😅",Haan thoda problematic hai but aur kya kr skti ho 😅
254,2705,"Respond naturally to the following real Hinglish dataset utterance. Preserve the intended meaning, use natural Hindi-English code-mixing, and avoid unnecessary English-only or Hindi-only rewriting.

Source utterance:
😂 is absent ig 😔",😂 is absent ig 😔
255,4342,"Respond naturally to the following real Hinglish dataset utterance. Preserve the intended meaning, use natural Hindi-English code-mixing, and avoid unnecessary English-only or Hindi-only rewriting.

Source utterance:
Kabhi nahi kar sakti. He is very much alive in our hearts forever and ever 💞",Kabhi nahi kar sakti. He is very much alive in our hearts forever and ever 💞
256,8645,"Respond naturally to the following real Hinglish dataset utterance. Preserve the intended meaning, use natural Hindi-English code-mixing, and avoid unnecessary English-only or Hindi-only rewriting.

Source utterance:
04:20 temp: 15.1 pressure: 1017.0 hum: 52% today's rain: 0.0mm wind gust: 13.7 wind av: 8.3 sw",04:20 temp: 15.1 pressure: 1017.0 hum: 52% today's rain: 0.0mm wind gust: 13.7 wind av: 8.3 sw
257,14293,"Respond naturally to the following real Hinglish dataset utterance. Preserve the intended meaning, use natural Hindi-English code-mixing, and avoid unnecessary English-only or Hindi-only rewriting.

Source utterance:
Dawan news wale itna jhoot bolte hen...sahi kia bilkul rangers ne.",Dawan news wale itna jhoot bolte hen...sahi kia bilkul rangers ne.
258,9938,"Respond naturally to the following real Hinglish dataset utterance. Preserve the intended meaning, use natural Hindi-English code-mixing, and avoid unnecessary English-only or Hindi-only rewriting.

Source utterance:
05:58 Temp. 4C, Hum. 96%, Dewp. 3.2C, Bar. 990.7 hpa, Rain Today 2.2000 mm, Wind 231 4.0 km/h","05:58 Temp. 4C, Hum. 96%, Dewp. 3.2C, Bar. 990.7 hpa, Rain Today 2.2000 mm, Wind 231 4.0 km/h"
259,6932,"Respond naturally to the following real Hinglish dataset utterance. Preserve the intended meaning, use natural Hindi-English code-mixing, and avoid unnecessary English-only or Hindi-only rewriting.

Source utterance:
tere❤💕tweet retweet retweet tweet make this a habit.. rising phoenix",tere❤💕tweet retweet retweet tweet make this a habit.. rising phoenix
260,3470,"Respond naturally to the following real Hinglish dataset utterance. Preserve the intended meaning, use natural Hindi-English code-mixing, and avoid unnecessary English-only or Hindi-only rewriting.

Source utterance:
Me muero. Le har las",Me muero. Le har las
261,8835,"Respond naturally to the following real Hinglish dataset utterance. Preserve the intended meaning, use natural Hindi-English code-mixing, and avoid unnecessary English-only or Hindi-only rewriting.

Source utterance:
Ha updated hota raheta hai na Kuch Naya syllabus to Maine bhi nahi sikha to wo main aapki Tweets se sikh leti hu 😜😂😂",Ha updated hota raheta hai na Kuch Naya syllabus to Maine bhi nahi sikha to wo main aapki Tweets se sikh leti hu 😜😂😂
262,12374,"Respond naturally to the following real Hinglish dataset utterance. Preserve the intended meaning, use natural Hindi-English code-mixing, and avoid unnecessary English-only or Hindi-only rewriting.

Source utterance:
heyy mano negra con el Guru no!!",heyy mano negra con el Guru no!!
263,11959,"Respond naturally to the following real Hinglish dataset utterance. Preserve the intended meaning, use natural Hindi-English code-mixing, and avoid unnecessary English-only or Hindi-only rewriting.

Source utterance:
Other; kaam aisa karo k sub tumhe yaad Me; Kaam aise karo ke koi dubara kaam karne ka na bole",Other; kaam aisa karo k sub tumhe yaad Me; Kaam aise karo ke koi dubara kaam karne ka na bole
264,11302,"Respond naturally to the following real Hinglish dataset utterance. Preserve the intended meaning, use natural Hindi-English code-mixing, and avoid unnecessary English-only or Hindi-only rewriting.

Source utterance:
kohli declare kare na kare dravid ko bula lena chahye warna aaj ka record todd dega",kohli declare kare na kare dravid ko bula lena chahye warna aaj ka record todd dega
265,3295,"Respond naturally to the following real Hinglish dataset utterance. Preserve the intended meaning, use natural Hindi-English code-mixing, and avoid unnecessary English-only or Hindi-only rewriting.

Source utterance:
indian dollars nai paisa hota hai bibi",indian dollars nai paisa hota hai bibi
266,11680,"Respond naturally to the following real Hinglish dataset utterance. Preserve the intended meaning, use natural Hindi-English code-mixing, and avoid unnecessary English-only or Hindi-only rewriting.

Source utterance:
to party tujhe chahiye to tujhe mere ghar aana padega na",to party tujhe chahiye to tujhe mere ghar aana padega na
267,5107,"Respond naturally to the following real Hinglish dataset utterance. Preserve the intended meaning, use natural Hindi-English code-mixing, and avoid unnecessary English-only or Hindi-only rewriting.

Source utterance:
no me har dao as? sin hora de 😩",no me har dao as? sin hora de 😩
268,6537,"Respond naturally to the following real Hinglish dataset utterance. Preserve the intended meaning, use natural Hindi-English code-mixing, and avoid unnecessary English-only or Hindi-only rewriting.

Source utterance:
Will C, B, and A mains be available to monthly subscribers of Plus?","Will C, B, and A mains be available to monthly subscribers of Plus?"
269,11004,"Respond naturally to the following real Hinglish dataset utterance. Preserve the intended meaning, use natural Hindi-English code-mixing, and avoid unnecessary English-only or Hindi-only rewriting.

Source utterance:
He's close yes...but remember the episode in 7'llin..idk what ep is that but said in that ep i must be hard to understand.Remember that Not everyone who's closed to you understands you.",He's close yes...but remember the episode in 7'llin..idk what ep is that but said in that ep i must be hard to understand.Remember that Not everyone who's closed to you understands you.
270,6118,"Respond naturally to the following real Hinglish dataset utterance. Preserve the intended meaning, use natural Hindi-English code-mixing, and avoid unnecessary English-only or Hindi-only rewriting.

Source utterance:
ek ghatiya vyakti 19 saal ke ladke ko bol rahi hai d ke liye zeher ghol raha hai kyu....? because he thought to fight back and her thin skin couldn't take it, while she was nowhere to be seen for all the anti s things that were said here.","ek ghatiya vyakti 19 saal ke ladke ko bol rahi hai d ke liye zeher ghol raha hai kyu....? because he thought to fight back and her thin skin couldn't take it, while she was nowhere to be seen for all the anti s things that were said here."
271,7177,"Respond naturally to the following real Hinglish dataset utterance. Preserve the intended meaning, use natural Hindi-English code-mixing, and avoid unnecessary English-only or Hindi-only rewriting.

Source utterance:
So true . Iska har task ka hai jaha kisi ne isko touch kiya wohi iske tears se bb washroom ki ek balti bhar jaati hai. I mean its okay to show emotions par haar baar karne se na fake lagne lagta hai aur phir public sympathy deti h as usual .. 😬",So true . Iska har task ka hai jaha kisi ne isko touch kiya wohi iske tears se bb washroom ki ek balti bhar jaati hai. I mean its okay to show emotions par haar baar karne se na fake lagne lagta hai aur phir public sympathy deti h as usual .. 😬
272,8479,"Respond naturally to the following real Hinglish dataset utterance. Preserve the intended meaning, use natural Hindi-English code-mixing, and avoid unnecessary English-only or Hindi-only rewriting.

Source utterance:
maine to block krne ka bhi bola kr block depression se nikalne ka bhi bola nikal khus rha karo ni to aise hi mr jaoge ek din khud ke liye na sahi apne maa-papa ke liye hi khush reh lo",maine to block krne ka bhi bola kr block depression se nikalne ka bhi bola nikal khus rha karo ni to aise hi mr jaoge ek din khud ke liye na sahi apne maa-papa ke liye hi khush reh lo
273,7397,"Respond naturally to the following real Hinglish dataset utterance. Preserve the intended meaning, use natural Hindi-English code-mixing, and avoid unnecessary English-only or Hindi-only rewriting.

Source utterance:
kuch jyada bhaw de diya h ne ise. jo banda simple kisi guy se baat karne par bharak jay then he is sick. please protect our teja from this sick man",kuch jyada bhaw de diya h ne ise. jo banda simple kisi guy se baat karne par bharak jay then he is sick. please protect our teja from this sick man
274,1982,"Respond naturally to the following real Hinglish dataset utterance. Preserve the intended meaning, use natural Hindi-English code-mixing, and avoid unnecessary English-only or Hindi-only rewriting.

Source utterance:
No body came out yesterday to mourn with the family of innocent civilian killed by militant. Abhi tak koi bhe nahi aya protest karne",No body came out yesterday to mourn with the family of innocent civilian killed by militant. Abhi tak koi bhe nahi aya protest karne
275,4061,"Respond naturally to the following real Hinglish dataset utterance. Preserve the intended meaning, use natural Hindi-English code-mixing, and avoid unnecessary English-only or Hindi-only rewriting.

Source utterance:
Mae 2 ® se Broadband connection ke liye request kar rha hu magar khi koi sunwayi hoti apne Area ke SDO se Baar baar bol rha hu ki mujhe Broadband connection ki bahut jyada magar vo baaat me lage hae",Mae 2 ® se Broadband connection ke liye request kar rha hu magar khi koi sunwayi hoti apne Area ke SDO se Baar baar bol rha hu ki mujhe Broadband connection ki bahut jyada magar vo baaat me lage hae
276,3681,"Respond naturally to the following real Hinglish dataset utterance. Preserve the intended meaning, use natural Hindi-English code-mixing, and avoid unnecessary English-only or Hindi-only rewriting.

Source utterance:
Esi education ka kya main jaha mujhe ese idol k sath stan krna pde jo ek din bolta h main educated hu dusre din bolta h 106 bones, mbbs ki Full btata h miya biwi bachho jo hospital me ek bad surgeon toh nhi chahiye esi education jo mujhe ese doctor k liye stan krni pde","Esi education ka kya main jaha mujhe ese idol k sath stan krna pde jo ek din bolta h main educated hu dusre din bolta h 106 bones, mbbs ki Full btata h miya biwi bachho jo hospital me ek bad surgeon toh nhi chahiye esi education jo mujhe ese doctor k liye stan krni pde"
277,1049,"Respond naturally to the following real Hinglish dataset utterance. Preserve the intended meaning, use natural Hindi-English code-mixing, and avoid unnecessary English-only or Hindi-only rewriting.

Source utterance:
why in this team bhai scotland ko bi nai mar saka kuch tu boly bhai",why in this team bhai scotland ko bi nai mar saka kuch tu boly bhai
278,5539,"Respond naturally to the following real Hinglish dataset utterance. Preserve the intended meaning, use natural Hindi-English code-mixing, and avoid unnecessary English-only or Hindi-only rewriting.

Source utterance:
pyar kia hai maine chori thodi ki hai kyuki dil mei basa hai tu mere timepass thodi karna chahti hik thok ke lene aa chaar phere wah wah wah gill kya shayari ki hai baby",pyar kia hai maine chori thodi ki hai kyuki dil mei basa hai tu mere timepass thodi karna chahti hik thok ke lene aa chaar phere wah wah wah gill kya shayari ki hai baby
279,344,"Respond naturally to the following real Hinglish dataset utterance. Preserve the intended meaning, use natural Hindi-English code-mixing, and avoid unnecessary English-only or Hindi-only rewriting.

Source utterance:
Asim ke bhaii ke fans Bots ke bina kuch nhi",Asim ke bhaii ke fans Bots ke bina kuch nhi
280,9638,"Respond naturally to the following real Hinglish dataset utterance. Preserve the intended meaning, use natural Hindi-English code-mixing, and avoid unnecessary English-only or Hindi-only rewriting.

Source utterance:
really so talented haa sab plan karke hi rehete ho ya kahi se discuss karke laye ho ki ab aisa bolna hai ab sara blame unpe hi dalna hai fake id ka naam leke kyuki humari fd to saint ko toh saint banke rehene se fursat kaha",really so talented haa sab plan karke hi rehete ho ya kahi se discuss karke laye ho ki ab aisa bolna hai ab sara blame unpe hi dalna hai fake id ka naam leke kyuki humari fd to saint ko toh saint banke rehene se fursat kaha
281,9075,"Respond naturally to the following real Hinglish dataset utterance. Preserve the intended meaning, use natural Hindi-English code-mixing, and avoid unnecessary English-only or Hindi-only rewriting.

Source utterance:
when u r chewing le stomach: kia chaba rha h bhai aa hi ni rha",when u r chewing le stomach: kia chaba rha h bhai aa hi ni rha
282,3770,"Respond naturally to the following real Hinglish dataset utterance. Preserve the intended meaning, use natural Hindi-English code-mixing, and avoid unnecessary English-only or Hindi-only rewriting.

Source utterance:
me tu outfit jaja qutamelo",me tu outfit jaja qutamelo
283,9641,"Respond naturally to the following real Hinglish dataset utterance. Preserve the intended meaning, use natural Hindi-English code-mixing, and avoid unnecessary English-only or Hindi-only rewriting.

Source utterance:
haa matlab tu wahaa se interact krta tha na jyada followers ka kuch nhi hota",haa matlab tu wahaa se interact krta tha na jyada followers ka kuch nhi hota
284,3608,"Respond naturally to the following real Hinglish dataset utterance. Preserve the intended meaning, use natural Hindi-English code-mixing, and avoid unnecessary English-only or Hindi-only rewriting.

Source utterance:
jo jeete unki marzi. aap ko kyun khujli ho rhi hai? digest the win",jo jeete unki marzi. aap ko kyun khujli ho rhi hai? digest the win
285,117,"Respond naturally to the following real Hinglish dataset utterance. Preserve the intended meaning, use natural Hindi-English code-mixing, and avoid unnecessary English-only or Hindi-only rewriting.

Source utterance:
koi mauka nahi ko taang khichne ka .khair hum flexible hain ,manage kar lengey😭 yeah on sm ,its advisable 2 play it safe atleast 2 begin with.dusre ki buddhi pata nahi kya signal catch kare.apne ko tone down kar curb kar dene mai he bhalai untill aap parakh lein dusre ko","koi mauka nahi ko taang khichne ka .khair hum flexible hain ,manage kar lengey😭 yeah on sm ,its advisable 2 play it safe atleast 2 begin with.dusre ki buddhi pata nahi kya signal catch kare.apne ko tone down kar curb kar dene mai he bhalai untill aap parakh lein dusre ko"
286,1163,"Respond naturally to the following real Hinglish dataset utterance. Preserve the intended meaning, use natural Hindi-English code-mixing, and avoid unnecessary English-only or Hindi-only rewriting.

Source utterance:
Raees toh nahi hai hum, ma'am. Kabhi kabhi cup of chai ko cuppa likh dete hai, mann karta hai hum bhi cool lagey thoda bas. 😌✨","Raees toh nahi hai hum, ma'am. Kabhi kabhi cup of chai ko cuppa likh dete hai, mann karta hai hum bhi cool lagey thoda bas. 😌✨"
287,11597,"Respond naturally to the following real Hinglish dataset utterance. Preserve the intended meaning, use natural Hindi-English code-mixing, and avoid unnecessary English-only or Hindi-only rewriting.

Source utterance:
Mein Pakistani jhumar ki baat kr raha hoon tujhe kya problem hain.",Mein Pakistani jhumar ki baat kr raha hoon tujhe kya problem hain.
288,10339,"Respond naturally to the following real Hinglish dataset utterance. Preserve the intended meaning, use natural Hindi-English code-mixing, and avoid unnecessary English-only or Hindi-only rewriting.

Source utterance:
Hamen pehle se pta tha B-Team support karti hai farm laws ko...aaj sach samne aagya. Tabhi toh notify sabse pahle ne kia tha farm law.",Hamen pehle se pta tha B-Team support karti hai farm laws ko...aaj sach samne aagya. Tabhi toh notify sabse pahle ne kia tha farm law.
289,964,"Respond naturally to the following real Hinglish dataset utterance. Preserve the intended meaning, use natural Hindi-English code-mixing, and avoid unnecessary English-only or Hindi-only rewriting.

Source utterance:
guru sma 6 kok pada ya",guru sma 6 kok pada ya
290,3750,"Respond naturally to the following real Hinglish dataset utterance. Preserve the intended meaning, use natural Hindi-English code-mixing, and avoid unnecessary English-only or Hindi-only rewriting.

Source utterance:
😀😀😀😀 mar raha kya.. kya lega cm ka tu.",😀😀😀😀 mar raha kya.. kya lega cm ka tu.
291,1104,"Respond naturally to the following real Hinglish dataset utterance. Preserve the intended meaning, use natural Hindi-English code-mixing, and avoid unnecessary English-only or Hindi-only rewriting.

Source utterance:
ohhh I see, I was like ye kaha se hua beech mein","ohhh I see, I was like ye kaha se hua beech mein"
292,514,"Respond naturally to the following real Hinglish dataset utterance. Preserve the intended meaning, use natural Hindi-English code-mixing, and avoid unnecessary English-only or Hindi-only rewriting.

Source utterance:
the trailer of is so good man ek indian show ka ye grandeur dekhke itni khushi horahi hai",the trailer of is so good man ek indian show ka ye grandeur dekhke itni khushi horahi hai
293,14084,"Respond naturally to the following real Hinglish dataset utterance. Preserve the intended meaning, use natural Hindi-English code-mixing, and avoid unnecessary English-only or Hindi-only rewriting.

Source utterance:
Sirf bola nahi Crypto Ko regulate krne k liye bill bhi laa rhi govt. Logo me rumour fail gya ki ban krnege, Aisa news chala diya TV pe. Isliye kal crash hua.","Sirf bola nahi Crypto Ko regulate krne k liye bill bhi laa rhi govt. Logo me rumour fail gya ki ban krnege, Aisa news chala diya TV pe. Isliye kal crash hua."
294,5413,"Respond naturally to the following real Hinglish dataset utterance. Preserve the intended meaning, use natural Hindi-English code-mixing, and avoid unnecessary English-only or Hindi-only rewriting.

Source utterance:
kyun said that when he wrote just live, he was stuck at the hook part. so hes just laying down and then got up and singing and the hook part came out. genius.","kyun said that when he wrote just live, he was stuck at the hook part. so hes just laying down and then got up and singing and the hook part came out. genius."
295,1160,"Respond naturally to the following real Hinglish dataset utterance. Preserve the intended meaning, use natural Hindi-English code-mixing, and avoid unnecessary English-only or Hindi-only rewriting.

Source utterance:
on the birth anniversary of ghalib, i cant think of anything else. yeh masail-e-tasawwuf, yeh tera bayaan ghalib; tujhe hum wali samajhte, jo na hota","on the birth anniversary of ghalib, i cant think of anything else. yeh masail-e-tasawwuf, yeh tera bayaan ghalib; tujhe hum wali samajhte, jo na hota"
296,8423,"Respond naturally to the following real Hinglish dataset utterance. Preserve the intended meaning, use natural Hindi-English code-mixing, and avoid unnecessary English-only or Hindi-only rewriting.

Source utterance:
es mi gur.",es mi gur.
297,3899,"Respond naturally to the following real Hinglish dataset utterance. Preserve the intended meaning, use natural Hindi-English code-mixing, and avoid unnecessary English-only or Hindi-only rewriting.

Source utterance:
no, i mean the way this baccha irritates bhai😭😭😭😩😩😂😂 how do you tolerate this baccha ??","no, i mean the way this baccha irritates bhai😭😭😭😩😩😂😂 how do you tolerate this baccha ??"
298,4562,"Respond naturally to the following real Hinglish dataset utterance. Preserve the intended meaning, use natural Hindi-English code-mixing, and avoid unnecessary English-only or Hindi-only rewriting.

Source utterance:
yogi ko smjha jab koi bhi reply krta hai jabhi aise tweets seen hota hai",yogi ko smjha jab koi bhi reply krta hai jabhi aise tweets seen hota hai
299,10960,"Respond naturally to the following real Hinglish dataset utterance. Preserve the intended meaning, use natural Hindi-English code-mixing, and avoid unnecessary English-only or Hindi-only rewriting.

Source utterance:
00:44 Temp. 2C, Hum. 94%, Dewp. 0.8C, Bar. 1006.3 hpa, Rain Today 0 mm, Wind 0 km/h","00:44 Temp. 2C, Hum. 94%, Dewp. 0.8C, Bar. 1006.3 hpa, Rain Today 0 mm, Wind 0 km/h"
300,7953,"Respond naturally to the following real Hinglish dataset utterance. Preserve the intended meaning, use natural Hindi-English code-mixing, and avoid unnecessary English-only or Hindi-only rewriting.

Source utterance:
🙏thx for update mam, hopes she is well soon","🙏thx for update mam, hopes she is well soon"
301,3510,"Respond naturally to the following real Hinglish dataset utterance. Preserve the intended meaning, use natural Hindi-English code-mixing, and avoid unnecessary English-only or Hindi-only rewriting.

Source utterance:
thank u harsh hamesha main tera karungi tujhe mauka nhi milega btw thanks a lot",thank u harsh hamesha main tera karungi tujhe mauka nhi milega btw thanks a lot
302,8834,"Respond naturally to the following real Hinglish dataset utterance. Preserve the intended meaning, use natural Hindi-English code-mixing, and avoid unnecessary English-only or Hindi-only rewriting.

Source utterance:
kya ab mujhy b kerna pary ga boss",kya ab mujhy b kerna pary ga boss
303,2167,"Respond naturally to the following real Hinglish dataset utterance. Preserve the intended meaning, use natural Hindi-English code-mixing, and avoid unnecessary English-only or Hindi-only rewriting.

Source utterance:
i literally made this yesterday &amp; he posted this morning omg???? &lt;3333",i literally made this yesterday &amp; he posted this morning omg???? &lt;3333
304,11851,"Respond naturally to the following real Hinglish dataset utterance. Preserve the intended meaning, use natural Hindi-English code-mixing, and avoid unnecessary English-only or Hindi-only rewriting.

Source utterance:
Kes ny khaa hy",Kes ny khaa hy
305,14456,"Respond naturally to the following real Hinglish dataset utterance. Preserve the intended meaning, use natural Hindi-English code-mixing, and avoid unnecessary English-only or Hindi-only rewriting.

Source utterance:
saala main iss scene ka recreation dekhna chahti thi par beech me koel abhay ka naach dikhadiya🤣🤣😭 kismat hi hui h sacchi",saala main iss scene ka recreation dekhna chahti thi par beech me koel abhay ka naach dikhadiya🤣🤣😭 kismat hi hui h sacchi
306,9355,"Respond naturally to the following real Hinglish dataset utterance. Preserve the intended meaning, use natural Hindi-English code-mixing, and avoid unnecessary English-only or Hindi-only rewriting.

Source utterance:
Ek baat samajh nahi aati yeh kaafi dino se chalti aayi hogi fir election ke time pe hi kaise bahar aayi? Kuch bhaiyo",Ek baat samajh nahi aati yeh kaafi dino se chalti aayi hogi fir election ke time pe hi kaise bahar aayi? Kuch bhaiyo
307,9440,"Respond naturally to the following real Hinglish dataset utterance. Preserve the intended meaning, use natural Hindi-English code-mixing, and avoid unnecessary English-only or Hindi-only rewriting.

Source utterance:
congratulations to alumnus aleem khan (film and television ba, 2006) whose new film 'after love' dominated the british independent film awards. 👏🎬 read more:","congratulations to alumnus aleem khan (film and television ba, 2006) whose new film 'after love' dominated the british independent film awards. 👏🎬 read more:"
308,7744,"Respond naturally to the following real Hinglish dataset utterance. Preserve the intended meaning, use natural Hindi-English code-mixing, and avoid unnecessary English-only or Hindi-only rewriting.

Source utterance:
show ke baad bhi ye dikhna chahiye kyuki ye janab vishal ek number ke hai",show ke baad bhi ye dikhna chahiye kyuki ye janab vishal ek number ke hai
309,3981,"Respond naturally to the following real Hinglish dataset utterance. Preserve the intended meaning, use natural Hindi-English code-mixing, and avoid unnecessary English-only or Hindi-only rewriting.

Source utterance:
Tum b se bibek kho jo.. tumhara ab kuch nehi ho sakta..",Tum b se bibek kho jo.. tumhara ab kuch nehi ho sakta..
310,12855,"Respond naturally to the following real Hinglish dataset utterance. Preserve the intended meaning, use natural Hindi-English code-mixing, and avoid unnecessary English-only or Hindi-only rewriting.

Source utterance:
🎬 - a must watch film ❤ brilliant 2nd half &amp; climax was well justified,amazing performance by , as shyam singha roy,maetri/rosy. spl mention -: , songs makes screen more beautiful.","🎬 - a must watch film ❤ brilliant 2nd half &amp; climax was well justified,amazing performance by , as shyam singha roy,maetri/rosy. spl mention -: , songs makes screen more beautiful."
311,7749,"Respond naturally to the following real Hinglish dataset utterance. Preserve the intended meaning, use natural Hindi-English code-mixing, and avoid unnecessary English-only or Hindi-only rewriting.

Source utterance:
ese hi hota mera c+ tha programming fundamentals mn 😭😭",ese hi hota mera c+ tha programming fundamentals mn 😭😭
312,13230,"Respond naturally to the following real Hinglish dataset utterance. Preserve the intended meaning, use natural Hindi-English code-mixing, and avoid unnecessary English-only or Hindi-only rewriting.

Source utterance:
jab janta ghutne par aa jaye sahi ko galat sabit godi media avr kar dete hai pm sahab kar kya rahe des avr janta ki gumrah kar rahe hai lagta hai des ko javab dena chahiye modi sarkar ko ye to hai very same",jab janta ghutne par aa jaye sahi ko galat sabit godi media avr kar dete hai pm sahab kar kya rahe des avr janta ki gumrah kar rahe hai lagta hai des ko javab dena chahiye modi sarkar ko ye to hai very same
313,6669,"Respond naturally to the following real Hinglish dataset utterance. Preserve the intended meaning, use natural Hindi-English code-mixing, and avoid unnecessary English-only or Hindi-only rewriting.

Source utterance:
my grandmother said to me to sleep in my brother s room she is scared after that incident unhe lg rha me bhi koi waisa step na lelu love u dadi",my grandmother said to me to sleep in my brother s room she is scared after that incident unhe lg rha me bhi koi waisa step na lelu love u dadi
314,3119,"Respond naturally to the following real Hinglish dataset utterance. Preserve the intended meaning, use natural Hindi-English code-mixing, and avoid unnecessary English-only or Hindi-only rewriting.

Source utterance:
a le hara propaganda hoy ??? amaneci rubio........mmmmm",a le hara propaganda hoy ??? amaneci rubio........mmmmm
315,1545,"Respond naturally to the following real Hinglish dataset utterance. Preserve the intended meaning, use natural Hindi-English code-mixing, and avoid unnecessary English-only or Hindi-only rewriting.

Source utterance:
19:52 Temp. 7.1C, Hum. 83%, Dewp. 3.6C, Bar. 757.5 hpa, Rain Today 0.5000 mm, Wind 0 km/h","19:52 Temp. 7.1C, Hum. 83%, Dewp. 3.6C, Bar. 757.5 hpa, Rain Today 0.5000 mm, Wind 0 km/h"
316,1588,"Respond naturally to the following real Hinglish dataset utterance. Preserve the intended meaning, use natural Hindi-English code-mixing, and avoid unnecessary English-only or Hindi-only rewriting.

Source utterance:
He is Prophet of Allah I love and respect him I believe him as Prophet of Allah My Imaan /Faith is incomplete without believing him.",He is Prophet of Allah I love and respect him I believe him as Prophet of Allah My Imaan /Faith is incomplete without believing him.
317,10796,"Respond naturally to the following real Hinglish dataset utterance. Preserve the intended meaning, use natural Hindi-English code-mixing, and avoid unnecessary English-only or Hindi-only rewriting.

Source utterance:
kal se atak gaya hai near 1st level 17550.. we need more people to chant pullback over then upside further poss.. :d 17.5k pe is building up slowly &amp; steady.. good going..",kal se atak gaya hai near 1st level 17550.. we need more people to chant pullback over then upside further poss.. :d 17.5k pe is building up slowly &amp; steady.. good going..
318,7062,"Respond naturally to the following real Hinglish dataset utterance. Preserve the intended meaning, use natural Hindi-English code-mixing, and avoid unnecessary English-only or Hindi-only rewriting.

Source utterance:
Govt kehati hai ki NO BUSINESS TO BE IN BUSINESS. to sab private vale hi sambhal ne vale hai to Sarkar ko kyo hai? Sarkar ka kya kaam reh gaya??",Govt kehati hai ki NO BUSINESS TO BE IN BUSINESS. to sab private vale hi sambhal ne vale hai to Sarkar ko kyo hai? Sarkar ka kya kaam reh gaya??
319,5804,"Respond naturally to the following real Hinglish dataset utterance. Preserve the intended meaning, use natural Hindi-English code-mixing, and avoid unnecessary English-only or Hindi-only rewriting.

Source utterance:
mujhe bengali acche lgte h",mujhe bengali acche lgte h
320,6939,"Respond naturally to the following real Hinglish dataset utterance. Preserve the intended meaning, use natural Hindi-English code-mixing, and avoid unnecessary English-only or Hindi-only rewriting.

Source utterance:
une vrai carat ma m re",une vrai carat ma m re
321,6735,"Respond naturally to the following real Hinglish dataset utterance. Preserve the intended meaning, use natural Hindi-English code-mixing, and avoid unnecessary English-only or Hindi-only rewriting.

Source utterance:
apne bhai ko le kr jao bhae ma q jaogi😂 allah jannat ma dekhna chahta ha😂",apne bhai ko le kr jao bhae ma q jaogi😂 allah jannat ma dekhna chahta ha😂
322,7651,"Respond naturally to the following real Hinglish dataset utterance. Preserve the intended meaning, use natural Hindi-English code-mixing, and avoid unnecessary English-only or Hindi-only rewriting.

Source utterance:
a rapist of 4yrs old child in gujrat got sentenced for life literally won't be able to come out of jail till his last breath ..above that the judgement &amp;justice was delivered in 29days bjp pradesho mein hota hai nyay ..",a rapist of 4yrs old child in gujrat got sentenced for life literally won't be able to come out of jail till his last breath ..above that the judgement &amp;justice was delivered in 29days bjp pradesho mein hota hai nyay ..
323,14153,"Respond naturally to the following real Hinglish dataset utterance. Preserve the intended meaning, use natural Hindi-English code-mixing, and avoid unnecessary English-only or Hindi-only rewriting.

Source utterance:
yeh har pak vs main aise scenes kiun hote, aisa toh kabhi matches m ni hota, us se zyada high voltage match konsa hai ab bhala🙄","yeh har pak vs main aise scenes kiun hote, aisa toh kabhi matches m ni hota, us se zyada high voltage match konsa hai ab bhala🙄"
324,11945,"Respond naturally to the following real Hinglish dataset utterance. Preserve the intended meaning, use natural Hindi-English code-mixing, and avoid unnecessary English-only or Hindi-only rewriting.

Source utterance:
Months ago Saba Qamar and her colleague fall into a similar controversy. They were in a mosque for a shooting. They had already taken permission from the administration. Phir b unhe ka ehsas hwa tha. We all defended that. No? In that reference, we have to defend it?","Months ago Saba Qamar and her colleague fall into a similar controversy. They were in a mosque for a shooting. They had already taken permission from the administration. Phir b unhe ka ehsas hwa tha. We all defended that. No? In that reference, we have to defend it?"
325,887,"Respond naturally to the following real Hinglish dataset utterance. Preserve the intended meaning, use natural Hindi-English code-mixing, and avoid unnecessary English-only or Hindi-only rewriting.

Source utterance:
agr kuch hua hai to bat do allah apko khush rakh ameen",agr kuch hua hai to bat do allah apko khush rakh ameen
326,11032,"Respond naturally to the following real Hinglish dataset utterance. Preserve the intended meaning, use natural Hindi-English code-mixing, and avoid unnecessary English-only or Hindi-only rewriting.

Source utterance:
bhai there is something called luck factor !!!! if virat would be there at that time, then we might be loosing this trophies also !!! i don't know who is big captain, but definitely sure that rohit has got some luck !!","bhai there is something called luck factor !!!! if virat would be there at that time, then we might be loosing this trophies also !!! i don't know who is big captain, but definitely sure that rohit has got some luck !!"
327,10706,"Respond naturally to the following real Hinglish dataset utterance. Preserve the intended meaning, use natural Hindi-English code-mixing, and avoid unnecessary English-only or Hindi-only rewriting.

Source utterance:
hello how is allowed on your platform kindly suspend ashu's account",hello how is allowed on your platform kindly suspend ashu's account
328,10587,"Respond naturally to the following real Hinglish dataset utterance. Preserve the intended meaning, use natural Hindi-English code-mixing, and avoid unnecessary English-only or Hindi-only rewriting.

Source utterance:
idk man you know the word extempore mujhe bhi nahi pata kya hai ye i think ur fancy",idk man you know the word extempore mujhe bhi nahi pata kya hai ye i think ur fancy
329,1612,"Respond naturally to the following real Hinglish dataset utterance. Preserve the intended meaning, use natural Hindi-English code-mixing, and avoid unnecessary English-only or Hindi-only rewriting.

Source utterance:
bhai news to padh leta puri..aa gaya modi ko badnam karne..khud badnam ho raha hai..kuch aur likhne se pehle news puri padh lena and uske baad apna tweet bhi kar sakte ho",bhai news to padh leta puri..aa gaya modi ko badnam karne..khud badnam ho raha hai..kuch aur likhne se pehle news puri padh lena and uske baad apna tweet bhi kar sakte ho
330,993,"Respond naturally to the following real Hinglish dataset utterance. Preserve the intended meaning, use natural Hindi-English code-mixing, and avoid unnecessary English-only or Hindi-only rewriting.

Source utterance:
largument il pu sa mre avant tavais que les Champions en LDC",largument il pu sa mre avant tavais que les Champions en LDC
331,6596,"Respond naturally to the following real Hinglish dataset utterance. Preserve the intended meaning, use natural Hindi-English code-mixing, and avoid unnecessary English-only or Hindi-only rewriting.

Source utterance:
im just gonna mind my business &amp; patiently wait. 🤓",im just gonna mind my business &amp; patiently wait. 🤓
332,11931,"Respond naturally to the following real Hinglish dataset utterance. Preserve the intended meaning, use natural Hindi-English code-mixing, and avoid unnecessary English-only or Hindi-only rewriting.

Source utterance:
yun jo hai aasmaan ko tu. koi rehta hai aasmaan mein kya. yeh mujhe chain kyun nahi padta. ek hi shakhs tha jahaan mein kya.. jaun elia",yun jo hai aasmaan ko tu. koi rehta hai aasmaan mein kya. yeh mujhe chain kyun nahi padta. ek hi shakhs tha jahaan mein kya.. jaun elia
333,5559,"Respond naturally to the following real Hinglish dataset utterance. Preserve the intended meaning, use natural Hindi-English code-mixing, and avoid unnecessary English-only or Hindi-only rewriting.

Source utterance:
mai twitter hi chodh doonga agar aise bolenge sab",mai twitter hi chodh doonga agar aise bolenge sab
334,13116,"Respond naturally to the following real Hinglish dataset utterance. Preserve the intended meaning, use natural Hindi-English code-mixing, and avoid unnecessary English-only or Hindi-only rewriting.

Source utterance:
ser amos nau y yo pero se",ser amos nau y yo pero se
335,14117,"Respond naturally to the following real Hinglish dataset utterance. Preserve the intended meaning, use natural Hindi-English code-mixing, and avoid unnecessary English-only or Hindi-only rewriting.

Source utterance:
bhau ye mlc ka election kaise hota hai",bhau ye mlc ka election kaise hota hai
336,1790,"Respond naturally to the following real Hinglish dataset utterance. Preserve the intended meaning, use natural Hindi-English code-mixing, and avoid unnecessary English-only or Hindi-only rewriting.

Source utterance:
a b a j i am",a b a j i am
337,4073,"Respond naturally to the following real Hinglish dataset utterance. Preserve the intended meaning, use natural Hindi-English code-mixing, and avoid unnecessary English-only or Hindi-only rewriting.

Source utterance:
although i don't know whom she is talking about but as i read in the comments it's coming out for teja so what's wrong in that agar kuch kia h to credit lene me kya burai h hum sb b jb kuch krte b accha ya smart nach nach ke bolte h ki kia ? isme bura kya h ?",although i don't know whom she is talking about but as i read in the comments it's coming out for teja so what's wrong in that agar kuch kia h to credit lene me kya burai h hum sb b jb kuch krte b accha ya smart nach nach ke bolte h ki kia ? isme bura kya h ?
338,3139,"Respond naturally to the following real Hinglish dataset utterance. Preserve the intended meaning, use natural Hindi-English code-mixing, and avoid unnecessary English-only or Hindi-only rewriting.

Source utterance:
ka jay mo sa atay",ka jay mo sa atay
339,3116,"Respond naturally to the following real Hinglish dataset utterance. Preserve the intended meaning, use natural Hindi-English code-mixing, and avoid unnecessary English-only or Hindi-only rewriting.

Source utterance:
apne ko koi fark nhi padta h khi bhi ho mujhe to sasural me bhi mili huyi h",apne ko koi fark nhi padta h khi bhi ho mujhe to sasural me bhi mili huyi h
340,8786,"Respond naturally to the following real Hinglish dataset utterance. Preserve the intended meaning, use natural Hindi-English code-mixing, and avoid unnecessary English-only or Hindi-only rewriting.

Source utterance:
il son cul l aise",il son cul l aise
341,7350,"Respond naturally to the following real Hinglish dataset utterance. Preserve the intended meaning, use natural Hindi-English code-mixing, and avoid unnecessary English-only or Hindi-only rewriting.

Source utterance:
Fark nahi padta tho thik hai... niche scroll karke vo tweets sare undo retweet karta hu",Fark nahi padta tho thik hai... niche scroll karke vo tweets sare undo retweet karta hu
342,2296,"Respond naturally to the following real Hinglish dataset utterance. Preserve the intended meaning, use natural Hindi-English code-mixing, and avoid unnecessary English-only or Hindi-only rewriting.

Source utterance:
babu lake babu mahesh babu 37",babu lake babu mahesh babu 37
343,3006,"Respond naturally to the following real Hinglish dataset utterance. Preserve the intended meaning, use natural Hindi-English code-mixing, and avoid unnecessary English-only or Hindi-only rewriting.

Source utterance:
maza toh aaya kuch b ho.... 😂😂😂😂 wo log jo apolitical h hone ye nhi pta politics interesting kitni h 😂😂😂 sirf torture krna tha bjp walo ko kr b diya bohot had tak successful rha but ye ne gadbad kr di 😅😅😂😂",maza toh aaya kuch b ho.... 😂😂😂😂 wo log jo apolitical h hone ye nhi pta politics interesting kitni h 😂😂😂 sirf torture krna tha bjp walo ko kr b diya bohot had tak successful rha but ye ne gadbad kr di 😅😅😂😂
344,4563,"Respond naturally to the following real Hinglish dataset utterance. Preserve the intended meaning, use natural Hindi-English code-mixing, and avoid unnecessary English-only or Hindi-only rewriting.

Source utterance:
Team ka part rkhna Mujhe super boss 😅",Team ka part rkhna Mujhe super boss 😅
345,7579,"Respond naturally to the following real Hinglish dataset utterance. Preserve the intended meaning, use natural Hindi-English code-mixing, and avoid unnecessary English-only or Hindi-only rewriting.

Source utterance:
people shouldn't even be allowed alt accounts saala kitna rota hai",people shouldn't even be allowed alt accounts saala kitna rota hai
346,4092,"Respond naturally to the following real Hinglish dataset utterance. Preserve the intended meaning, use natural Hindi-English code-mixing, and avoid unnecessary English-only or Hindi-only rewriting.

Source utterance:
and asusual. not reacting on and not recognising our cameron beautiful visual treat guru e song lo looks 💥🔥👌💥💥💥💥",and asusual. not reacting on and not recognising our cameron beautiful visual treat guru e song lo looks 💥🔥👌💥💥💥💥
347,14327,"Respond naturally to the following real Hinglish dataset utterance. Preserve the intended meaning, use natural Hindi-English code-mixing, and avoid unnecessary English-only or Hindi-only rewriting.

Source utterance:
nahi ji or bhi jyada badh gayaa h ab to....",nahi ji or bhi jyada badh gayaa h ab to....
348,1235,"Respond naturally to the following real Hinglish dataset utterance. Preserve the intended meaning, use natural Hindi-English code-mixing, and avoid unnecessary English-only or Hindi-only rewriting.

Source utterance:
aaj mujhe bahut gussa a raha hai raat bhar gi :( queen of hearts",aaj mujhe bahut gussa a raha hai raat bhar gi :( queen of hearts
349,7260,"Respond naturally to the following real Hinglish dataset utterance. Preserve the intended meaning, use natural Hindi-English code-mixing, and avoid unnecessary English-only or Hindi-only rewriting.

Source utterance:
lord aaj jaise naache ho aise nz ko pleejj😭😭😭😢😢😢🙇♂️🙇♂️🙇♂️",lord aaj jaise naache ho aise nz ko pleejj😭😭😭😢😢😢🙇♂️🙇♂️🙇♂️
350,13238,"Respond naturally to the following real Hinglish dataset utterance. Preserve the intended meaning, use natural Hindi-English code-mixing, and avoid unnecessary English-only or Hindi-only rewriting.

Source utterance:
apne website ke bugs thik karke ek dusri date fix karo test ke liye",apne website ke bugs thik karke ek dusri date fix karo test ke liye
351,14112,"Respond naturally to the following real Hinglish dataset utterance. Preserve the intended meaning, use natural Hindi-English code-mixing, and avoid unnecessary English-only or Hindi-only rewriting.

Source utterance:
itna purana tweet kisne kisko kyun kaise kab kahan tag kiya",itna purana tweet kisne kisko kyun kaise kab kahan tag kiya
352,14024,"Respond naturally to the following real Hinglish dataset utterance. Preserve the intended meaning, use natural Hindi-English code-mixing, and avoid unnecessary English-only or Hindi-only rewriting.

Source utterance:
no pyaar pyaar hain.. per dosti meh alg sukoon hain.. our champ nishant",no pyaar pyaar hain.. per dosti meh alg sukoon hain.. our champ nishant
353,9016,"Respond naturally to the following real Hinglish dataset utterance. Preserve the intended meaning, use natural Hindi-English code-mixing, and avoid unnecessary English-only or Hindi-only rewriting.

Source utterance:
ye acha hai. pehle gair mulk ki fantasy karo. phir aedi choti ka zor lagake, zarurat be-zarurat gair mulk pohunch jao. phir wahan se apne watan ko miss karne ke fake aansu bahao. bhakk. fake. fake. fake.","ye acha hai. pehle gair mulk ki fantasy karo. phir aedi choti ka zor lagake, zarurat be-zarurat gair mulk pohunch jao. phir wahan se apne watan ko miss karne ke fake aansu bahao. bhakk. fake. fake. fake."
354,1604,"Respond naturally to the following real Hinglish dataset utterance. Preserve the intended meaning, use natural Hindi-English code-mixing, and avoid unnecessary English-only or Hindi-only rewriting.

Source utterance:
shame on you salman khan 790 colors stop harassing umar",shame on you salman khan 790 colors stop harassing umar
355,828,"Respond naturally to the following real Hinglish dataset utterance. Preserve the intended meaning, use natural Hindi-English code-mixing, and avoid unnecessary English-only or Hindi-only rewriting.

Source utterance:
Dear sir My name is Rishikesh I am student of B.pharma final year in Aligarh (Code.007) with roll no 1700750043 sir ji mere results abhi tak update nahi hua hai please sir mera results update kar dijiye please sir aap ki bahut kripya hogi please sir",Dear sir My name is Rishikesh I am student of B.pharma final year in Aligarh (Code.007) with roll no 1700750043 sir ji mere results abhi tak update nahi hua hai please sir mera results update kar dijiye please sir aap ki bahut kripya hogi please sir
356,10684,"Respond naturally to the following real Hinglish dataset utterance. Preserve the intended meaning, use natural Hindi-English code-mixing, and avoid unnecessary English-only or Hindi-only rewriting.

Source utterance:
mr, prime minister. kiya yehi hai sath vikas","mr, prime minister. kiya yehi hai sath vikas"
357,8856,"Respond naturally to the following real Hinglish dataset utterance. Preserve the intended meaning, use natural Hindi-English code-mixing, and avoid unnecessary English-only or Hindi-only rewriting.

Source utterance:
stop spreading photos, guna-e-jariya kar rahe ho apne liye","stop spreading photos, guna-e-jariya kar rahe ho apne liye"
358,13697,"Respond naturally to the following real Hinglish dataset utterance. Preserve the intended meaning, use natural Hindi-English code-mixing, and avoid unnecessary English-only or Hindi-only rewriting.

Source utterance:
Hahahah waise abhi movie ka plan ban gaya",Hahahah waise abhi movie ka plan ban gaya
359,241,"Respond naturally to the following real Hinglish dataset utterance. Preserve the intended meaning, use natural Hindi-English code-mixing, and avoid unnecessary English-only or Hindi-only rewriting.

Source utterance:
Ye sabko pehle din se pata hai, lekin bjp ke log kabhi sach kabul nahi karte, aur kabhi crime karke maante nahi, ye prove ho gaya. Just like hathras.","Ye sabko pehle din se pata hai, lekin bjp ke log kabhi sach kabul nahi karte, aur kabhi crime karke maante nahi, ye prove ho gaya. Just like hathras."
360,1528,"Respond naturally to the following real Hinglish dataset utterance. Preserve the intended meaning, use natural Hindi-English code-mixing, and avoid unnecessary English-only or Hindi-only rewriting.

Source utterance:
are tum toh bohot badi fan nikli pratik ki itna janti ho uske bare mein.. very good..aese hi krte rho",are tum toh bohot badi fan nikli pratik ki itna janti ho uske bare mein.. very good..aese hi krte rho
361,12346,"Respond naturally to the following real Hinglish dataset utterance. Preserve the intended meaning, use natural Hindi-English code-mixing, and avoid unnecessary English-only or Hindi-only rewriting.

Source utterance:
i have respect for ppl who are pro in maths..... i mean kaise kr lete hoo???🙂🙂",i have respect for ppl who are pro in maths..... i mean kaise kr lete hoo???🙂🙂
362,13905,"Respond naturally to the following real Hinglish dataset utterance. Preserve the intended meaning, use natural Hindi-English code-mixing, and avoid unnecessary English-only or Hindi-only rewriting.

Source utterance:
kishu dev tumhe bhi don t say no",kishu dev tumhe bhi don t say no
363,3872,"Respond naturally to the following real Hinglish dataset utterance. Preserve the intended meaning, use natural Hindi-English code-mixing, and avoid unnecessary English-only or Hindi-only rewriting.

Source utterance:
bear ella lays inte gif und but neela illa",bear ella lays inte gif und but neela illa
364,2724,"Respond naturally to the following real Hinglish dataset utterance. Preserve the intended meaning, use natural Hindi-English code-mixing, and avoid unnecessary English-only or Hindi-only rewriting.

Source utterance:
aap batao aise logo ko jeene ka hak hai ??",aap batao aise logo ko jeene ka hak hai ??
365,6658,"Respond naturally to the following real Hinglish dataset utterance. Preserve the intended meaning, use natural Hindi-English code-mixing, and avoid unnecessary English-only or Hindi-only rewriting.

Source utterance:
the arrival of the 2022 ix has not gone unnoticed 👀 its exterior styling has certainly divided opinion, but as bmw's flagship electric car it has a hugely important role to play. watch the full review here 👇👇","the arrival of the 2022 ix has not gone unnoticed 👀 its exterior styling has certainly divided opinion, but as bmw's flagship electric car it has a hugely important role to play. watch the full review here 👇👇"
366,7956,"Respond naturally to the following real Hinglish dataset utterance. Preserve the intended meaning, use natural Hindi-English code-mixing, and avoid unnecessary English-only or Hindi-only rewriting.

Source utterance:
he will make her life miserable,one month nahi tikenga.Its a promo epi idk how its shown but this lines...","he will make her life miserable,one month nahi tikenga.Its a promo epi idk how its shown but this lines..."
367,7886,"Respond naturally to the following real Hinglish dataset utterance. Preserve the intended meaning, use natural Hindi-English code-mixing, and avoid unnecessary English-only or Hindi-only rewriting.

Source utterance:
i know once again germany has to be safed by the us but this time it s not germanys fault since we were never be a real country because we still have no constitution we have still no peace contract with the allied occupation forces",i know once again germany has to be safed by the us but this time it s not germanys fault since we were never be a real country because we still have no constitution we have still no peace contract with the allied occupation forces
368,3502,"Respond naturally to the following real Hinglish dataset utterance. Preserve the intended meaning, use natural Hindi-English code-mixing, and avoid unnecessary English-only or Hindi-only rewriting.

Source utterance:
staying in west bengal let me add on.. 1. central k saarey schemes apne name krke chalana. 2. unke neta khudh bolte hai tmc jo bhi karega unko naukri jarur milega. 3. gunda raj,death of democracy. 4. women trafficking 5. converting west bengal to bangladesh. (1/2)","staying in west bengal let me add on.. 1. central k saarey schemes apne name krke chalana. 2. unke neta khudh bolte hai tmc jo bhi karega unko naukri jarur milega. 3. gunda raj,death of democracy. 4. women trafficking 5. converting west bengal to bangladesh. (1/2)"
369,14166,"Respond naturally to the following real Hinglish dataset utterance. Preserve the intended meaning, use natural Hindi-English code-mixing, and avoid unnecessary English-only or Hindi-only rewriting.

Source utterance:
Lessons acche nhi hai to validate karna chahiye 😜",Lessons acche nhi hai to validate karna chahiye 😜
370,6570,"Respond naturally to the following real Hinglish dataset utterance. Preserve the intended meaning, use natural Hindi-English code-mixing, and avoid unnecessary English-only or Hindi-only rewriting.

Source utterance:
That reply is not for your tweet, sorry if you have been included. elite is not a bad word, right? Chill","That reply is not for your tweet, sorry if you have been included. elite is not a bad word, right? Chill"
371,960,"Respond naturally to the following real Hinglish dataset utterance. Preserve the intended meaning, use natural Hindi-English code-mixing, and avoid unnecessary English-only or Hindi-only rewriting.

Source utterance:
to muslims bhi keh hen ke bhagwan shiv ya bhagwan ram ko man-ny waly sare terrorist hoty hen phir unko kia jawab dogy? live and let live!!",to muslims bhi keh hen ke bhagwan shiv ya bhagwan ram ko man-ny waly sare terrorist hoty hen phir unko kia jawab dogy? live and let live!!
372,2697,"Respond naturally to the following real Hinglish dataset utterance. Preserve the intended meaning, use natural Hindi-English code-mixing, and avoid unnecessary English-only or Hindi-only rewriting.

Source utterance:
I think sb ke samne majak bnana sbse worst chiz hoti h.. Yhi mere sath hota h 🙂",I think sb ke samne majak bnana sbse worst chiz hoti h.. Yhi mere sath hota h 🙂
373,6209,"Respond naturally to the following real Hinglish dataset utterance. Preserve the intended meaning, use natural Hindi-English code-mixing, and avoid unnecessary English-only or Hindi-only rewriting.

Source utterance:
groupe sur ct maison mre ? je mal",groupe sur ct maison mre ? je mal
374,35,"Respond naturally to the following real Hinglish dataset utterance. Preserve the intended meaning, use natural Hindi-English code-mixing, and avoid unnecessary English-only or Hindi-only rewriting.

Source utterance:
Is this even a time to have a mental breakdown oh dil just go to hell bhai pls",Is this even a time to have a mental breakdown oh dil just go to hell bhai pls
375,6396,"Respond naturally to the following real Hinglish dataset utterance. Preserve the intended meaning, use natural Hindi-English code-mixing, and avoid unnecessary English-only or Hindi-only rewriting.

Source utterance:
khalil ur rehman shab pehele to apne nahi he is pe koi 2 line hojaye😜🤣",khalil ur rehman shab pehele to apne nahi he is pe koi 2 line hojaye😜🤣
376,4345,"Respond naturally to the following real Hinglish dataset utterance. Preserve the intended meaning, use natural Hindi-English code-mixing, and avoid unnecessary English-only or Hindi-only rewriting.

Source utterance:
dono bc hain kis angle se bhai bahan hai ye chu bhai bolke uske saath game kya",dono bc hain kis angle se bhai bahan hai ye chu bhai bolke uske saath game kya
377,12846,"Respond naturally to the following real Hinglish dataset utterance. Preserve the intended meaning, use natural Hindi-English code-mixing, and avoid unnecessary English-only or Hindi-only rewriting.

Source utterance:
shayad aapko pata nahin lekin desh ke bahar bhi aise bharatiya rehte hai desh ki fiqar hai foreign currency maloom hai kya hoti hai",shayad aapko pata nahin lekin desh ke bahar bhi aise bharatiya rehte hai desh ki fiqar hai foreign currency maloom hai kya hoti hai
378,12863,"Respond naturally to the following real Hinglish dataset utterance. Preserve the intended meaning, use natural Hindi-English code-mixing, and avoid unnecessary English-only or Hindi-only rewriting.

Source utterance:
Inki bhi majburi hai, varna ticket nahi dengi ye. 😂","Inki bhi majburi hai, varna ticket nahi dengi ye. 😂"
379,7454,"Respond naturally to the following real Hinglish dataset utterance. Preserve the intended meaning, use natural Hindi-English code-mixing, and avoid unnecessary English-only or Hindi-only rewriting.

Source utterance:
shukla abey bhag hum kabse sana ke tweet me jana band kar chuke h lekin uske fans sid ke tweets me aakar karte h",shukla abey bhag hum kabse sana ke tweet me jana band kar chuke h lekin uske fans sid ke tweets me aakar karte h
380,4673,"Respond naturally to the following real Hinglish dataset utterance. Preserve the intended meaning, use natural Hindi-English code-mixing, and avoid unnecessary English-only or Hindi-only rewriting.

Source utterance:
krne se aa jane tk ka safar bht takleef de hota hai :)",krne se aa jane tk ka safar bht takleef de hota hai :)
381,6930,"Respond naturally to the following real Hinglish dataset utterance. Preserve the intended meaning, use natural Hindi-English code-mixing, and avoid unnecessary English-only or Hindi-only rewriting.

Source utterance:
Prs de six millions de Franais non-vaccin©s",Prs de six millions de Franais non-vaccin©s
382,11412,"Respond naturally to the following real Hinglish dataset utterance. Preserve the intended meaning, use natural Hindi-English code-mixing, and avoid unnecessary English-only or Hindi-only rewriting.

Source utterance:
Love You both of You.. Laal Ju..",Love You both of You.. Laal Ju..
383,11968,"Respond naturally to the following real Hinglish dataset utterance. Preserve the intended meaning, use natural Hindi-English code-mixing, and avoid unnecessary English-only or Hindi-only rewriting.

Source utterance:
Tujhe sunai diya kya video me ZINDABAD ka ???",Tujhe sunai diya kya video me ZINDABAD ka ???
384,12834,"Respond naturally to the following real Hinglish dataset utterance. Preserve the intended meaning, use natural Hindi-English code-mixing, and avoid unnecessary English-only or Hindi-only rewriting.

Source utterance:
teri ek hasi pe ye dil qurbaan kar jaoo,aitraaz na ho agar to tera dil chura le jaoo,na behne du kabhi in aakho se aansu,tu kahe to tere saare sitam sah jaoo. unbreakable bond","teri ek hasi pe ye dil qurbaan kar jaoo,aitraaz na ho agar to tera dil chura le jaoo,na behne du kabhi in aakho se aansu,tu kahe to tere saare sitam sah jaoo. unbreakable bond"
385,9105,"Respond naturally to the following real Hinglish dataset utterance. Preserve the intended meaning, use natural Hindi-English code-mixing, and avoid unnecessary English-only or Hindi-only rewriting.

Source utterance:
yes..but un bhdwo ka kya jo kl jla rhe the? phir bolte hai hame terrorist kyu bolte ho..",yes..but un bhdwo ka kya jo kl jla rhe the? phir bolte hai hame terrorist kyu bolte ho..
386,10844,"Respond naturally to the following real Hinglish dataset utterance. Preserve the intended meaning, use natural Hindi-English code-mixing, and avoid unnecessary English-only or Hindi-only rewriting.

Source utterance:
tum ignore hi nhi krte problems ko",tum ignore hi nhi krte problems ko
387,11770,"Respond naturally to the following real Hinglish dataset utterance. Preserve the intended meaning, use natural Hindi-English code-mixing, and avoid unnecessary English-only or Hindi-only rewriting.

Source utterance:
Kya baat h sir kaha se liye mujhe batado bhi wahi se lunga maine dekha tha aise hi mera sala bhi pehna tha ek baar usne bataya nahi mujhe pucha to",Kya baat h sir kaha se liye mujhe batado bhi wahi se lunga maine dekha tha aise hi mera sala bhi pehna tha ek baar usne bataya nahi mujhe pucha to
388,7973,"Respond naturally to the following real Hinglish dataset utterance. Preserve the intended meaning, use natural Hindi-English code-mixing, and avoid unnecessary English-only or Hindi-only rewriting.

Source utterance:
because i m on a bicycle healthy farmer will still vote for modiji against amp terrorists disguised as farmers jai hind",because i m on a bicycle healthy farmer will still vote for modiji against amp terrorists disguised as farmers jai hind
389,2536,"Respond naturally to the following real Hinglish dataset utterance. Preserve the intended meaning, use natural Hindi-English code-mixing, and avoid unnecessary English-only or Hindi-only rewriting.

Source utterance:
my november/december was full of history, read the following books: brief history of; pakistan, the ottoman empire (rises), the ottoman empire (downfall), america, china, bengal, french revolution, genghis khan, hulago/halako khan, abraham lincoln,","my november/december was full of history, read the following books: brief history of; pakistan, the ottoman empire (rises), the ottoman empire (downfall), america, china, bengal, french revolution, genghis khan, hulago/halako khan, abraham lincoln,"
390,3111,"Respond naturally to the following real Hinglish dataset utterance. Preserve the intended meaning, use natural Hindi-English code-mixing, and avoid unnecessary English-only or Hindi-only rewriting.

Source utterance:
protest lu aath care",protest lu aath care
391,4861,"Respond naturally to the following real Hinglish dataset utterance. Preserve the intended meaning, use natural Hindi-English code-mixing, and avoid unnecessary English-only or Hindi-only rewriting.

Source utterance:
inke.lie...voot subscription.... totally fake",inke.lie...voot subscription.... totally fake
392,3566,"Respond naturally to the following real Hinglish dataset utterance. Preserve the intended meaning, use natural Hindi-English code-mixing, and avoid unnecessary English-only or Hindi-only rewriting.

Source utterance:
Vahan brahman bhi nahi hain aur jati vyavastha bhi nahi hai aur merit ke kai saare hote hain ek se nahi pata chalta,merit ki philosophy hai bahut purani,janmjaat dwij kehne walon ko merit bolne se bachna chahiye majaak ho jayega","Vahan brahman bhi nahi hain aur jati vyavastha bhi nahi hai aur merit ke kai saare hote hain ek se nahi pata chalta,merit ki philosophy hai bahut purani,janmjaat dwij kehne walon ko merit bolne se bachna chahiye majaak ho jayega"
393,958,"Respond naturally to the following real Hinglish dataset utterance. Preserve the intended meaning, use natural Hindi-English code-mixing, and avoid unnecessary English-only or Hindi-only rewriting.

Source utterance:
sir ek suggestion hai agar le liya to company aur desh dono ka bhala hoga agar aapko chinta hai desh aur company ki to please contact karo kyunki mujhe hai isliye mein kaise na kaise aapse contact karunga please",sir ek suggestion hai agar le liya to company aur desh dono ka bhala hoga agar aapko chinta hai desh aur company ki to please contact karo kyunki mujhe hai isliye mein kaise na kaise aapse contact karunga please
394,9489,"Respond naturally to the following real Hinglish dataset utterance. Preserve the intended meaning, use natural Hindi-English code-mixing, and avoid unnecessary English-only or Hindi-only rewriting.

Source utterance:
Na ya ak ka name h",Na ya ak ka name h
395,12054,"Respond naturally to the following real Hinglish dataset utterance. Preserve the intended meaning, use natural Hindi-English code-mixing, and avoid unnecessary English-only or Hindi-only rewriting.

Source utterance:
Tumhari b achi ha 😭😭. Dekho ye fact ha har insan ko lgta ha k wo acha nhi lg raha lakin dusry k wo acha lg raha hota ha. 😭😭😭😭",Tumhari b achi ha 😭😭. Dekho ye fact ha har insan ko lgta ha k wo acha nhi lg raha lakin dusry k wo acha lg raha hota ha. 😭😭😭😭
396,8883,"Respond naturally to the following real Hinglish dataset utterance. Preserve the intended meaning, use natural Hindi-English code-mixing, and avoid unnecessary English-only or Hindi-only rewriting.

Source utterance:
hmari kahan jal rhi hai, hm toh bore ho chuke thay aaplog ko hara hara kr in recent times. it's good if pakistan starts competing again. hm toh bs aapke former cricketers ki religious bigotry show kr rhe hain.","hmari kahan jal rhi hai, hm toh bore ho chuke thay aaplog ko hara hara kr in recent times. it's good if pakistan starts competing again. hm toh bs aapke former cricketers ki religious bigotry show kr rhe hain."
397,998,"Respond naturally to the following real Hinglish dataset utterance. Preserve the intended meaning, use natural Hindi-English code-mixing, and avoid unnecessary English-only or Hindi-only rewriting.

Source utterance:
lo har pero gracias te amo",lo har pero gracias te amo
398,12254,"Respond naturally to the following real Hinglish dataset utterance. Preserve the intended meaning, use natural Hindi-English code-mixing, and avoid unnecessary English-only or Hindi-only rewriting.

Source utterance:
Pat (Rams QB) was also a magna cum laude and phi beta kappa graduate, as well as a Rhodes Scholar.","Pat (Rams QB) was also a magna cum laude and phi beta kappa graduate, as well as a Rhodes Scholar."
399,5138,"Respond naturally to the following real Hinglish dataset utterance. Preserve the intended meaning, use natural Hindi-English code-mixing, and avoid unnecessary English-only or Hindi-only rewriting.

Source utterance:
tum dekhe reh gaye aur closing revenue mein add-on koi aur kar gaya i love you but tum to pardesi,saath kya nibhaoge.","tum dekhe reh gaye aur closing revenue mein add-on koi aur kar gaya i love you but tum to pardesi,saath kya nibhaoge."
400,936,"Respond naturally to the following real Hinglish dataset utterance. Preserve the intended meaning, use natural Hindi-English code-mixing, and avoid unnecessary English-only or Hindi-only rewriting.

Source utterance:
An absolute beauty. Love seeing the flashes of this in Svozil. Would love to see help him hone in on it",An absolute beauty. Love seeing the flashes of this in Svozil. Would love to see help him hone in on it
401,821,"Respond naturally to the following real Hinglish dataset utterance. Preserve the intended meaning, use natural Hindi-English code-mixing, and avoid unnecessary English-only or Hindi-only rewriting.

Source utterance:
b ready for sympathy card to be played by the one who takes at 4 a.m. next 2 days bhar bhar k sympathy legi. kabhi akeli rehkar.. bhi bus uska vo yi dialogue ki mujhe koi problem nahi hai karan jeete to",b ready for sympathy card to be played by the one who takes at 4 a.m. next 2 days bhar bhar k sympathy legi. kabhi akeli rehkar.. bhi bus uska vo yi dialogue ki mujhe koi problem nahi hai karan jeete to
402,9571,"Respond naturally to the following real Hinglish dataset utterance. Preserve the intended meaning, use natural Hindi-English code-mixing, and avoid unnecessary English-only or Hindi-only rewriting.

Source utterance:
guys kuch v ho apne ko ye poll jitna mangta.. our pride pratik",guys kuch v ho apne ko ye poll jitna mangta.. our pride pratik
403,7811,"Respond naturally to the following real Hinglish dataset utterance. Preserve the intended meaning, use natural Hindi-English code-mixing, and avoid unnecessary English-only or Hindi-only rewriting.

Source utterance:
kaise? aren't oil prices market regulated? or, it were a lie, all along!🙏","kaise? aren't oil prices market regulated? or, it were a lie, all along!🙏"
404,8238,"Respond naturally to the following real Hinglish dataset utterance. Preserve the intended meaning, use natural Hindi-English code-mixing, and avoid unnecessary English-only or Hindi-only rewriting.

Source utterance:
bro how is she gonna cook when the chopping is not done? and it was clearly stated that raat m so why the f*ck r you guys targeting her",bro how is she gonna cook when the chopping is not done? and it was clearly stated that raat m so why the f*ck r you guys targeting her
405,13970,"Respond naturally to the following real Hinglish dataset utterance. Preserve the intended meaning, use natural Hindi-English code-mixing, and avoid unnecessary English-only or Hindi-only rewriting.

Source utterance:
Tere se and angry rant se kon kuchh hai!! Seedhi tarah puchhe hue chiz pr react krna zaroori nahi hota. Tere jaise se baat krna bhi nahi chahega yeh sab sun ke, agar sach me honestly baat krne bhi aya ho. Tu gadha hai -&gt; yeh show krta hai tera ego. Talk sense","Tere se and angry rant se kon kuchh hai!! Seedhi tarah puchhe hue chiz pr react krna zaroori nahi hota. Tere jaise se baat krna bhi nahi chahega yeh sab sun ke, agar sach me honestly baat krne bhi aya ho. Tu gadha hai -&gt; yeh show krta hai tera ego. Talk sense"
406,8701,"Respond naturally to the following real Hinglish dataset utterance. Preserve the intended meaning, use natural Hindi-English code-mixing, and avoid unnecessary English-only or Hindi-only rewriting.

Source utterance:
Oh gini deg nya di chat sama guru 😔😔",Oh gini deg nya di chat sama guru 😔😔
407,2579,"Respond naturally to the following real Hinglish dataset utterance. Preserve the intended meaning, use natural Hindi-English code-mixing, and avoid unnecessary English-only or Hindi-only rewriting.

Source utterance:
bacho ko kyu pareshan kar rha apne time pass ke liye 😰😰",bacho ko kyu pareshan kar rha apne time pass ke liye 😰😰
408,931,"Respond naturally to the following real Hinglish dataset utterance. Preserve the intended meaning, use natural Hindi-English code-mixing, and avoid unnecessary English-only or Hindi-only rewriting.

Source utterance:
hamara waqt to uske sath behtar tha jabse gya hai wo ruth ke waqt he ruth gya",hamara waqt to uske sath behtar tha jabse gya hai wo ruth ke waqt he ruth gya
409,8320,"Respond naturally to the following real Hinglish dataset utterance. Preserve the intended meaning, use natural Hindi-English code-mixing, and avoid unnecessary English-only or Hindi-only rewriting.

Source utterance:
asim bohat time se trend nahin hua usse trend kardo ek baar varna bichara trend mein aane ke liye controversy karne pad rahi hai",asim bohat time se trend nahin hua usse trend kardo ek baar varna bichara trend mein aane ke liye controversy karne pad rahi hai
410,1312,"Respond naturally to the following real Hinglish dataset utterance. Preserve the intended meaning, use natural Hindi-English code-mixing, and avoid unnecessary English-only or Hindi-only rewriting.

Source utterance:
Birthday wala is okay, baki festival mein to dekha nahi.","Birthday wala is okay, baki festival mein to dekha nahi."
411,13948,"Respond naturally to the following real Hinglish dataset utterance. Preserve the intended meaning, use natural Hindi-English code-mixing, and avoid unnecessary English-only or Hindi-only rewriting.

Source utterance:
for the past 6 years a sanjay had been delivering us water. one day he had some issues with his lic policy, we have an lic agency, he came to us with his papers. there it was written in ink his name sohrabuddin ali. when asked about being sanjay, he said pyaar se sab yahi bulate","for the past 6 years a sanjay had been delivering us water. one day he had some issues with his lic policy, we have an lic agency, he came to us with his papers. there it was written in ink his name sohrabuddin ali. when asked about being sanjay, he said pyaar se sab yahi bulate"
412,3044,"Respond naturally to the following real Hinglish dataset utterance. Preserve the intended meaning, use natural Hindi-English code-mixing, and avoid unnecessary English-only or Hindi-only rewriting.

Source utterance:
ray and power and utility bills in government forced without income while fuel prices are at the highest peak ever acche din yay",ray and power and utility bills in government forced without income while fuel prices are at the highest peak ever acche din yay
413,1122,"Respond naturally to the following real Hinglish dataset utterance. Preserve the intended meaning, use natural Hindi-English code-mixing, and avoid unnecessary English-only or Hindi-only rewriting.

Source utterance:
rakhi ki tarah confidence mujhe bhi cahiye 🤧🤧suitcase lekar bhagne ke bad bhi kaise ata he itna 😰😰",rakhi ki tarah confidence mujhe bhi cahiye 🤧🤧suitcase lekar bhagne ke bad bhi kaise ata he itna 😰😰
414,9749,"Respond naturally to the following real Hinglish dataset utterance. Preserve the intended meaning, use natural Hindi-English code-mixing, and avoid unnecessary English-only or Hindi-only rewriting.

Source utterance:
chinta nako kar waqt ke sath sath sab pata chalega tujh jaise logon ko aurat ke fan bante ho ghatiya aurat waqt batayega tumhe",chinta nako kar waqt ke sath sath sab pata chalega tujh jaise logon ko aurat ke fan bante ho ghatiya aurat waqt batayega tumhe
415,1113,"Respond naturally to the following real Hinglish dataset utterance. Preserve the intended meaning, use natural Hindi-English code-mixing, and avoid unnecessary English-only or Hindi-only rewriting.

Source utterance:
ha bhai tag ki to padi ho na negative engagement de rahe ho to do😝 itani karoge vm p, aur vo teja fans tak na pahuche to bura lagega tumhare liye. ha fake to vaise ham,vo to hamara hi tag h. kisi aur ko fake bola teja k alawa to accha nahi hoga","ha bhai tag ki to padi ho na negative engagement de rahe ho to do😝 itani karoge vm p, aur vo teja fans tak na pahuche to bura lagega tumhare liye. ha fake to vaise ham,vo to hamara hi tag h. kisi aur ko fake bola teja k alawa to accha nahi hoga"
416,11062,"Respond naturally to the following real Hinglish dataset utterance. Preserve the intended meaning, use natural Hindi-English code-mixing, and avoid unnecessary English-only or Hindi-only rewriting.

Source utterance:
I can't 🔥🔥😂😂😆😆 tu dil le aaj 😍",I can't 🔥🔥😂😂😆😆 tu dil le aaj 😍
417,14120,"Respond naturally to the following real Hinglish dataset utterance. Preserve the intended meaning, use natural Hindi-English code-mixing, and avoid unnecessary English-only or Hindi-only rewriting.

Source utterance:
o bahi pata lag gya hai talha kesi ny kuch ussay gussa aya us ny kaha mai akela he kafi hon tu samny a bas kr do ab 🙏🙏🙄🙄",o bahi pata lag gya hai talha kesi ny kuch ussay gussa aya us ny kaha mai akela he kafi hon tu samny a bas kr do ab 🙏🙏🙄🙄
418,3853,"Respond naturally to the following real Hinglish dataset utterance. Preserve the intended meaning, use natural Hindi-English code-mixing, and avoid unnecessary English-only or Hindi-only rewriting.

Source utterance:
ab in ko handwriting note toh de dege phr mujhe khud meri handwriting samjh nahi aati in ko kiya",ab in ko handwriting note toh de dege phr mujhe khud meri handwriting samjh nahi aati in ko kiya
419,6615,"Respond naturally to the following real Hinglish dataset utterance. Preserve the intended meaning, use natural Hindi-English code-mixing, and avoid unnecessary English-only or Hindi-only rewriting.

Source utterance:
chanda mama ke jagah mein.. sam pitroda accha dikhega kya?",chanda mama ke jagah mein.. sam pitroda accha dikhega kya?
420,1964,"Respond naturally to the following real Hinglish dataset utterance. Preserve the intended meaning, use natural Hindi-English code-mixing, and avoid unnecessary English-only or Hindi-only rewriting.

Source utterance:
Tujhe kyu mirchi lgi.. Pakistan tere baap lgte h kya",Tujhe kyu mirchi lgi.. Pakistan tere baap lgte h kya
421,14587,"Respond naturally to the following real Hinglish dataset utterance. Preserve the intended meaning, use natural Hindi-English code-mixing, and avoid unnecessary English-only or Hindi-only rewriting.

Source utterance:
sonu sood bhaiya mujhe koi job lagwa do ghar ki pareshani bahut badh gayi h meri ek bhi hai uske padhai ki tension h",sonu sood bhaiya mujhe koi job lagwa do ghar ki pareshani bahut badh gayi h meri ek bhi hai uske padhai ki tension h
422,9333,"Respond naturally to the following real Hinglish dataset utterance. Preserve the intended meaning, use natural Hindi-English code-mixing, and avoid unnecessary English-only or Hindi-only rewriting.

Source utterance:
For 60 years almost all govt projects, universities, colleges, social schemes, world bank loans, school texbooks, film institutions, were used for brand building of Nehru-Gandhi.","For 60 years almost all govt projects, universities, colleges, social schemes, world bank loans, school texbooks, film institutions, were used for brand building of Nehru-Gandhi."
423,4033,"Respond naturally to the following real Hinglish dataset utterance. Preserve the intended meaning, use natural Hindi-English code-mixing, and avoid unnecessary English-only or Hindi-only rewriting.

Source utterance:
teachers at fsc: ...aik baar med college mein chalay jao,phir koi masla nhi. student in med college:","teachers at fsc: ...aik baar med college mein chalay jao,phir koi masla nhi. student in med college:"
424,9485,"Respond naturally to the following real Hinglish dataset utterance. Preserve the intended meaning, use natural Hindi-English code-mixing, and avoid unnecessary English-only or Hindi-only rewriting.

Source utterance:
kya huaa bolo kuch...chor sale bjp",kya huaa bolo kuch...chor sale bjp
425,9740,"Respond naturally to the following real Hinglish dataset utterance. Preserve the intended meaning, use natural Hindi-English code-mixing, and avoid unnecessary English-only or Hindi-only rewriting.

Source utterance:
my friend: i am 45 kg and you. me: ja bahan kuchh kha ho gaya hai😉🤪",my friend: i am 45 kg and you. me: ja bahan kuchh kha ho gaya hai😉🤪
426,651,"Respond naturally to the following real Hinglish dataset utterance. Preserve the intended meaning, use natural Hindi-English code-mixing, and avoid unnecessary English-only or Hindi-only rewriting.

Source utterance:
inko karne do hunger strike, dekhtey hain bhagwan inko hain ya inke aka","inko karne do hunger strike, dekhtey hain bhagwan inko hain ya inke aka"
427,10147,"Respond naturally to the following real Hinglish dataset utterance. Preserve the intended meaning, use natural Hindi-English code-mixing, and avoid unnecessary English-only or Hindi-only rewriting.

Source utterance:
ye whatsapp university wala hai kya jpeg",ye whatsapp university wala hai kya jpeg
428,1343,"Respond naturally to the following real Hinglish dataset utterance. Preserve the intended meaning, use natural Hindi-English code-mixing, and avoid unnecessary English-only or Hindi-only rewriting.

Source utterance:
francis aaj hi saare patient theek karogi kya",francis aaj hi saare patient theek karogi kya
429,6868,"Respond naturally to the following real Hinglish dataset utterance. Preserve the intended meaning, use natural Hindi-English code-mixing, and avoid unnecessary English-only or Hindi-only rewriting.

Source utterance:
Ha bhai... Patel ne 10 wicket lia tab v ye andhe kohli ko blame kr rhe the iske lie isme kya logic hai ... Batting me captaincy ka kya role... Team selection, field position and bowling changes me hota h captain ka role","Ha bhai... Patel ne 10 wicket lia tab v ye andhe kohli ko blame kr rhe the iske lie isme kya logic hai ... Batting me captaincy ka kya role... Team selection, field position and bowling changes me hota h captain ka role"
430,10770,"Respond naturally to the following real Hinglish dataset utterance. Preserve the intended meaning, use natural Hindi-English code-mixing, and avoid unnecessary English-only or Hindi-only rewriting.

Source utterance:
khan ohh but tumhe kyu ho rha",khan ohh but tumhe kyu ho rha
431,9562,"Respond naturally to the following real Hinglish dataset utterance. Preserve the intended meaning, use natural Hindi-English code-mixing, and avoid unnecessary English-only or Hindi-only rewriting.

Source utterance:
color chhodo koi heart hi nai use kiya mere liye aaj tak. ohh sorry, mere se kisi ka bat hi nai hua h dhang se kya hi use hoga.","color chhodo koi heart hi nai use kiya mere liye aaj tak. ohh sorry, mere se kisi ka bat hi nai hua h dhang se kya hi use hoga."
432,9260,"Respond naturally to the following real Hinglish dataset utterance. Preserve the intended meaning, use natural Hindi-English code-mixing, and avoid unnecessary English-only or Hindi-only rewriting.

Source utterance:
on sunday health secretary sajid mayor of london sadiq khan actor david tennant music with konya &amp; kanneh-mason papers with jane moore and laura hughes 9am, bbc one","on sunday health secretary sajid mayor of london sadiq khan actor david tennant music with konya &amp; kanneh-mason papers with jane moore and laura hughes 9am, bbc one"
433,8565,"Respond naturally to the following real Hinglish dataset utterance. Preserve the intended meaning, use natural Hindi-English code-mixing, and avoid unnecessary English-only or Hindi-only rewriting.

Source utterance:
Next updates late uv ni tag chesi emo 😂 #/wewantupdate ani",Next updates late uv ni tag chesi emo 😂 #/wewantupdate ani
434,5183,"Respond naturally to the following real Hinglish dataset utterance. Preserve the intended meaning, use natural Hindi-English code-mixing, and avoid unnecessary English-only or Hindi-only rewriting.

Source utterance:
dee chutiya ye pakistan ki hai photo kidar bhi mat choda",dee chutiya ye pakistan ki hai photo kidar bhi mat choda
435,4272,"Respond naturally to the following real Hinglish dataset utterance. Preserve the intended meaning, use natural Hindi-English code-mixing, and avoid unnecessary English-only or Hindi-only rewriting.

Source utterance:
Elite bhai itni gandi maths ke liye RATIO 😤",Elite bhai itni gandi maths ke liye RATIO 😤
436,3346,"Respond naturally to the following real Hinglish dataset utterance. Preserve the intended meaning, use natural Hindi-English code-mixing, and avoid unnecessary English-only or Hindi-only rewriting.

Source utterance:
too tan hun ja pran mr hy hum haseen logo may",too tan hun ja pran mr hy hum haseen logo may
437,10972,"Respond naturally to the following real Hinglish dataset utterance. Preserve the intended meaning, use natural Hindi-English code-mixing, and avoid unnecessary English-only or Hindi-only rewriting.

Source utterance:
jehad k naam pe hawa wali jiska naam india hai 😂😂😂",jehad k naam pe hawa wali jiska naam india hai 😂😂😂
438,11734,"Respond naturally to the following real Hinglish dataset utterance. Preserve the intended meaning, use natural Hindi-English code-mixing, and avoid unnecessary English-only or Hindi-only rewriting.

Source utterance:
ho gaya hain aur kya... out hone ke baad aise dekhta hain ball of decade ho... bc khel pa nahi rahe aur ads karo",ho gaya hain aur kya... out hone ke baad aise dekhta hain ball of decade ho... bc khel pa nahi rahe aur ads karo
439,5147,"Respond naturally to the following real Hinglish dataset utterance. Preserve the intended meaning, use natural Hindi-English code-mixing, and avoid unnecessary English-only or Hindi-only rewriting.

Source utterance:
isko kuch din mental hospital bhej do",isko kuch din mental hospital bhej do
440,3910,"Respond naturally to the following real Hinglish dataset utterance. Preserve the intended meaning, use natural Hindi-English code-mixing, and avoid unnecessary English-only or Hindi-only rewriting.

Source utterance:
aaj kya breaking news me",aaj kya breaking news me
441,4351,"Respond naturally to the following real Hinglish dataset utterance. Preserve the intended meaning, use natural Hindi-English code-mixing, and avoid unnecessary English-only or Hindi-only rewriting.

Source utterance:
uncle ji road ki dhul se itna pollution nai hota h😅 farmers harmful pesticide use karte h jb stable burning ki jati h tb wo chemicals b air me aa jate hai bio decomposer ki 20 rs ki bottle sirf ek bar leni hoti h ek bottle k bad ap kitni b quantity me ise banakar use kar sakte h",uncle ji road ki dhul se itna pollution nai hota h😅 farmers harmful pesticide use karte h jb stable burning ki jati h tb wo chemicals b air me aa jate hai bio decomposer ki 20 rs ki bottle sirf ek bar leni hoti h ek bottle k bad ap kitni b quantity me ise banakar use kar sakte h
442,6484,"Respond naturally to the following real Hinglish dataset utterance. Preserve the intended meaning, use natural Hindi-English code-mixing, and avoid unnecessary English-only or Hindi-only rewriting.

Source utterance:
Sharam nahi aai tujhe 3 bar attempt kiya chii chii itna kam janta mujhe",Sharam nahi aai tujhe 3 bar attempt kiya chii chii itna kam janta mujhe
443,2144,"Respond naturally to the following real Hinglish dataset utterance. Preserve the intended meaning, use natural Hindi-English code-mixing, and avoid unnecessary English-only or Hindi-only rewriting.

Source utterance:
Life mujhe dedicate krdi",Life mujhe dedicate krdi
444,10575,"Respond naturally to the following real Hinglish dataset utterance. Preserve the intended meaning, use natural Hindi-English code-mixing, and avoid unnecessary English-only or Hindi-only rewriting.

Source utterance:
800 aa gya. Life me kuch change hua...",800 aa gya. Life me kuch change hua...
445,4915,"Respond naturally to the following real Hinglish dataset utterance. Preserve the intended meaning, use natural Hindi-English code-mixing, and avoid unnecessary English-only or Hindi-only rewriting.

Source utterance:
Hawa nao kwa step 😀😀😀",Hawa nao kwa step 😀😀😀
446,7491,"Respond naturally to the following real Hinglish dataset utterance. Preserve the intended meaning, use natural Hindi-English code-mixing, and avoid unnecessary English-only or Hindi-only rewriting.

Source utterance:
sweet sparkles arey ree dm kiya but reply bhi nhi karti hoo toh bolun kab",sweet sparkles arey ree dm kiya but reply bhi nhi karti hoo toh bolun kab
447,5180,"Respond naturally to the following real Hinglish dataset utterance. Preserve the intended meaning, use natural Hindi-English code-mixing, and avoid unnecessary English-only or Hindi-only rewriting.

Source utterance:
woh konsi dukh bhari ghadi thi jab maine ca karne ki sochi ? accha khasa bcom karleta , life ke maze leta... yaha toh life mere maze lene pe adi hai.","woh konsi dukh bhari ghadi thi jab maine ca karne ki sochi ? accha khasa bcom karleta , life ke maze leta... yaha toh life mere maze lene pe adi hai."
448,12318,"Respond naturally to the following real Hinglish dataset utterance. Preserve the intended meaning, use natural Hindi-English code-mixing, and avoid unnecessary English-only or Hindi-only rewriting.

Source utterance:
baat to sahi bole ho ekdam... Sab Aamir ki filmon se sikha h kya 😆😂",baat to sahi bole ho ekdam... Sab Aamir ki filmon se sikha h kya 😆😂
449,1188,"Respond naturally to the following real Hinglish dataset utterance. Preserve the intended meaning, use natural Hindi-English code-mixing, and avoid unnecessary English-only or Hindi-only rewriting.

Source utterance:
Zindagi agar ek dafa mujhe moqa de to me bus ek din RANVEER SINGH ban k jeena chahta hu.",Zindagi agar ek dafa mujhe moqa de to me bus ek din RANVEER SINGH ban k jeena chahta hu.
450,152,"Respond naturally to the following real Hinglish dataset utterance. Preserve the intended meaning, use natural Hindi-English code-mixing, and avoid unnecessary English-only or Hindi-only rewriting.

Source utterance:
nhi mere 2 hi bhai h ek mera saga bhai or ek aap🥺",nhi mere 2 hi bhai h ek mera saga bhai or ek aap🥺
451,7508,"Respond naturally to the following real Hinglish dataset utterance. Preserve the intended meaning, use natural Hindi-English code-mixing, and avoid unnecessary English-only or Hindi-only rewriting.

Source utterance:
Civics exam mai apne man se sentences add karna hota hai... But thoda knowledge hona uske liye. 😉😁",Civics exam mai apne man se sentences add karna hota hai... But thoda knowledge hona uske liye. 😉😁
452,10177,"Respond naturally to the following real Hinglish dataset utterance. Preserve the intended meaning, use natural Hindi-English code-mixing, and avoid unnecessary English-only or Hindi-only rewriting.

Source utterance:
khalsa fought invaders and the were captured by stone worshippers ! and moorti being placed in place of Sri Guru Granth Sahib ji ! When Khalsa returned to they did what needed to be ... this is the evidenced by free Gurdwara lehar movement",khalsa fought invaders and the were captured by stone worshippers ! and moorti being placed in place of Sri Guru Granth Sahib ji ! When Khalsa returned to they did what needed to be ... this is the evidenced by free Gurdwara lehar movement
453,9224,"Respond naturally to the following real Hinglish dataset utterance. Preserve the intended meaning, use natural Hindi-English code-mixing, and avoid unnecessary English-only or Hindi-only rewriting.

Source utterance:
kabhi kabhi esa hota h ki phle log show karte h ki unhe humse bht farak padta h humari fikar h n all then jab hum unki fikar karne lagte h to attitude dikhate h change hojate h humare towards so better h ki jo jese h vese atleast bina pyaar k sath to h km se km",kabhi kabhi esa hota h ki phle log show karte h ki unhe humse bht farak padta h humari fikar h n all then jab hum unki fikar karne lagte h to attitude dikhate h change hojate h humare towards so better h ki jo jese h vese atleast bina pyaar k sath to h km se km
454,1638,"Respond naturally to the following real Hinglish dataset utterance. Preserve the intended meaning, use natural Hindi-English code-mixing, and avoid unnecessary English-only or Hindi-only rewriting.

Source utterance:
mosque attack ko deny karo mil gaye toh isolated incident bada do,,,ek aur mosque par bhagwa flag lagaya gaya,,,","mosque attack ko deny karo mil gaye toh isolated incident bada do,,,ek aur mosque par bhagwa flag lagaya gaya,,,"
455,1200,"Respond naturally to the following real Hinglish dataset utterance. Preserve the intended meaning, use natural Hindi-English code-mixing, and avoid unnecessary English-only or Hindi-only rewriting.

Source utterance:
The mere fact that you call it using something I don't believe in against you, as a group, is very, very telling. Also, why do so many different Christian religions have so many different translations? THAT'S what you should be about.","The mere fact that you call it using something I don't believe in against you, as a group, is very, very telling. Also, why do so many different Christian religions have so many different translations? THAT'S what you should be about."
456,8808,"Respond naturally to the following real Hinglish dataset utterance. Preserve the intended meaning, use natural Hindi-English code-mixing, and avoid unnecessary English-only or Hindi-only rewriting.

Source utterance:
Baat to sahi hai Sari ke baad bhi maar gaye. Waise yeh centre kyu de Delhi or punjab they, they were backing them","Baat to sahi hai Sari ke baad bhi maar gaye. Waise yeh centre kyu de Delhi or punjab they, they were backing them"
457,3492,"Respond naturally to the following real Hinglish dataset utterance. Preserve the intended meaning, use natural Hindi-English code-mixing, and avoid unnecessary English-only or Hindi-only rewriting.

Source utterance:
Waiting for your indore live concert Armaan Kab aaoge aap Armaan",Waiting for your indore live concert Armaan Kab aaoge aap Armaan
458,8288,"Respond naturally to the following real Hinglish dataset utterance. Preserve the intended meaning, use natural Hindi-English code-mixing, and avoid unnecessary English-only or Hindi-only rewriting.

Source utterance:
toh plz ab jo bhi match hoge un mein select nhi hona jab yeh select hota hai to asif ali yaad aat hai asif ali better hai inse",toh plz ab jo bhi match hoge un mein select nhi hona jab yeh select hota hai to asif ali yaad aat hai asif ali better hai inse
459,2170,"Respond naturally to the following real Hinglish dataset utterance. Preserve the intended meaning, use natural Hindi-English code-mixing, and avoid unnecessary English-only or Hindi-only rewriting.

Source utterance:
is so good at making thumbnails! Ofc, the artworks are really good, but how he edits them is really good. vox®RT","is so good at making thumbnails! Ofc, the artworks are really good, but how he edits them is really good. vox®RT"
460,5718,"Respond naturally to the following real Hinglish dataset utterance. Preserve the intended meaning, use natural Hindi-English code-mixing, and avoid unnecessary English-only or Hindi-only rewriting.

Source utterance:
bad me tum hi kahoge ke langar khane aya tha jaan se mar dia shayd isi lye ,aj kal log ehsan ho gye hai,aur langar khalsa aid vaha lga rhi hai beta","bad me tum hi kahoge ke langar khane aya tha jaan se mar dia shayd isi lye ,aj kal log ehsan ho gye hai,aur langar khalsa aid vaha lga rhi hai beta"
461,14432,"Respond naturally to the following real Hinglish dataset utterance. Preserve the intended meaning, use natural Hindi-English code-mixing, and avoid unnecessary English-only or Hindi-only rewriting.

Source utterance:
bear ye tabhi sahi thi jab ghar se bahr nikalna hi inke liye freedom tha bit h",bear ye tabhi sahi thi jab ghar se bahr nikalna hi inke liye freedom tha bit h
462,1127,"Respond naturally to the following real Hinglish dataset utterance. Preserve the intended meaning, use natural Hindi-English code-mixing, and avoid unnecessary English-only or Hindi-only rewriting.

Source utterance:
ethics ka paper lene se koi ethical nahi ho jata..rohan jaise kai eg. hain..indore ka dm ho ya tripura ya haryana ka aise kai officers hain jo ke iss chair pe kalank hain",ethics ka paper lene se koi ethical nahi ho jata..rohan jaise kai eg. hain..indore ka dm ho ya tripura ya haryana ka aise kai officers hain jo ke iss chair pe kalank hain
463,14405,"Respond naturally to the following real Hinglish dataset utterance. Preserve the intended meaning, use natural Hindi-English code-mixing, and avoid unnecessary English-only or Hindi-only rewriting.

Source utterance:
modi k jo 2 3 mitra hai unke liye kuch bhi kar dete hai par ye jo 700 kisano ki hui unko ye maante nahi. ye pm ne swayam maafi mangi hai. kisse mafi mangi hai, kyuki unhone galat kanoon paas kia jisse 700 log maare gaye.","modi k jo 2 3 mitra hai unke liye kuch bhi kar dete hai par ye jo 700 kisano ki hui unko ye maante nahi. ye pm ne swayam maafi mangi hai. kisse mafi mangi hai, kyuki unhone galat kanoon paas kia jisse 700 log maare gaye."
464,4002,"Respond naturally to the following real Hinglish dataset utterance. Preserve the intended meaning, use natural Hindi-English code-mixing, and avoid unnecessary English-only or Hindi-only rewriting.

Source utterance:
karan cried for that girl baachi thodi hai jo kuch samaj nahi aata these people are selectively blind karan looking like hero he will win",karan cried for that girl baachi thodi hai jo kuch samaj nahi aata these people are selectively blind karan looking like hero he will win
465,6054,"Respond naturally to the following real Hinglish dataset utterance. Preserve the intended meaning, use natural Hindi-English code-mixing, and avoid unnecessary English-only or Hindi-only rewriting.

Source utterance:
ek bar kra do haa yr",ek bar kra do haa yr
466,4669,"Respond naturally to the following real Hinglish dataset utterance. Preserve the intended meaning, use natural Hindi-English code-mixing, and avoid unnecessary English-only or Hindi-only rewriting.

Source utterance:
PTI sahi hoti Kyu phir old wapis",PTI sahi hoti Kyu phir old wapis
467,2584,"Respond naturally to the following real Hinglish dataset utterance. Preserve the intended meaning, use natural Hindi-English code-mixing, and avoid unnecessary English-only or Hindi-only rewriting.

Source utterance:
for everyone wondering aise padosi kaise milte hai. try this 😅😊",for everyone wondering aise padosi kaise milte hai. try this 😅😊
468,7179,"Respond naturally to the following real Hinglish dataset utterance. Preserve the intended meaning, use natural Hindi-English code-mixing, and avoid unnecessary English-only or Hindi-only rewriting.

Source utterance:
Mujhe pata nahi chal raha... Kaunse wale NRI jyada cringe hai...",Mujhe pata nahi chal raha... Kaunse wale NRI jyada cringe hai...
469,13660,"Respond naturally to the following real Hinglish dataset utterance. Preserve the intended meaning, use natural Hindi-English code-mixing, and avoid unnecessary English-only or Hindi-only rewriting.

Source utterance:
jaldi jaldi rt aur likes karti hu fir chidiya mujhe block kar dega uske bad hum akhbar padhenge gyan lena bhi jaruri hai pc ig fam of",jaldi jaldi rt aur likes karti hu fir chidiya mujhe block kar dega uske bad hum akhbar padhenge gyan lena bhi jaruri hai pc ig fam of
470,8900,"Respond naturally to the following real Hinglish dataset utterance. Preserve the intended meaning, use natural Hindi-English code-mixing, and avoid unnecessary English-only or Hindi-only rewriting.

Source utterance:
Haabhi To Dinner ki preparation bhi nahi kari Hogi tum ne",Haabhi To Dinner ki preparation bhi nahi kari Hogi tum ne
471,11526,"Respond naturally to the following real Hinglish dataset utterance. Preserve the intended meaning, use natural Hindi-English code-mixing, and avoid unnecessary English-only or Hindi-only rewriting.

Source utterance:
plan for effective 2022 in this master class: featuring wisdom from the pros &amp; you the followers:",plan for effective 2022 in this master class: featuring wisdom from the pros &amp; you the followers:
472,4956,"Respond naturally to the following real Hinglish dataset utterance. Preserve the intended meaning, use natural Hindi-English code-mixing, and avoid unnecessary English-only or Hindi-only rewriting.

Source utterance:
hell kal pank peel peel is seema ab song divan hd emoji uske tb roar like sher umar",hell kal pank peel peel is seema ab song divan hd emoji uske tb roar like sher umar
473,10021,"Respond naturally to the following real Hinglish dataset utterance. Preserve the intended meaning, use natural Hindi-English code-mixing, and avoid unnecessary English-only or Hindi-only rewriting.

Source utterance:
Our Acche Din is here",Our Acche Din is here
474,10714,"Respond naturally to the following real Hinglish dataset utterance. Preserve the intended meaning, use natural Hindi-English code-mixing, and avoid unnecessary English-only or Hindi-only rewriting.

Source utterance:
genuine ho friends bhi kam chahiye per genuine baki jo inhe krna ho krke hi rahengi aap ni skte haters ko kuch ni bolti per jyada dimag kharab kre to apna gussa utar kar shant ho jati hein",genuine ho friends bhi kam chahiye per genuine baki jo inhe krna ho krke hi rahengi aap ni skte haters ko kuch ni bolti per jyada dimag kharab kre to apna gussa utar kar shant ho jati hein
475,8666,"Respond naturally to the following real Hinglish dataset utterance. Preserve the intended meaning, use natural Hindi-English code-mixing, and avoid unnecessary English-only or Hindi-only rewriting.

Source utterance:
apne dora ko batana zara k trend kr raha uss k vajah se",apne dora ko batana zara k trend kr raha uss k vajah se
476,128,"Respond naturally to the following real Hinglish dataset utterance. Preserve the intended meaning, use natural Hindi-English code-mixing, and avoid unnecessary English-only or Hindi-only rewriting.

Source utterance:
depends on padhai ki ya nahi and it varies kabhi kabhi i padhai ©",depends on padhai ki ya nahi and it varies kabhi kabhi i padhai ©
477,10942,"Respond naturally to the following real Hinglish dataset utterance. Preserve the intended meaning, use natural Hindi-English code-mixing, and avoid unnecessary English-only or Hindi-only rewriting.

Source utterance:
Jaake conversion rate dekh lo us hisab se to jihad se accha kuch hai hi nahi!!",Jaake conversion rate dekh lo us hisab se to jihad se accha kuch hai hi nahi!!
478,13387,"Respond naturally to the following real Hinglish dataset utterance. Preserve the intended meaning, use natural Hindi-English code-mixing, and avoid unnecessary English-only or Hindi-only rewriting.

Source utterance:
I think I am the only one who took 5-star chocolate ad kabhi Kuch na karke bhi Dekho too seriously :)",I think I am the only one who took 5-star chocolate ad kabhi Kuch na karke bhi Dekho too seriously :)
479,9086,"Respond naturally to the following real Hinglish dataset utterance. Preserve the intended meaning, use natural Hindi-English code-mixing, and avoid unnecessary English-only or Hindi-only rewriting.

Source utterance:
voter saza de sakta hai agar vo hindu muslim se bahar nikal apne rojgar aur bhavishya par dhyan de to kya aisee ummeed kar sakte hain?",voter saza de sakta hai agar vo hindu muslim se bahar nikal apne rojgar aur bhavishya par dhyan de to kya aisee ummeed kar sakte hain?
480,4905,"Respond naturally to the following real Hinglish dataset utterance. Preserve the intended meaning, use natural Hindi-English code-mixing, and avoid unnecessary English-only or Hindi-only rewriting.

Source utterance:
💯 CP 848 / 32 / DSP 41:36 28.038808,-82.466264","💯 CP 848 / 32 / DSP 41:36 28.038808,-82.466264"
481,10868,"Respond naturally to the following real Hinglish dataset utterance. Preserve the intended meaning, use natural Hindi-English code-mixing, and avoid unnecessary English-only or Hindi-only rewriting.

Source utterance:
o mere ko aapko post dekhkar pta chala h abhi yeh kl raat live aaye the",o mere ko aapko post dekhkar pta chala h abhi yeh kl raat live aaye the
482,1697,"Respond naturally to the following real Hinglish dataset utterance. Preserve the intended meaning, use natural Hindi-English code-mixing, and avoid unnecessary English-only or Hindi-only rewriting.

Source utterance:
an incredible ab from that ends in a walk and then judge grounds into a dp on the first pitch he sees yankees",an incredible ab from that ends in a walk and then judge grounds into a dp on the first pitch he sees yankees
483,14387,"Respond naturally to the following real Hinglish dataset utterance. Preserve the intended meaning, use natural Hindi-English code-mixing, and avoid unnecessary English-only or Hindi-only rewriting.

Source utterance:
Incognito mode mai Krna kyuki uske ads kabhi kabhi inappropriate rhta hai 🚶",Incognito mode mai Krna kyuki uske ads kabhi kabhi inappropriate rhta hai 🚶
484,2200,"Respond naturally to the following real Hinglish dataset utterance. Preserve the intended meaning, use natural Hindi-English code-mixing, and avoid unnecessary English-only or Hindi-only rewriting.

Source utterance:
pra marcar, n sei o","pra marcar, n sei o"
485,1891,"Respond naturally to the following real Hinglish dataset utterance. Preserve the intended meaning, use natural Hindi-English code-mixing, and avoid unnecessary English-only or Hindi-only rewriting.

Source utterance:
haan bhai kaafi competitive aur accha match hai, mujhe pasand nai aa raha","haan bhai kaafi competitive aur accha match hai, mujhe pasand nai aa raha"
486,14578,"Respond naturally to the following real Hinglish dataset utterance. Preserve the intended meaning, use natural Hindi-English code-mixing, and avoid unnecessary English-only or Hindi-only rewriting.

Source utterance:
atleast, akhilesh and do something but modiji kaam kuchh nahi karte hein...??","atleast, akhilesh and do something but modiji kaam kuchh nahi karte hein...??"
487,1753,"Respond naturally to the following real Hinglish dataset utterance. Preserve the intended meaning, use natural Hindi-English code-mixing, and avoid unnecessary English-only or Hindi-only rewriting.

Source utterance:
mujhe toh samajh nahi aata kyu kuch na kuch bolna he hain pratik ko..bigboss ne top 5 ko ek bottom 6 ko evict karne ko kaha..pratik ke pass koi option nahi tha .usko neha ya simba mai se ek ko nikalna he padah..usne neha ko bachaya toh kya baddi baat hui..",mujhe toh samajh nahi aata kyu kuch na kuch bolna he hain pratik ko..bigboss ne top 5 ko ek bottom 6 ko evict karne ko kaha..pratik ke pass koi option nahi tha .usko neha ya simba mai se ek ko nikalna he padah..usne neha ko bachaya toh kya baddi baat hui..
488,12163,"Respond naturally to the following real Hinglish dataset utterance. Preserve the intended meaning, use natural Hindi-English code-mixing, and avoid unnecessary English-only or Hindi-only rewriting.

Source utterance:
Aik jannat ki updates dainy k liye bhi hota k kon jannat main gaya hai kon",Aik jannat ki updates dainy k liye bhi hota k kon jannat main gaya hai kon
489,2546,"Respond naturally to the following real Hinglish dataset utterance. Preserve the intended meaning, use natural Hindi-English code-mixing, and avoid unnecessary English-only or Hindi-only rewriting.

Source utterance:
jitna pyaar main tujhse karti kya utna pyaar tu bhi mujhse karti years of blockbuster express",jitna pyaar main tujhse karti kya utna pyaar tu bhi mujhse karti years of blockbuster express
490,4462,"Respond naturally to the following real Hinglish dataset utterance. Preserve the intended meaning, use natural Hindi-English code-mixing, and avoid unnecessary English-only or Hindi-only rewriting.

Source utterance:
3rd kya kr rha hai bhai",3rd kya kr rha hai bhai
491,4616,"Respond naturally to the following real Hinglish dataset utterance. Preserve the intended meaning, use natural Hindi-English code-mixing, and avoid unnecessary English-only or Hindi-only rewriting.

Source utterance:
sahi kaha sir aapne.. Koi or hota to pta nhi kya krta",sahi kaha sir aapne.. Koi or hota to pta nhi kya krta
492,9909,"Respond naturally to the following real Hinglish dataset utterance. Preserve the intended meaning, use natural Hindi-English code-mixing, and avoid unnecessary English-only or Hindi-only rewriting.

Source utterance:
Oye is umar mey mooh kala asha nahi lgega... Buda ho gya hai apne baap ko v aise bolta hai kya..?",Oye is umar mey mooh kala asha nahi lgega... Buda ho gya hai apne baap ko v aise bolta hai kya..?
493,3450,"Respond naturally to the following real Hinglish dataset utterance. Preserve the intended meaning, use natural Hindi-English code-mixing, and avoid unnecessary English-only or Hindi-only rewriting.

Source utterance:
this fandom has make it so hard to call out . virat ko kuch boldo to uske fans ko bura lag jata hei sai ko to bhai itni si baat boldo to gunah kardia hei apnei. jab ghalti hei to ghalti hei, har baat pei itna drama zaroori hota hei lekin, har baat pei s vs v zaroori hei","this fandom has make it so hard to call out . virat ko kuch boldo to uske fans ko bura lag jata hei sai ko to bhai itni si baat boldo to gunah kardia hei apnei. jab ghalti hei to ghalti hei, har baat pei itna drama zaroori hota hei lekin, har baat pei s vs v zaroori hei"
494,11757,"Respond naturally to the following real Hinglish dataset utterance. Preserve the intended meaning, use natural Hindi-English code-mixing, and avoid unnecessary English-only or Hindi-only rewriting.

Source utterance:
uska thode din se naya chal raha hai.. pehle khud galat karke sabko opp fir bolo muje hi target kar rahe hai then she starts muje bolne do muje bolne do ne acche se observe kiya what teja is doing and bol b diya.. ki yeh yeh yeh karri hai. ek dam clear cut",uska thode din se naya chal raha hai.. pehle khud galat karke sabko opp fir bolo muje hi target kar rahe hai then she starts muje bolne do muje bolne do ne acche se observe kiya what teja is doing and bol b diya.. ki yeh yeh yeh karri hai. ek dam clear cut
495,5617,"Respond naturally to the following real Hinglish dataset utterance. Preserve the intended meaning, use natural Hindi-English code-mixing, and avoid unnecessary English-only or Hindi-only rewriting.

Source utterance:
q chota vas a",q chota vas a
496,3335,"Respond naturally to the following real Hinglish dataset utterance. Preserve the intended meaning, use natural Hindi-English code-mixing, and avoid unnecessary English-only or Hindi-only rewriting.

Source utterance:
Aree bhai itna mirchi kyu lag raha hai tujhe. Ye mt bhul ki jb inke channel pe live debate hua tha tab ye pratik ko defend kr rahe the.",Aree bhai itna mirchi kyu lag raha hai tujhe. Ye mt bhul ki jb inke channel pe live debate hua tha tab ye pratik ko defend kr rahe the.
497,11263,"Respond naturally to the following real Hinglish dataset utterance. Preserve the intended meaning, use natural Hindi-English code-mixing, and avoid unnecessary English-only or Hindi-only rewriting.

Source utterance:
i swear raghav if u smile thinking about ur ex 🔪🔪 chodke chali gayi na vo itne lambe lambe bolte the na pyaar aur ladkiyo ke baare mei bura before marriage ab ur smiling 🙂🙂",i swear raghav if u smile thinking about ur ex 🔪🔪 chodke chali gayi na vo itne lambe lambe bolte the na pyaar aur ladkiyo ke baare mei bura before marriage ab ur smiling 🙂🙂
498,10391,"Respond naturally to the following real Hinglish dataset utterance. Preserve the intended meaning, use natural Hindi-English code-mixing, and avoid unnecessary English-only or Hindi-only rewriting.

Source utterance:
aunty phir se tamasha bana rhi hai riaz family ka. shame on her. once a attention seeker always a attention seeker.. note: gyaan dene wale is tweet se dur rhe.",aunty phir se tamasha bana rhi hai riaz family ka. shame on her. once a attention seeker always a attention seeker.. note: gyaan dene wale is tweet se dur rhe.
499,13974,"Respond naturally to the following real Hinglish dataset utterance. Preserve the intended meaning, use natural Hindi-English code-mixing, and avoid unnecessary English-only or Hindi-only rewriting.

Source utterance:
je ma m re a dit on va la dick au lieu de la dune",je ma m re a dit on va la dick au lieu de la dune
500,4325,"Respond naturally to the following real Hinglish dataset utterance. Preserve the intended meaning, use natural Hindi-English code-mixing, and avoid unnecessary English-only or Hindi-only rewriting.

Source utterance:
badi ki var ya",badi ki var ya
501,8280,"Respond naturally to the following real Hinglish dataset utterance. Preserve the intended meaning, use natural Hindi-English code-mixing, and avoid unnecessary English-only or Hindi-only rewriting.

Source utterance:
teja- we are strong agar ye ghr ek taraf or ham ek taraf to ham strong hai kk-yes teja -or agar alg bhi honge to mai akele bhi strong hu or tu bhi kk- nhi yaar teja -tu hai strong yaar kk -nhi phir maza nhi aayega",teja- we are strong agar ye ghr ek taraf or ham ek taraf to ham strong hai kk-yes teja -or agar alg bhi honge to mai akele bhi strong hu or tu bhi kk- nhi yaar teja -tu hai strong yaar kk -nhi phir maza nhi aayega
502,8004,"Respond naturally to the following real Hinglish dataset utterance. Preserve the intended meaning, use natural Hindi-English code-mixing, and avoid unnecessary English-only or Hindi-only rewriting.

Source utterance:
Uske apne ko nai mil Rahi Usman reserves mein hai or zafar squad mein bhi nai hai 😂😂😂😂",Uske apne ko nai mil Rahi Usman reserves mein hai or zafar squad mein bhi nai hai 😂😂😂😂
503,4114,"Respond naturally to the following real Hinglish dataset utterance. Preserve the intended meaning, use natural Hindi-English code-mixing, and avoid unnecessary English-only or Hindi-only rewriting.

Source utterance:
this is unbelievable mann!!!!!😖💔💔💔💔 mai aur kuch din phele hi inke baat kar rahe te aur ajj yeh?💔💔😖 may his soul rest in peace 🙏",this is unbelievable mann!!!!!😖💔💔💔💔 mai aur kuch din phele hi inke baat kar rahe te aur ajj yeh?💔💔😖 may his soul rest in peace 🙏
504,13862,"Respond naturally to the following real Hinglish dataset utterance. Preserve the intended meaning, use natural Hindi-English code-mixing, and avoid unnecessary English-only or Hindi-only rewriting.

Source utterance:
yes ....but its high time now 💼top 3 m h ...can't sit ideally ...equally participate karenge or hum kudh alternate day solo trend karenge ... what's imp is in top 2 doesn't matter what toxic solos think abt our loyalty ...",yes ....but its high time now 💼top 3 m h ...can't sit ideally ...equally participate karenge or hum kudh alternate day solo trend karenge ... what's imp is in top 2 doesn't matter what toxic solos think abt our loyalty ...
505,832,"Respond naturally to the following real Hinglish dataset utterance. Preserve the intended meaning, use natural Hindi-English code-mixing, and avoid unnecessary English-only or Hindi-only rewriting.

Source utterance:
Phir Single rah lenge or thoda gham seh lenge kam se kam Zinda to rahenge 😐",Phir Single rah lenge or thoda gham seh lenge kam se kam Zinda to rahenge 😐
506,1512,"Respond naturally to the following real Hinglish dataset utterance. Preserve the intended meaning, use natural Hindi-English code-mixing, and avoid unnecessary English-only or Hindi-only rewriting.

Source utterance:
sher sher hota ha. we watch bb15 for pratik",sher sher hota ha. we watch bb15 for pratik
507,10392,"Respond naturally to the following real Hinglish dataset utterance. Preserve the intended meaning, use natural Hindi-English code-mixing, and avoid unnecessary English-only or Hindi-only rewriting.

Source utterance:
Venky Iyer is a big Ganguly bhakt . Ab mein samjha itna jaldi usko India ke liye kaise khelne mil gaya ...",Venky Iyer is a big Ganguly bhakt . Ab mein samjha itna jaldi usko India ke liye kaise khelne mil gaya ...
508,4533,"Respond naturally to the following real Hinglish dataset utterance. Preserve the intended meaning, use natural Hindi-English code-mixing, and avoid unnecessary English-only or Hindi-only rewriting.

Source utterance:
tdp fans 😂 function",tdp fans 😂 function
509,722,"Respond naturally to the following real Hinglish dataset utterance. Preserve the intended meaning, use natural Hindi-English code-mixing, and avoid unnecessary English-only or Hindi-only rewriting.

Source utterance:
during the show bohut logo ne bohut kuch bola hai. kuch bhi one sided nai tha. after sid dismiss bhi tum logo ne ko bohut kuch bola par hum chup reha we didnt wanted to disrespect sid aur abhi bhi we will not anything./2",during the show bohut logo ne bohut kuch bola hai. kuch bhi one sided nai tha. after sid dismiss bhi tum logo ne ko bohut kuch bola par hum chup reha we didnt wanted to disrespect sid aur abhi bhi we will not anything./2
510,58,"Respond naturally to the following real Hinglish dataset utterance. Preserve the intended meaning, use natural Hindi-English code-mixing, and avoid unnecessary English-only or Hindi-only rewriting.

Source utterance:
Maine kuch time ke liye grudges rakhne wali baat sahi boli hai..lifelong nahi 😂",Maine kuch time ke liye grudges rakhne wali baat sahi boli hai..lifelong nahi 😂
511,5464,"Respond naturally to the following real Hinglish dataset utterance. Preserve the intended meaning, use natural Hindi-English code-mixing, and avoid unnecessary English-only or Hindi-only rewriting.

Source utterance:
pata mujhe app logo ka b hai, jindagi ki watt lagaye hoi hai tum sabki 😂, educated language hai ap logo ki 😂🤭","pata mujhe app logo ka b hai, jindagi ki watt lagaye hoi hai tum sabki 😂, educated language hai ap logo ki 😂🤭"
512,12634,"Respond naturally to the following real Hinglish dataset utterance. Preserve the intended meaning, use natural Hindi-English code-mixing, and avoid unnecessary English-only or Hindi-only rewriting.

Source utterance:
mujhe dekhna hai kesa hota hai healthy pizza 😩",mujhe dekhna hai kesa hota hai healthy pizza 😩
513,2143,"Respond naturally to the following real Hinglish dataset utterance. Preserve the intended meaning, use natural Hindi-English code-mixing, and avoid unnecessary English-only or Hindi-only rewriting.

Source utterance:
❄ day 17 : best actor of 2021 - shin ha kyun as lee dong in shin ha hyun was able to create such a compelling character in lee dong shik. he really played up the misunderstood and a bit mad. well done !",❄ day 17 : best actor of 2021 - shin ha kyun as lee dong in shin ha hyun was able to create such a compelling character in lee dong shik. he really played up the misunderstood and a bit mad. well done !
514,10438,"Respond naturally to the following real Hinglish dataset utterance. Preserve the intended meaning, use natural Hindi-English code-mixing, and avoid unnecessary English-only or Hindi-only rewriting.

Source utterance:
Bhai pls batao kab aur kitne baje kaha par me ahmedabad se hii hu",Bhai pls batao kab aur kitne baje kaha par me ahmedabad se hii hu
515,4291,"Respond naturally to the following real Hinglish dataset utterance. Preserve the intended meaning, use natural Hindi-English code-mixing, and avoid unnecessary English-only or Hindi-only rewriting.

Source utterance:
main jo sar-ba-sajda hua kabh to zamin se aane lagi sada dil to hai sanam-ashna tujhe kya milega namaz me.",main jo sar-ba-sajda hua kabh to zamin se aane lagi sada dil to hai sanam-ashna tujhe kya milega namaz me.
516,2647,"Respond naturally to the following real Hinglish dataset utterance. Preserve the intended meaning, use natural Hindi-English code-mixing, and avoid unnecessary English-only or Hindi-only rewriting.

Source utterance:
Mujhe bhi shout out de do yar koi",Mujhe bhi shout out de do yar koi
517,12144,"Respond naturally to the following real Hinglish dataset utterance. Preserve the intended meaning, use natural Hindi-English code-mixing, and avoid unnecessary English-only or Hindi-only rewriting.

Source utterance:
gaya gaya ako eh kaya who wants to be my ig moot din ??? ( personal acc i2 )",gaya gaya ako eh kaya who wants to be my ig moot din ??? ( personal acc i2 )
518,7239,"Respond naturally to the following real Hinglish dataset utterance. Preserve the intended meaning, use natural Hindi-English code-mixing, and avoid unnecessary English-only or Hindi-only rewriting.

Source utterance:
only difference is that gora aur jisko bulaya jaata hai usko aksar bura nahi lagta hai !",only difference is that gora aur jisko bulaya jaata hai usko aksar bura nahi lagta hai !
519,9038,"Respond naturally to the following real Hinglish dataset utterance. Preserve the intended meaning, use natural Hindi-English code-mixing, and avoid unnecessary English-only or Hindi-only rewriting.

Source utterance:
All the chutiya shows keep getting renewed year after year. Mere hi itne saare favorites cancel kyun ho jaate hain? No fair.",All the chutiya shows keep getting renewed year after year. Mere hi itne saare favorites cancel kyun ho jaate hain? No fair.
520,11561,"Respond naturally to the following real Hinglish dataset utterance. Preserve the intended meaning, use natural Hindi-English code-mixing, and avoid unnecessary English-only or Hindi-only rewriting.

Source utterance:
Im a fool 😭😩",Im a fool 😭😩
521,7007,"Respond naturally to the following real Hinglish dataset utterance. Preserve the intended meaning, use natural Hindi-English code-mixing, and avoid unnecessary English-only or Hindi-only rewriting.

Source utterance:
kuch nahi. back to back 3 doston ne call nahi uthayi. i was to call you also then i got scared ki agar tune bhi nahi uthayi toh 🥺",kuch nahi. back to back 3 doston ne call nahi uthayi. i was to call you also then i got scared ki agar tune bhi nahi uthayi toh 🥺
522,9189,"Respond naturally to the following real Hinglish dataset utterance. Preserve the intended meaning, use natural Hindi-English code-mixing, and avoid unnecessary English-only or Hindi-only rewriting.

Source utterance:
Kuch arzoo nahi hai, hai arzoo toh yeh-rakh de koi zara si khak-e-watan kafan mein -Shaheed Khan","Kuch arzoo nahi hai, hai arzoo toh yeh-rakh de koi zara si khak-e-watan kafan mein -Shaheed Khan"
523,158,"Respond naturally to the following real Hinglish dataset utterance. Preserve the intended meaning, use natural Hindi-English code-mixing, and avoid unnecessary English-only or Hindi-only rewriting.

Source utterance:
breaking: city of london on lockdown: emergency as police seal of major roads - public 'told to run' but don't worry thinks it's all part and parcel of living in a city! time khan resigned;",breaking: city of london on lockdown: emergency as police seal of major roads - public 'told to run' but don't worry thinks it's all part and parcel of living in a city! time khan resigned;
524,1232,"Respond naturally to the following real Hinglish dataset utterance. Preserve the intended meaning, use natural Hindi-English code-mixing, and avoid unnecessary English-only or Hindi-only rewriting.

Source utterance:
' ' buraa na maan jo buraa kahe aisaa bhii koii hai ki sab kahen jise",' ' buraa na maan jo buraa kahe aisaa bhii koii hai ki sab kahen jise
525,14468,"Respond naturally to the following real Hinglish dataset utterance. Preserve the intended meaning, use natural Hindi-English code-mixing, and avoid unnecessary English-only or Hindi-only rewriting.

Source utterance:
hard per shayar ban to dard chahiye dard chot dil pe lagii pyaar hone lagaa",hard per shayar ban to dard chahiye dard chot dil pe lagii pyaar hone lagaa
526,11321,"Respond naturally to the following real Hinglish dataset utterance. Preserve the intended meaning, use natural Hindi-English code-mixing, and avoid unnecessary English-only or Hindi-only rewriting.

Source utterance:
Aya na mujhko mnane tu ek bar bhi Jese chahta hi tha m ruth jau",Aya na mujhko mnane tu ek bar bhi Jese chahta hi tha m ruth jau
527,2442,"Respond naturally to the following real Hinglish dataset utterance. Preserve the intended meaning, use natural Hindi-English code-mixing, and avoid unnecessary English-only or Hindi-only rewriting.

Source utterance:
again? something is definitely amiss! i sent you the screen shot yesterday! it has happened more than a dozen times now! 😖😖 bhai, shall i tag un and modi for this? 😅🤦♂️🤦♂️","again? something is definitely amiss! i sent you the screen shot yesterday! it has happened more than a dozen times now! 😖😖 bhai, shall i tag un and modi for this? 😅🤦♂️🤦♂️"
528,8938,"Respond naturally to the following real Hinglish dataset utterance. Preserve the intended meaning, use natural Hindi-English code-mixing, and avoid unnecessary English-only or Hindi-only rewriting.

Source utterance:
ye na choke hone ka fake act kar rahi thi so that umar being a doc comes out of his place ( a letter, where he have to stand to keep captaincy) to hell her.","ye na choke hone ka fake act kar rahi thi so that umar being a doc comes out of his place ( a letter, where he have to stand to keep captaincy) to hell her."
529,590,"Respond naturally to the following real Hinglish dataset utterance. Preserve the intended meaning, use natural Hindi-English code-mixing, and avoid unnecessary English-only or Hindi-only rewriting.

Source utterance:
wo sab theek hai didi ji ap journalism kab tak mam mujhe bhi aap jaisa honhar journalist banna hai",wo sab theek hai didi ji ap journalism kab tak mam mujhe bhi aap jaisa honhar journalist banna hai
530,13674,"Respond naturally to the following real Hinglish dataset utterance. Preserve the intended meaning, use natural Hindi-English code-mixing, and avoid unnecessary English-only or Hindi-only rewriting.

Source utterance:
abe aj se pehle gold nhi jeeta kya india kesa ho gaya re tu tujhe to smjhdar manta tha mai",abe aj se pehle gold nhi jeeta kya india kesa ho gaya re tu tujhe to smjhdar manta tha mai
531,6049,"Respond naturally to the following real Hinglish dataset utterance. Preserve the intended meaning, use natural Hindi-English code-mixing, and avoid unnecessary English-only or Hindi-only rewriting.

Source utterance:
Happy ending bisa yuu!!!!",Happy ending bisa yuu!!!!
532,9543,"Respond naturally to the following real Hinglish dataset utterance. Preserve the intended meaning, use natural Hindi-English code-mixing, and avoid unnecessary English-only or Hindi-only rewriting.

Source utterance:
mei award hi milte hai kangna ko azaadi lgti hai ko bhi award mile pichle kuch dino mei unke muqable Kangna ne 0.01% bhi contribute nhi kiya",mei award hi milte hai kangna ko azaadi lgti hai ko bhi award mile pichle kuch dino mei unke muqable Kangna ne 0.01% bhi contribute nhi kiya
533,9052,"Respond naturally to the following real Hinglish dataset utterance. Preserve the intended meaning, use natural Hindi-English code-mixing, and avoid unnecessary English-only or Hindi-only rewriting.

Source utterance:
me aise v kaun bolta h",me aise v kaun bolta h
534,2426,"Respond naturally to the following real Hinglish dataset utterance. Preserve the intended meaning, use natural Hindi-English code-mixing, and avoid unnecessary English-only or Hindi-only rewriting.

Source utterance:
aap logon ke kya hai is idc report ke baare mein please bataiye mujhe bhi power to smes",aap logon ke kya hai is idc report ke baare mein please bataiye mujhe bhi power to smes
535,7041,"Respond naturally to the following real Hinglish dataset utterance. Preserve the intended meaning, use natural Hindi-English code-mixing, and avoid unnecessary English-only or Hindi-only rewriting.

Source utterance:
great always aise he raho happy happy juhi ❤",great always aise he raho happy happy juhi ❤
536,2088,"Respond naturally to the following real Hinglish dataset utterance. Preserve the intended meaning, use natural Hindi-English code-mixing, and avoid unnecessary English-only or Hindi-only rewriting.

Source utterance:
Je ©tudier que lallure ci hum.",Je ©tudier que lallure ci hum.
537,685,"Respond naturally to the following real Hinglish dataset utterance. Preserve the intended meaning, use natural Hindi-English code-mixing, and avoid unnecessary English-only or Hindi-only rewriting.

Source utterance:
Beer mei aag laga do Amar bhai phir piyo",Beer mei aag laga do Amar bhai phir piyo
538,5050,"Respond naturally to the following real Hinglish dataset utterance. Preserve the intended meaning, use natural Hindi-English code-mixing, and avoid unnecessary English-only or Hindi-only rewriting.

Source utterance:
songs featured in movies/tv shows saanson ki maala pe; performed by ustad nusrat ali khan remember me (2010) starring robert pattinson, meghan markle, pierce brosnan, chris cooper .","songs featured in movies/tv shows saanson ki maala pe; performed by ustad nusrat ali khan remember me (2010) starring robert pattinson, meghan markle, pierce brosnan, chris cooper ."
539,5974,"Respond naturally to the following real Hinglish dataset utterance. Preserve the intended meaning, use natural Hindi-English code-mixing, and avoid unnecessary English-only or Hindi-only rewriting.

Source utterance:
During offline exams of class 10th and 12th agar students ko corona hota hai toh responsibility tu lega kya bhai ...",During offline exams of class 10th and 12th agar students ko corona hota hai toh responsibility tu lega kya bhai ...
540,13043,"Respond naturally to the following real Hinglish dataset utterance. Preserve the intended meaning, use natural Hindi-English code-mixing, and avoid unnecessary English-only or Hindi-only rewriting.

Source utterance:
15,000 pli (production linked incentive) .","15,000 pli (production linked incentive) ."
541,14101,"Respond naturally to the following real Hinglish dataset utterance. Preserve the intended meaning, use natural Hindi-English code-mixing, and avoid unnecessary English-only or Hindi-only rewriting.

Source utterance:
boss woh banega jo haqdaar hoga, aur se zyada haqdaar koi nahi .. 52","boss woh banega jo haqdaar hoga, aur se zyada haqdaar koi nahi .. 52"
542,653,"Respond naturally to the following real Hinglish dataset utterance. Preserve the intended meaning, use natural Hindi-English code-mixing, and avoid unnecessary English-only or Hindi-only rewriting.

Source utterance:
lol if rashid khan is 23, shahid afridi is still 30.","lol if rashid khan is 23, shahid afridi is still 30."
543,5862,"Respond naturally to the following real Hinglish dataset utterance. Preserve the intended meaning, use natural Hindi-English code-mixing, and avoid unnecessary English-only or Hindi-only rewriting.

Source utterance:
kisi ke kahne se kuch nhi hota aap pahle bhi ⭐ thi ab bhi ⭐ hai aur hamesha ⭐ hum aapse tahe dill❤ se connected hai we love you only rubina matter",kisi ke kahne se kuch nhi hota aap pahle bhi ⭐ thi ab bhi ⭐ hai aur hamesha ⭐ hum aapse tahe dill❤ se connected hai we love you only rubina matter
544,3441,"Respond naturally to the following real Hinglish dataset utterance. Preserve the intended meaning, use natural Hindi-English code-mixing, and avoid unnecessary English-only or Hindi-only rewriting.

Source utterance:
kajal hame apne group me logi dear 👩🚒👨👩👧👧🤰",kajal hame apne group me logi dear 👩🚒👨👩👧👧🤰
545,11174,"Respond naturally to the following real Hinglish dataset utterance. Preserve the intended meaning, use natural Hindi-English code-mixing, and avoid unnecessary English-only or Hindi-only rewriting.

Source utterance:
bill 2000 hone pe vibhag ke dwara 73551 ka bill message kiya ja rha hai kya hoga in reservation se naukari pane walo ka jo apne pet bharne ke liye vibhag ko badnam kar rhe hai",bill 2000 hone pe vibhag ke dwara 73551 ka bill message kiya ja rha hai kya hoga in reservation se naukari pane walo ka jo apne pet bharne ke liye vibhag ko badnam kar rhe hai
546,4088,"Respond naturally to the following real Hinglish dataset utterance. Preserve the intended meaning, use natural Hindi-English code-mixing, and avoid unnecessary English-only or Hindi-only rewriting.

Source utterance:
aise to hain. 👇😹",aise to hain. 👇😹
547,10927,"Respond naturally to the following real Hinglish dataset utterance. Preserve the intended meaning, use natural Hindi-English code-mixing, and avoid unnecessary English-only or Hindi-only rewriting.

Source utterance:
I received it on WhatsApp. It is news. for a reason 😂",I received it on WhatsApp. It is news. for a reason 😂
548,1684,"Respond naturally to the following real Hinglish dataset utterance. Preserve the intended meaning, use natural Hindi-English code-mixing, and avoid unnecessary English-only or Hindi-only rewriting.

Source utterance:
Once you fully understand enterprise software architecture, it makes it very hard to prototype simple things without overthinking.. but let me hack something for this 😅","Once you fully understand enterprise software architecture, it makes it very hard to prototype simple things without overthinking.. but let me hack something for this 😅"
549,5794,"Respond naturally to the following real Hinglish dataset utterance. Preserve the intended meaning, use natural Hindi-English code-mixing, and avoid unnecessary English-only or Hindi-only rewriting.

Source utterance:
'hindu name' is a privilege in india. imagine if this &amp; this would've been would've been muhammad shahrukh khan",'hindu name' is a privilege in india. imagine if this &amp; this would've been would've been muhammad shahrukh khan
550,12781,"Respond naturally to the following real Hinglish dataset utterance. Preserve the intended meaning, use natural Hindi-English code-mixing, and avoid unnecessary English-only or Hindi-only rewriting.

Source utterance:
U r bigboss material",U r bigboss material
551,9173,"Respond naturally to the following real Hinglish dataset utterance. Preserve the intended meaning, use natural Hindi-English code-mixing, and avoid unnecessary English-only or Hindi-only rewriting.

Source utterance:
Aree ye khabri log pratik ko support kar rahe hai iska matlab ye sab paid hai lagta hai",Aree ye khabri log pratik ko support kar rahe hai iska matlab ye sab paid hai lagta hai
552,14485,"Respond naturally to the following real Hinglish dataset utterance. Preserve the intended meaning, use natural Hindi-English code-mixing, and avoid unnecessary English-only or Hindi-only rewriting.

Source utterance:
Ha but Bc sab ladke hi comments kar rahe 😭😭sad lyf 😥🥺",Ha but Bc sab ladke hi comments kar rahe 😭😭sad lyf 😥🥺
553,14331,"Respond naturally to the following real Hinglish dataset utterance. Preserve the intended meaning, use natural Hindi-English code-mixing, and avoid unnecessary English-only or Hindi-only rewriting.

Source utterance:
imran khan..kal jab too 10 e rasool allah ko shaheed kr ky match dekh raha tha ..to mujhy or nero yaad aya...phir yaad aya ky umer (ra) to ik aam insaan ka bhi jawab dety thy...",imran khan..kal jab too 10 e rasool allah ko shaheed kr ky match dekh raha tha ..to mujhy or nero yaad aya...phir yaad aya ky umer (ra) to ik aam insaan ka bhi jawab dety thy...
554,10168,"Respond naturally to the following real Hinglish dataset utterance. Preserve the intended meaning, use natural Hindi-English code-mixing, and avoid unnecessary English-only or Hindi-only rewriting.

Source utterance:
inlogo ke alawa agar umar ke dusre fc kuch activity krle to inko bahut problm ho jati hai grow up kids don't mess with umar",inlogo ke alawa agar umar ke dusre fc kuch activity krle to inko bahut problm ho jati hai grow up kids don't mess with umar
555,12279,"Respond naturally to the following real Hinglish dataset utterance. Preserve the intended meaning, use natural Hindi-English code-mixing, and avoid unnecessary English-only or Hindi-only rewriting.

Source utterance:
ghatiya log morally bankrupt",ghatiya log morally bankrupt
556,2532,"Respond naturally to the following real Hinglish dataset utterance. Preserve the intended meaning, use natural Hindi-English code-mixing, and avoid unnecessary English-only or Hindi-only rewriting.

Source utterance:
Pehle parivar walon ko bataya jaata hai phir officially declare hota h",Pehle parivar walon ko bataya jaata hai phir officially declare hota h
557,3878,"Respond naturally to the following real Hinglish dataset utterance. Preserve the intended meaning, use natural Hindi-English code-mixing, and avoid unnecessary English-only or Hindi-only rewriting.

Source utterance:
apa kabar concept 3 yahh? 🙃🙃🙃🙃🙃🙃",apa kabar concept 3 yahh? 🙃🙃🙃🙃🙃🙃
558,14165,"Respond naturally to the following real Hinglish dataset utterance. Preserve the intended meaning, use natural Hindi-English code-mixing, and avoid unnecessary English-only or Hindi-only rewriting.

Source utterance:
sir main juta ki dukan main naukari karta hu.mujhe car bikes paisa kuch chahiye.mujhe mari gaon me choti se juta ki dukan khulna hai please madad kijiye.sir ghar ki halat bahut kharap hai.sabko bola par koi madad nahin kar raha hai.please sir madad kijiye",sir main juta ki dukan main naukari karta hu.mujhe car bikes paisa kuch chahiye.mujhe mari gaon me choti se juta ki dukan khulna hai please madad kijiye.sir ghar ki halat bahut kharap hai.sabko bola par koi madad nahin kar raha hai.please sir madad kijiye
559,2662,"Respond naturally to the following real Hinglish dataset utterance. Preserve the intended meaning, use natural Hindi-English code-mixing, and avoid unnecessary English-only or Hindi-only rewriting.

Source utterance:
Baat karwao jara Aunty ji se, Ladka dekh liya hai to, aaj se hi shuru karwa dete hain, 11 Dec ka hai. Or agar ladka bhi dekhna hai to vaise batao,16yrs ki married life mein hum husband wife 10-15 rishte karwa chuke hain, A-Z bahut expertise ho gai hai ab to","Baat karwao jara Aunty ji se, Ladka dekh liya hai to, aaj se hi shuru karwa dete hain, 11 Dec ka hai. Or agar ladka bhi dekhna hai to vaise batao,16yrs ki married life mein hum husband wife 10-15 rishte karwa chuke hain, A-Z bahut expertise ho gai hai ab to"
560,13105,"Respond naturally to the following real Hinglish dataset utterance. Preserve the intended meaning, use natural Hindi-English code-mixing, and avoid unnecessary English-only or Hindi-only rewriting.

Source utterance:
ecb ne pak tour kyun cancel kiya woh bhi bata de. better focus on your country's issues 🤣🤦♂️",ecb ne pak tour kyun cancel kiya woh bhi bata de. better focus on your country's issues 🤣🤦♂️
561,13283,"Respond naturally to the following real Hinglish dataset utterance. Preserve the intended meaning, use natural Hindi-English code-mixing, and avoid unnecessary English-only or Hindi-only rewriting.

Source utterance:
what is this behavior kundrri?? 🙈🙈🙈🙈🙈 aapki sweety ko kuch kuch horaha hai jo humko idhar feel horaha hai.... 😂😂😂😂",what is this behavior kundrri?? 🙈🙈🙈🙈🙈 aapki sweety ko kuch kuch horaha hai jo humko idhar feel horaha hai.... 😂😂😂😂
562,2900,"Respond naturally to the following real Hinglish dataset utterance. Preserve the intended meaning, use natural Hindi-English code-mixing, and avoid unnecessary English-only or Hindi-only rewriting.

Source utterance:
matlab 200 tak kya... aisi reporting kaise kerte ho bhai....",matlab 200 tak kya... aisi reporting kaise kerte ho bhai....
563,14441,"Respond naturally to the following real Hinglish dataset utterance. Preserve the intended meaning, use natural Hindi-English code-mixing, and avoid unnecessary English-only or Hindi-only rewriting.

Source utterance:
Shamita ki mom gi n she wont like it,so koi usy kuch na kahay Kiu baqi contestants k parents nhi hain kia Unhe dekh k kaisa lagy ga k host himself is degrading their child STOP DEFAMING DOCTOR UMAR","Shamita ki mom gi n she wont like it,so koi usy kuch na kahay Kiu baqi contestants k parents nhi hain kia Unhe dekh k kaisa lagy ga k host himself is degrading their child STOP DEFAMING DOCTOR UMAR"
564,6755,"Respond naturally to the following real Hinglish dataset utterance. Preserve the intended meaning, use natural Hindi-English code-mixing, and avoid unnecessary English-only or Hindi-only rewriting.

Source utterance:
Bilkul sahi baat hai. Hardware Ke sath System Software ko to jaldi optimise kar lenge lekin App Developers ko Application Softwares ko Hardware ke sath Calibrate karne me time to lagega. Is mamle me SABAR KA FAL MEETHA",Bilkul sahi baat hai. Hardware Ke sath System Software ko to jaldi optimise kar lenge lekin App Developers ko Application Softwares ko Hardware ke sath Calibrate karne me time to lagega. Is mamle me SABAR KA FAL MEETHA
565,406,"Respond naturally to the following real Hinglish dataset utterance. Preserve the intended meaning, use natural Hindi-English code-mixing, and avoid unnecessary English-only or Hindi-only rewriting.

Source utterance:
Like di ek toh personal acc h.Lekin usmein Sabko followers banana sahi nhi hoga na. Toh ek purana acc pada tha.usko use karlun!?",Like di ek toh personal acc h.Lekin usmein Sabko followers banana sahi nhi hoga na. Toh ek purana acc pada tha.usko use karlun!?
566,2938,"Respond naturally to the following real Hinglish dataset utterance. Preserve the intended meaning, use natural Hindi-English code-mixing, and avoid unnecessary English-only or Hindi-only rewriting.

Source utterance:
Apne ghar k sanskar twitter par mat dikhaya karo, warna post karne ko hamare pass bhi bahut kuch hai, par hame ne baandh rkha hai.","Apne ghar k sanskar twitter par mat dikhaya karo, warna post karne ko hamare pass bhi bahut kuch hai, par hame ne baandh rkha hai."
567,12067,"Respond naturally to the following real Hinglish dataset utterance. Preserve the intended meaning, use natural Hindi-English code-mixing, and avoid unnecessary English-only or Hindi-only rewriting.

Source utterance:
hath uska pakdo jo kabhi na chore..!! like: electric wire",hath uska pakdo jo kabhi na chore..!! like: electric wire
568,5442,"Respond naturally to the following real Hinglish dataset utterance. Preserve the intended meaning, use natural Hindi-English code-mixing, and avoid unnecessary English-only or Hindi-only rewriting.

Source utterance:
agar salman ne abhi v koi action nai liya simba pe to vo apne ka vhi saga nai hai.simba ne umar ko sirf isiliye terrorist bola kyuki vo muslim hai .uska ganda dimag hai",agar salman ne abhi v koi action nai liya simba pe to vo apne ka vhi saga nai hai.simba ne umar ko sirf isiliye terrorist bola kyuki vo muslim hai .uska ganda dimag hai
569,12818,"Respond naturally to the following real Hinglish dataset utterance. Preserve the intended meaning, use natural Hindi-English code-mixing, and avoid unnecessary English-only or Hindi-only rewriting.

Source utterance:
ake baat aaj tk samjh nhii aayi.. jisko b mobile do wo gallery mai he kyu hai.",ake baat aaj tk samjh nhii aayi.. jisko b mobile do wo gallery mai he kyu hai.
570,6745,"Respond naturally to the following real Hinglish dataset utterance. Preserve the intended meaning, use natural Hindi-English code-mixing, and avoid unnecessary English-only or Hindi-only rewriting.

Source utterance:
mai itna positive hu mujhe sare mcq's ke answer he theek lagte hain 😂😂😂😂😂😂😂😂😂😂😂😂",mai itna positive hu mujhe sare mcq's ke answer he theek lagte hain 😂😂😂😂😂😂😂😂😂😂😂😂
571,13143,"Respond naturally to the following real Hinglish dataset utterance. Preserve the intended meaning, use natural Hindi-English code-mixing, and avoid unnecessary English-only or Hindi-only rewriting.

Source utterance:
Haan he didn't peak when amir got him out. He didn't peak when junaid got him out. Peak tw kabhi Ayi nahi. Hain na?",Haan he didn't peak when amir got him out. He didn't peak when junaid got him out. Peak tw kabhi Ayi nahi. Hain na?
572,10975,"Respond naturally to the following real Hinglish dataset utterance. Preserve the intended meaning, use natural Hindi-English code-mixing, and avoid unnecessary English-only or Hindi-only rewriting.

Source utterance:
Jhooth bolne aapke maalik modiji se aage koi ni...abhi kl hi ek or jhooth aaye hai . Wo thode hi dikha hoga tb to aankh kaan muh sb band kr lete ho",Jhooth bolne aapke maalik modiji se aage koi ni...abhi kl hi ek or jhooth aaye hai . Wo thode hi dikha hoga tb to aankh kaan muh sb band kr lete ho
573,14156,"Respond naturally to the following real Hinglish dataset utterance. Preserve the intended meaning, use natural Hindi-English code-mixing, and avoid unnecessary English-only or Hindi-only rewriting.

Source utterance:
😂😂😂😂well executed kya hota hai sree? cliche cliche hota hai bas malini ko poora ka poora villain bana diya woh butchering nahin hai? sk aur meethi ko nahin chhoda toh baaki kya hai. sab honge. ka try kiya beech mein. nahin chala toh course correct kar diya",😂😂😂😂well executed kya hota hai sree? cliche cliche hota hai bas malini ko poora ka poora villain bana diya woh butchering nahin hai? sk aur meethi ko nahin chhoda toh baaki kya hai. sab honge. ka try kiya beech mein. nahin chala toh course correct kar diya
574,12043,"Respond naturally to the following real Hinglish dataset utterance. Preserve the intended meaning, use natural Hindi-English code-mixing, and avoid unnecessary English-only or Hindi-only rewriting.

Source utterance:
Samjh mujhe ni ayi bht retweet maine hai",Samjh mujhe ni ayi bht retweet maine hai
575,4065,"Respond naturally to the following real Hinglish dataset utterance. Preserve the intended meaning, use natural Hindi-English code-mixing, and avoid unnecessary English-only or Hindi-only rewriting.

Source utterance:
alvarez que no es vista gil",alvarez que no es vista gil
576,2608,"Respond naturally to the following real Hinglish dataset utterance. Preserve the intended meaning, use natural Hindi-English code-mixing, and avoid unnecessary English-only or Hindi-only rewriting.

Source utterance:
abhi tak toh nahi banaya hai kuch. mom will be cooking tonight.",abhi tak toh nahi banaya hai kuch. mom will be cooking tonight.
577,12900,"Respond naturally to the following real Hinglish dataset utterance. Preserve the intended meaning, use natural Hindi-English code-mixing, and avoid unnecessary English-only or Hindi-only rewriting.

Source utterance:
Aapna tweet dobara bhai saab aap ne likhaya kya ha. Ki shaan me koi kaami nahi hui matlab ab b ho jatti to Shan me phir b koi kammi na hoti right ess liye ye question aap se puche gaye ha",Aapna tweet dobara bhai saab aap ne likhaya kya ha. Ki shaan me koi kaami nahi hui matlab ab b ho jatti to Shan me phir b koi kammi na hoti right ess liye ye question aap se puche gaye ha
578,11489,"Respond naturally to the following real Hinglish dataset utterance. Preserve the intended meaning, use natural Hindi-English code-mixing, and avoid unnecessary English-only or Hindi-only rewriting.

Source utterance:
Ya right but this ghatiya show does not deserve him",Ya right but this ghatiya show does not deserve him
579,1771,"Respond naturally to the following real Hinglish dataset utterance. Preserve the intended meaning, use natural Hindi-English code-mixing, and avoid unnecessary English-only or Hindi-only rewriting.

Source utterance:
Or mujhy aaj Haha haan culture day bhi hota hai aaj pta chala warna to sindhi, balouchi, yhi ziada famous","Or mujhy aaj Haha haan culture day bhi hota hai aaj pta chala warna to sindhi, balouchi, yhi ziada famous"
580,6267,"Respond naturally to the following real Hinglish dataset utterance. Preserve the intended meaning, use natural Hindi-English code-mixing, and avoid unnecessary English-only or Hindi-only rewriting.

Source utterance:
everything is temporary but preshan hota hoa bhi agar koi pocha 'kia hal ha' to thik ho kahna is permanent🥺",everything is temporary but preshan hota hoa bhi agar koi pocha 'kia hal ha' to thik ho kahna is permanent🥺
581,14289,"Respond naturally to the following real Hinglish dataset utterance. Preserve the intended meaning, use natural Hindi-English code-mixing, and avoid unnecessary English-only or Hindi-only rewriting.

Source utterance:
bhaiya aise tweet karne se to koi khas madad nahi milegi. aap jo bhi kaam krte hai man laga kar kijiye. samay badal jayega ek din. apne jin se udhar liya tha unko bolo ki dhire dhire kr ke lauta doge. sab theek ho jaega.",bhaiya aise tweet karne se to koi khas madad nahi milegi. aap jo bhi kaam krte hai man laga kar kijiye. samay badal jayega ek din. apne jin se udhar liya tha unko bolo ki dhire dhire kr ke lauta doge. sab theek ho jaega.
582,634,"Respond naturally to the following real Hinglish dataset utterance. Preserve the intended meaning, use natural Hindi-English code-mixing, and avoid unnecessary English-only or Hindi-only rewriting.

Source utterance:
stress kaise door hoga",stress kaise door hoga
583,14067,"Respond naturally to the following real Hinglish dataset utterance. Preserve the intended meaning, use natural Hindi-English code-mixing, and avoid unnecessary English-only or Hindi-only rewriting.

Source utterance:
jai bhim wale b apne log b follow ni krte",jai bhim wale b apne log b follow ni krte
584,7711,"Respond naturally to the following real Hinglish dataset utterance. Preserve the intended meaning, use natural Hindi-English code-mixing, and avoid unnecessary English-only or Hindi-only rewriting.

Source utterance:
mil gaya hug or kiss or aaj gym class today bhi hai. ab yeh kaun bolraha tha that karan is pissed with teja because of snake. c'mon guys kal raat ka dangal has worked it's wonders. now they are unshakeable. slaying together",mil gaya hug or kiss or aaj gym class today bhi hai. ab yeh kaun bolraha tha that karan is pissed with teja because of snake. c'mon guys kal raat ka dangal has worked it's wonders. now they are unshakeable. slaying together
585,3644,"Respond naturally to the following real Hinglish dataset utterance. Preserve the intended meaning, use natural Hindi-English code-mixing, and avoid unnecessary English-only or Hindi-only rewriting.

Source utterance:
Sir dain, jese pata nahi kisi ko k affairs of state kahan se manage kiye jatay","Sir dain, jese pata nahi kisi ko k affairs of state kahan se manage kiye jatay"
586,3269,"Respond naturally to the following real Hinglish dataset utterance. Preserve the intended meaning, use natural Hindi-English code-mixing, and avoid unnecessary English-only or Hindi-only rewriting.

Source utterance:
Koi ni kr sakti abhi kuch saal or",Koi ni kr sakti abhi kuch saal or
587,13378,"Respond naturally to the following real Hinglish dataset utterance. Preserve the intended meaning, use natural Hindi-English code-mixing, and avoid unnecessary English-only or Hindi-only rewriting.

Source utterance:
Saala bday celebration ke jagah break up dikha diya kutta Colors",Saala bday celebration ke jagah break up dikha diya kutta Colors
588,7541,"Respond naturally to the following real Hinglish dataset utterance. Preserve the intended meaning, use natural Hindi-English code-mixing, and avoid unnecessary English-only or Hindi-only rewriting.

Source utterance:
bana ba Kimberly 😒",bana ba Kimberly 😒
589,5728,"Respond naturally to the following real Hinglish dataset utterance. Preserve the intended meaning, use natural Hindi-English code-mixing, and avoid unnecessary English-only or Hindi-only rewriting.

Source utterance:
// me with straight hair is so fucking funny idk why-",// me with straight hair is so fucking funny idk why-
590,5000,"Respond naturally to the following real Hinglish dataset utterance. Preserve the intended meaning, use natural Hindi-English code-mixing, and avoid unnecessary English-only or Hindi-only rewriting.

Source utterance:
And in the beginning of session anual calendar mil jata advance me pata hota vacations ka 😝😝😝abi 10 days vacations te r ab January and March me again hain 10,10 days ki","And in the beginning of session anual calendar mil jata advance me pata hota vacations ka 😝😝😝abi 10 days vacations te r ab January and March me again hain 10,10 days ki"
591,13443,"Respond naturally to the following real Hinglish dataset utterance. Preserve the intended meaning, use natural Hindi-English code-mixing, and avoid unnecessary English-only or Hindi-only rewriting.

Source utterance:
bhai humko ek do cup jeetne ke liye 140 crore logo se dhoka nahi. congress aur ko kripya door hi rahne den!",bhai humko ek do cup jeetne ke liye 140 crore logo se dhoka nahi. congress aur ko kripya door hi rahne den!
592,13030,"Respond naturally to the following real Hinglish dataset utterance. Preserve the intended meaning, use natural Hindi-English code-mixing, and avoid unnecessary English-only or Hindi-only rewriting.

Source utterance:
Yes bro ye dono taraf marta iski bat pe nahi rehna 6yeMegastar akki se John clash me 2 bar chuka hai ab nahi ayega Bas Prc ka trailer aa jaye excitement apne ap ban jayegi",Yes bro ye dono taraf marta iski bat pe nahi rehna 6yeMegastar akki se John clash me 2 bar chuka hai ab nahi ayega Bas Prc ka trailer aa jaye excitement apne ap ban jayegi
593,14275,"Respond naturally to the following real Hinglish dataset utterance. Preserve the intended meaning, use natural Hindi-English code-mixing, and avoid unnecessary English-only or Hindi-only rewriting.

Source utterance:
temperature: 21.40, humidity: 67.90%, thi: 68.31 now. note: feel good :) random numbers:1993","temperature: 21.40, humidity: 67.90%, thi: 68.31 now. note: feel good :) random numbers:1993"
594,3728,"Respond naturally to the following real Hinglish dataset utterance. Preserve the intended meaning, use natural Hindi-English code-mixing, and avoid unnecessary English-only or Hindi-only rewriting.

Source utterance:
r to hota tumhara",r to hota tumhara
595,3652,"Respond naturally to the following real Hinglish dataset utterance. Preserve the intended meaning, use natural Hindi-English code-mixing, and avoid unnecessary English-only or Hindi-only rewriting.

Source utterance:
propaganda tweet karke, 100+ likes paake abb ki jaa rahi hai waah !!! nahi bhai nahi chahiye aisi so called 😊","propaganda tweet karke, 100+ likes paake abb ki jaa rahi hai waah !!! nahi bhai nahi chahiye aisi so called 😊"
596,387,"Respond naturally to the following real Hinglish dataset utterance. Preserve the intended meaning, use natural Hindi-English code-mixing, and avoid unnecessary English-only or Hindi-only rewriting.

Source utterance:
Kk bola tha mai humare beech kise nahi aane dunga to fir ab kya hua sab ko kyun laye beech me i m big fan of kk but aaj jo kiya na it's hurts not only teju his fans also &amp; akhir kaar kk ne khud apna rishta tod diya ab to ek nahi honge jaisa Rashmi or baki chahate te",Kk bola tha mai humare beech kise nahi aane dunga to fir ab kya hua sab ko kyun laye beech me i m big fan of kk but aaj jo kiya na it's hurts not only teju his fans also &amp; akhir kaar kk ne khud apna rishta tod diya ab to ek nahi honge jaisa Rashmi or baki chahate te
597,10813,"Respond naturally to the following real Hinglish dataset utterance. Preserve the intended meaning, use natural Hindi-English code-mixing, and avoid unnecessary English-only or Hindi-only rewriting.

Source utterance:
'kaise ho' .... 'kyun ho' 😅",'kaise ho' .... 'kyun ho' 😅
598,3164,"Respond naturally to the following real Hinglish dataset utterance. Preserve the intended meaning, use natural Hindi-English code-mixing, and avoid unnecessary English-only or Hindi-only rewriting.

Source utterance:
she doesnt deserve this😭💔 pata nahi itna hatred log kaise laate hai😔",she doesnt deserve this😭💔 pata nahi itna hatred log kaise laate hai😔
599,6528,"Respond naturally to the following real Hinglish dataset utterance. Preserve the intended meaning, use natural Hindi-English code-mixing, and avoid unnecessary English-only or Hindi-only rewriting.

Source utterance:
somebody said right in the middle of the second wave peak to his lakhs of followers without masks what an amazing view of people i knew people had a short term memory problem but ye to hadd ho gayi",somebody said right in the middle of the second wave peak to his lakhs of followers without masks what an amazing view of people i knew people had a short term memory problem but ye to hadd ho gayi
600,5378,"Respond naturally to the following real Hinglish dataset utterance. Preserve the intended meaning, use natural Hindi-English code-mixing, and avoid unnecessary English-only or Hindi-only rewriting.

Source utterance:
Kast qu© har con la colusin del gas?? Y el a la bencina??",Kast qu© har con la colusin del gas?? Y el a la bencina??
601,4564,"Respond naturally to the following real Hinglish dataset utterance. Preserve the intended meaning, use natural Hindi-English code-mixing, and avoid unnecessary English-only or Hindi-only rewriting.

Source utterance:
Paper cancel hua duniya ko.pata chal gaya ..lekin tum jante ho itna se tumhara agenda nahi chalega ..mirch masala lagane ke chakkar me mafi mangte ho be..Ravish ke chela",Paper cancel hua duniya ko.pata chal gaya ..lekin tum jante ho itna se tumhara agenda nahi chalega ..mirch masala lagane ke chakkar me mafi mangte ho be..Ravish ke chela
602,14161,"Respond naturally to the following real Hinglish dataset utterance. Preserve the intended meaning, use natural Hindi-English code-mixing, and avoid unnecessary English-only or Hindi-only rewriting.

Source utterance:
guru nanak ji was the devotee of god kabir, god kabir met him in the bank of river bae. after that he took the soul of guru nanak ji in &amp; make him aware from true spiritual knowledge. watch daily on sadhna tv from 7:30 to 8:30","guru nanak ji was the devotee of god kabir, god kabir met him in the bank of river bae. after that he took the soul of guru nanak ji in &amp; make him aware from true spiritual knowledge. watch daily on sadhna tv from 7:30 to 8:30"
603,1137,"Respond naturally to the following real Hinglish dataset utterance. Preserve the intended meaning, use natural Hindi-English code-mixing, and avoid unnecessary English-only or Hindi-only rewriting.

Source utterance:
who is why it s trending so much kindly tell kaun hai",who is why it s trending so much kindly tell kaun hai
604,12670,"Respond naturally to the following real Hinglish dataset utterance. Preserve the intended meaning, use natural Hindi-English code-mixing, and avoid unnecessary English-only or Hindi-only rewriting.

Source utterance:
aamir khan kiran rao enjoy tennis with son azad and laal singh chaddha crew india bollywood news",aamir khan kiran rao enjoy tennis with son azad and laal singh chaddha crew india bollywood news
605,4573,"Respond naturally to the following real Hinglish dataset utterance. Preserve the intended meaning, use natural Hindi-English code-mixing, and avoid unnecessary English-only or Hindi-only rewriting.

Source utterance:
friend meri shaadi me kya gift doge me bhot saare condom ke packets kyuki tere jaisa chutiya dobara na ho paye",friend meri shaadi me kya gift doge me bhot saare condom ke packets kyuki tere jaisa chutiya dobara na ho paye
606,5753,"Respond naturally to the following real Hinglish dataset utterance. Preserve the intended meaning, use natural Hindi-English code-mixing, and avoid unnecessary English-only or Hindi-only rewriting.

Source utterance:
phir to aise logo ke liye..mera middle 🖕Finger ready rahta hai hamesha...🤗🤣 jo sid ke against hai unhe hum apne l pe rakhte hai..😡",phir to aise logo ke liye..mera middle 🖕Finger ready rahta hai hamesha...🤗🤣 jo sid ke against hai unhe hum apne l pe rakhte hai..😡
607,10510,"Respond naturally to the following real Hinglish dataset utterance. Preserve the intended meaning, use natural Hindi-English code-mixing, and avoid unnecessary English-only or Hindi-only rewriting.

Source utterance:
terrorist ko kabhi terrorist kahe ho pure world ka data le baitha hu bhej du kya pe ...",terrorist ko kabhi terrorist kahe ho pure world ka data le baitha hu bhej du kya pe ...
608,8346,"Respond naturally to the following real Hinglish dataset utterance. Preserve the intended meaning, use natural Hindi-English code-mixing, and avoid unnecessary English-only or Hindi-only rewriting.

Source utterance:
600 log mar gaye uske baad, election jivi ne dar se maafi mangi","600 log mar gaye uske baad, election jivi ne dar se maafi mangi"
609,6548,"Respond naturally to the following real Hinglish dataset utterance. Preserve the intended meaning, use natural Hindi-English code-mixing, and avoid unnecessary English-only or Hindi-only rewriting.

Source utterance:
D©cs de ma grand mere le jour des r©sultats de bac",D©cs de ma grand mere le jour des r©sultats de bac
610,11133,"Respond naturally to the following real Hinglish dataset utterance. Preserve the intended meaning, use natural Hindi-English code-mixing, and avoid unnecessary English-only or Hindi-only rewriting.

Source utterance:
Kyun itni hi nahin hai... Pehly toilet to bana lo tum log...",Kyun itni hi nahin hai... Pehly toilet to bana lo tum log...
611,13822,"Respond naturally to the following real Hinglish dataset utterance. Preserve the intended meaning, use natural Hindi-English code-mixing, and avoid unnecessary English-only or Hindi-only rewriting.

Source utterance:
aap bhut hi acche h aapke karan hi hum sab haste h aap aise hi apne pura pariwar k sath khus rahe god bless you",aap bhut hi acche h aapke karan hi hum sab haste h aap aise hi apne pura pariwar k sath khus rahe god bless you
612,5425,"Respond naturally to the following real Hinglish dataset utterance. Preserve the intended meaning, use natural Hindi-English code-mixing, and avoid unnecessary English-only or Hindi-only rewriting.

Source utterance:
it's ok me sirf aap ko help chahiye group me asan hoga isliye boli karan winning hearts",it's ok me sirf aap ko help chahiye group me asan hoga isliye boli karan winning hearts
613,452,"Respond naturally to the following real Hinglish dataset utterance. Preserve the intended meaning, use natural Hindi-English code-mixing, and avoid unnecessary English-only or Hindi-only rewriting.

Source utterance:
ager yeh song dubara asim ke sath release kiya toh mai uss song ka boycott bcoz i m not emotional full jo her kisi per apne emotions waste kerungi. my emotions only for not to anyone",ager yeh song dubara asim ke sath release kiya toh mai uss song ka boycott bcoz i m not emotional full jo her kisi per apne emotions waste kerungi. my emotions only for not to anyone
614,1889,"Respond naturally to the following real Hinglish dataset utterance. Preserve the intended meaning, use natural Hindi-English code-mixing, and avoid unnecessary English-only or Hindi-only rewriting.

Source utterance:
No me har dao a as sin ganas?",No me har dao a as sin ganas?
615,14369,"Respond naturally to the following real Hinglish dataset utterance. Preserve the intended meaning, use natural Hindi-English code-mixing, and avoid unnecessary English-only or Hindi-only rewriting.

Source utterance:
All is calm.. 💃🏻",All is calm.. 💃🏻
616,4279,"Respond naturally to the following real Hinglish dataset utterance. Preserve the intended meaning, use natural Hindi-English code-mixing, and avoid unnecessary English-only or Hindi-only rewriting.

Source utterance:
The sheer audacity of this choot to call Ganguly a mediocre cricketer.",The sheer audacity of this choot to call Ganguly a mediocre cricketer.
617,2925,"Respond naturally to the following real Hinglish dataset utterance. Preserve the intended meaning, use natural Hindi-English code-mixing, and avoid unnecessary English-only or Hindi-only rewriting.

Source utterance:
Toda la razn! Me gust lo de lomo plateado.",Toda la razn! Me gust lo de lomo plateado.
618,9512,"Respond naturally to the following real Hinglish dataset utterance. Preserve the intended meaning, use natural Hindi-English code-mixing, and avoid unnecessary English-only or Hindi-only rewriting.

Source utterance:
haa sahi bola sanjukta ji ne agar hote toh min mein taliban terrorist ko afganistan se bhaga dete haina",haa sahi bola sanjukta ji ne agar hote toh min mein taliban terrorist ko afganistan se bhaga dete haina
619,4349,"Respond naturally to the following real Hinglish dataset utterance. Preserve the intended meaning, use natural Hindi-English code-mixing, and avoid unnecessary English-only or Hindi-only rewriting.

Source utterance:
Bhai muje sirf ap logical lagte the idar ... Magar itna illogical jawab... 😞",Bhai muje sirf ap logical lagte the idar ... Magar itna illogical jawab... 😞
620,626,"Respond naturally to the following real Hinglish dataset utterance. Preserve the intended meaning, use natural Hindi-English code-mixing, and avoid unnecessary English-only or Hindi-only rewriting.

Source utterance:
ek baat smjh nai ati! ye tv serials m sb bina machardani ke kaise so jate? kya mtlb inke ghr machardani nai hoti? inke khun kimti hote h? ya in ko hm garib hi milte h. yha ek raat bina machardani ke so jao. puri raat nai so pate, aur subh tk laal daane nikl ate so alg🙂","ek baat smjh nai ati! ye tv serials m sb bina machardani ke kaise so jate? kya mtlb inke ghr machardani nai hoti? inke khun kimti hote h? ya in ko hm garib hi milte h. yha ek raat bina machardani ke so jao. puri raat nai so pate, aur subh tk laal daane nikl ate so alg🙂"
621,1776,"Respond naturally to the following real Hinglish dataset utterance. Preserve the intended meaning, use natural Hindi-English code-mixing, and avoid unnecessary English-only or Hindi-only rewriting.

Source utterance:
byta🇮🇳 baap🇵🇰 sy agy k liya kuch b kar sakta ha ko a ni pata k baap🇵🇰 (🇵🇰) hi hota ha or byta🇮🇳 (🇮🇳) hi hota ha 🤣🤣🤣",byta🇮🇳 baap🇵🇰 sy agy k liya kuch b kar sakta ha ko a ni pata k baap🇵🇰 (🇵🇰) hi hota ha or byta🇮🇳 (🇮🇳) hi hota ha 🤣🤣🤣
622,9774,"Respond naturally to the following real Hinglish dataset utterance. Preserve the intended meaning, use natural Hindi-English code-mixing, and avoid unnecessary English-only or Hindi-only rewriting.

Source utterance:
Kal with his toy",Kal with his toy
623,7119,"Respond naturally to the following real Hinglish dataset utterance. Preserve the intended meaning, use natural Hindi-English code-mixing, and avoid unnecessary English-only or Hindi-only rewriting.

Source utterance:
Unke hijab because jo bandi hijab mein cover rahte huwe itni pyaari lagti h wo Bina cover ke kaise lagengi lekin without cover waalo se to bahtar hi lagengi I m so sure",Unke hijab because jo bandi hijab mein cover rahte huwe itni pyaari lagti h wo Bina cover ke kaise lagengi lekin without cover waalo se to bahtar hi lagengi I m so sure
624,5663,"Respond naturally to the following real Hinglish dataset utterance. Preserve the intended meaning, use natural Hindi-English code-mixing, and avoid unnecessary English-only or Hindi-only rewriting.

Source utterance:
no se jaja",no se jaja
625,11936,"Respond naturally to the following real Hinglish dataset utterance. Preserve the intended meaning, use natural Hindi-English code-mixing, and avoid unnecessary English-only or Hindi-only rewriting.

Source utterance:
hawa dolo by ali tour",hawa dolo by ali tour
626,12884,"Respond naturally to the following real Hinglish dataset utterance. Preserve the intended meaning, use natural Hindi-English code-mixing, and avoid unnecessary English-only or Hindi-only rewriting.

Source utterance:
Yaptn her eye koy, nk anlad dil.","Yaptn her eye koy, nk anlad dil."
627,5139,"Respond naturally to the following real Hinglish dataset utterance. Preserve the intended meaning, use natural Hindi-English code-mixing, and avoid unnecessary English-only or Hindi-only rewriting.

Source utterance:
not even me ...after my milestone 1m followers😕",not even me ...after my milestone 1m followers😕
628,7149,"Respond naturally to the following real Hinglish dataset utterance. Preserve the intended meaning, use natural Hindi-English code-mixing, and avoid unnecessary English-only or Hindi-only rewriting.

Source utterance:
toh har jagah kamal dikha rahein hain aise hi thodi rubi kehti hai i m a fan of my fans tumse pyaar hai teaser out",toh har jagah kamal dikha rahein hain aise hi thodi rubi kehti hai i m a fan of my fans tumse pyaar hai teaser out
629,9932,"Respond naturally to the following real Hinglish dataset utterance. Preserve the intended meaning, use natural Hindi-English code-mixing, and avoid unnecessary English-only or Hindi-only rewriting.

Source utterance:
Guys weekend ka war suru hone se phle 1 million trend hona chahiye",Guys weekend ka war suru hone se phle 1 million trend hona chahiye
630,8379,"Respond naturally to the following real Hinglish dataset utterance. Preserve the intended meaning, use natural Hindi-English code-mixing, and avoid unnecessary English-only or Hindi-only rewriting.

Source utterance:
Abhi sid hota ho margin aur jyada hota",Abhi sid hota ho margin aur jyada hota
631,1894,"Respond naturally to the following real Hinglish dataset utterance. Preserve the intended meaning, use natural Hindi-English code-mixing, and avoid unnecessary English-only or Hindi-only rewriting.

Source utterance:
why not simply barter? ditch the greed, bro. root of all evil. no winners in the game.","why not simply barter? ditch the greed, bro. root of all evil. no winners in the game."
632,6311,"Respond naturally to the following real Hinglish dataset utterance. Preserve the intended meaning, use natural Hindi-English code-mixing, and avoid unnecessary English-only or Hindi-only rewriting.

Source utterance:
book ur tickets right now and enjoy the best moments of actions ... season start hone wali hai !!",book ur tickets right now and enjoy the best moments of actions ... season start hone wali hai !!
633,9446,"Respond naturally to the following real Hinglish dataset utterance. Preserve the intended meaning, use natural Hindi-English code-mixing, and avoid unnecessary English-only or Hindi-only rewriting.

Source utterance:
Pehle inactive tha kuch din aur aajkal tweets kam aur interaction jyada kar raha",Pehle inactive tha kuch din aur aajkal tweets kam aur interaction jyada kar raha
634,3114,"Respond naturally to the following real Hinglish dataset utterance. Preserve the intended meaning, use natural Hindi-English code-mixing, and avoid unnecessary English-only or Hindi-only rewriting.

Source utterance:
Now Kash Patel gets to call Flynn &amp; Devin to tell them about all the details the Committee knows.",Now Kash Patel gets to call Flynn &amp; Devin to tell them about all the details the Committee knows.
635,4173,"Respond naturally to the following real Hinglish dataset utterance. Preserve the intended meaning, use natural Hindi-English code-mixing, and avoid unnecessary English-only or Hindi-only rewriting.

Source utterance:
Aaj follow back ho jayein 💯💯 follow back",Aaj follow back ho jayein 💯💯 follow back
636,727,"Respond naturally to the following real Hinglish dataset utterance. Preserve the intended meaning, use natural Hindi-English code-mixing, and avoid unnecessary English-only or Hindi-only rewriting.

Source utterance:
b n c ki m so t c c n gi n m i khi g p i u b t nh cu c s ng n y kh ng c i khi v bi t c ch im l ng khi c n n u c th b n h p v i t i",b n c ki m so t c c n gi n m i khi g p i u b t nh cu c s ng n y kh ng c i khi v bi t c ch im l ng khi c n n u c th b n h p v i t i
637,11612,"Respond naturally to the following real Hinglish dataset utterance. Preserve the intended meaning, use natural Hindi-English code-mixing, and avoid unnecessary English-only or Hindi-only rewriting.

Source utterance:
kuch time mai soch rha hu ki mere pass airpods hota naya bala par idhar mere 3.5 mm jack earphone bhi nahi hai😂",kuch time mai soch rha hu ki mere pass airpods hota naya bala par idhar mere 3.5 mm jack earphone bhi nahi hai😂
638,7144,"Respond naturally to the following real Hinglish dataset utterance. Preserve the intended meaning, use natural Hindi-English code-mixing, and avoid unnecessary English-only or Hindi-only rewriting.

Source utterance:
Voting me first. Sabse bara trend is bb me pratik 2.64m paar .or Sare BB King or boss matter jeete he ab isse zyada kya kare.",Voting me first. Sabse bara trend is bb me pratik 2.64m paar .or Sare BB King or boss matter jeete he ab isse zyada kya kare.
639,27,"Respond naturally to the following real Hinglish dataset utterance. Preserve the intended meaning, use natural Hindi-English code-mixing, and avoid unnecessary English-only or Hindi-only rewriting.

Source utterance:
Aisi character ko kaun like karta hai?!",Aisi character ko kaun like karta hai?!
640,8518,"Respond naturally to the following real Hinglish dataset utterance. Preserve the intended meaning, use natural Hindi-English code-mixing, and avoid unnecessary English-only or Hindi-only rewriting.

Source utterance:
Pyar vyar kuchh nahi hota. Sab apne matlab se ek dusre ke sath hain. Koi paise ke liye koi loneliness se bachne ke liye koi timepass ke liye koi sex ke liye jaise hi koi badhiya option milta sab nikal lete hain. True love aji ghanta true love.",Pyar vyar kuchh nahi hota. Sab apne matlab se ek dusre ke sath hain. Koi paise ke liye koi loneliness se bachne ke liye koi timepass ke liye koi sex ke liye jaise hi koi badhiya option milta sab nikal lete hain. True love aji ghanta true love.
641,13213,"Respond naturally to the following real Hinglish dataset utterance. Preserve the intended meaning, use natural Hindi-English code-mixing, and avoid unnecessary English-only or Hindi-only rewriting.

Source utterance:
ATM dasti print kr k dety han sahi hai bhai",ATM dasti print kr k dety han sahi hai bhai
642,8821,"Respond naturally to the following real Hinglish dataset utterance. Preserve the intended meaning, use natural Hindi-English code-mixing, and avoid unnecessary English-only or Hindi-only rewriting.

Source utterance:
or mai wos bharat se aata hu jaha pakistan m ky ho rhaa wo zyda important hai or apne desh m bjp ki rally ke chakkar m ambulance ke mariz ki jaan chali jati hai bare m koi kuch nhi bolta hai",or mai wos bharat se aata hu jaha pakistan m ky ho rhaa wo zyda important hai or apne desh m bjp ki rally ke chakkar m ambulance ke mariz ki jaan chali jati hai bare m koi kuch nhi bolta hai
643,11253,"Respond naturally to the following real Hinglish dataset utterance. Preserve the intended meaning, use natural Hindi-English code-mixing, and avoid unnecessary English-only or Hindi-only rewriting.

Source utterance:
cute hoti hain kuch cheeze har time sex ki baatein bhi sahi nhi hoti",cute hoti hain kuch cheeze har time sex ki baatein bhi sahi nhi hoti
644,11787,"Respond naturally to the following real Hinglish dataset utterance. Preserve the intended meaning, use natural Hindi-English code-mixing, and avoid unnecessary English-only or Hindi-only rewriting.

Source utterance:
Accha !! mai serious le gaayi thi 😝😂",Accha !! mai serious le gaayi thi 😝😂
645,12156,"Respond naturally to the following real Hinglish dataset utterance. Preserve the intended meaning, use natural Hindi-English code-mixing, and avoid unnecessary English-only or Hindi-only rewriting.

Source utterance:
Easthampton, MA Weather @ 00:00 AM, Temp 28.6F, Hum 67pct, Baro 28.789 in., Wind 0.0 mph, from","Easthampton, MA Weather @ 00:00 AM, Temp 28.6F, Hum 67pct, Baro 28.789 in., Wind 0.0 mph, from"
646,12075,"Respond naturally to the following real Hinglish dataset utterance. Preserve the intended meaning, use natural Hindi-English code-mixing, and avoid unnecessary English-only or Hindi-only rewriting.

Source utterance:
kyun ..bhool gaye na aur throttle ke beech ka difference 😝😄",kyun ..bhool gaye na aur throttle ke beech ka difference 😝😄
647,10987,"Respond naturally to the following real Hinglish dataset utterance. Preserve the intended meaning, use natural Hindi-English code-mixing, and avoid unnecessary English-only or Hindi-only rewriting.

Source utterance:
Bahot dukh hota hai jab aise tweet dekhne ko milata hai, yha bat parti aur vote ki nhi ho rhi hai, un ki ho rahi hai jo hamare Itihash me kale dhabbe ki tarah hai, aur ham Hindustani us par bhi bete huye hai.","Bahot dukh hota hai jab aise tweet dekhne ko milata hai, yha bat parti aur vote ki nhi ho rhi hai, un ki ho rahi hai jo hamare Itihash me kale dhabbe ki tarah hai, aur ham Hindustani us par bhi bete huye hai."
648,3228,"Respond naturally to the following real Hinglish dataset utterance. Preserve the intended meaning, use natural Hindi-English code-mixing, and avoid unnecessary English-only or Hindi-only rewriting.

Source utterance:
dont escalate with half knowledge &amp; judge without knowing the full facts samji i dont support anyone deeply i m here 4 sushant &amp; it will remain tumhare bh0nkne se kuch nhi badalne wala i talked kindly to u but seems like u dont understand when 2 end it so gota speak to ur level",dont escalate with half knowledge &amp; judge without knowing the full facts samji i dont support anyone deeply i m here 4 sushant &amp; it will remain tumhare bh0nkne se kuch nhi badalne wala i talked kindly to u but seems like u dont understand when 2 end it so gota speak to ur level
649,5967,"Respond naturally to the following real Hinglish dataset utterance. Preserve the intended meaning, use natural Hindi-English code-mixing, and avoid unnecessary English-only or Hindi-only rewriting.

Source utterance:
kuch ni aia mere ko ap ne kia likha hi",kuch ni aia mere ko ap ne kia likha hi
650,7066,"Respond naturally to the following real Hinglish dataset utterance. Preserve the intended meaning, use natural Hindi-English code-mixing, and avoid unnecessary English-only or Hindi-only rewriting.

Source utterance:
i will d!e i dont wanna listen to ka pyaar what the",i will d!e i dont wanna listen to ka pyaar what the
651,1146,"Respond naturally to the following real Hinglish dataset utterance. Preserve the intended meaning, use natural Hindi-English code-mixing, and avoid unnecessary English-only or Hindi-only rewriting.

Source utterance:
Or Tere agy Meri ik nahi chalti",Or Tere agy Meri ik nahi chalti
652,10882,"Respond naturally to the following real Hinglish dataset utterance. Preserve the intended meaning, use natural Hindi-English code-mixing, and avoid unnecessary English-only or Hindi-only rewriting.

Source utterance:
Chinta mat karo !! Sai pregnant nahi hogi ..Agar huin bhi toh FB dikha denge tumhare liye 😂😂",Chinta mat karo !! Sai pregnant nahi hogi ..Agar huin bhi toh FB dikha denge tumhare liye 😂😂
653,5409,"Respond naturally to the following real Hinglish dataset utterance. Preserve the intended meaning, use natural Hindi-English code-mixing, and avoid unnecessary English-only or Hindi-only rewriting.

Source utterance:
shukla bro kal keliye all the best hamare support toh rahega hi happy raho acche se sojao",shukla bro kal keliye all the best hamare support toh rahega hi happy raho acche se sojao
654,10209,"Respond naturally to the following real Hinglish dataset utterance. Preserve the intended meaning, use natural Hindi-English code-mixing, and avoid unnecessary English-only or Hindi-only rewriting.

Source utterance:
self confidence gir chuka hai , makers apne planning mein ho gaya hai","self confidence gir chuka hai , makers apne planning mein ho gaya hai"
655,5143,"Respond naturally to the following real Hinglish dataset utterance. Preserve the intended meaning, use natural Hindi-English code-mixing, and avoid unnecessary English-only or Hindi-only rewriting.

Source utterance:
no me har dao as? as como? pues as sin un noches, amor.","no me har dao as? as como? pues as sin un noches, amor."
656,13893,"Respond naturally to the following real Hinglish dataset utterance. Preserve the intended meaning, use natural Hindi-English code-mixing, and avoid unnecessary English-only or Hindi-only rewriting.

Source utterance:
darta hai....jin ne ek date nhi di, usko state kya chalane dengi isliye mana kr rha hai😂😂😂","darta hai....jin ne ek date nhi di, usko state kya chalane dengi isliye mana kr rha hai😂😂😂"
657,2041,"Respond naturally to the following real Hinglish dataset utterance. Preserve the intended meaning, use natural Hindi-English code-mixing, and avoid unnecessary English-only or Hindi-only rewriting.

Source utterance:
pratik 🔥 natural h or teja and uska bheja is fake i like only uske liye hi twitter join ki hu 🙈🙈",pratik 🔥 natural h or teja and uska bheja is fake i like only uske liye hi twitter join ki hu 🙈🙈
658,11792,"Respond naturally to the following real Hinglish dataset utterance. Preserve the intended meaning, use natural Hindi-English code-mixing, and avoid unnecessary English-only or Hindi-only rewriting.

Source utterance:
14:48 Temp. 2.8C, Hum. 96%, Dewp. 2C, Bar. 987.1 hpa","14:48 Temp. 2.8C, Hum. 96%, Dewp. 2C, Bar. 987.1 hpa"
659,4920,"Respond naturally to the following real Hinglish dataset utterance. Preserve the intended meaning, use natural Hindi-English code-mixing, and avoid unnecessary English-only or Hindi-only rewriting.

Source utterance:
hum sabko yaad hai kaise jas ne teri thi. btw, get out from jasmin. its already evening, go &amp; have some horlics. u will feel calm","hum sabko yaad hai kaise jas ne teri thi. btw, get out from jasmin. its already evening, go &amp; have some horlics. u will feel calm"
660,8308,"Respond naturally to the following real Hinglish dataset utterance. Preserve the intended meaning, use natural Hindi-English code-mixing, and avoid unnecessary English-only or Hindi-only rewriting.

Source utterance:
ji. aam insaan kaise diwali maanye. aapne to sayad dhyan he nahi diya ki petrol or gas cylinder ke daam kitne badh gaye. jb aapki party election nahi jiti thi us samay aapne khoob cylinder ke daam badhne par road pe kiya. lekin ab kya.",ji. aam insaan kaise diwali maanye. aapne to sayad dhyan he nahi diya ki petrol or gas cylinder ke daam kitne badh gaye. jb aapki party election nahi jiti thi us samay aapne khoob cylinder ke daam badhne par road pe kiya. lekin ab kya.
661,5067,"Respond naturally to the following real Hinglish dataset utterance. Preserve the intended meaning, use natural Hindi-English code-mixing, and avoid unnecessary English-only or Hindi-only rewriting.

Source utterance:
so this man is a journalist. sorry but people like don't get a job of sleeper in india. journalists are diplomatic and you are judging openly.😂😂 itna dukh hota ha toh mat dekho nah ind ka match sir. thoda apne uper kaam kro jaroori h.😂😂",so this man is a journalist. sorry but people like don't get a job of sleeper in india. journalists are diplomatic and you are judging openly.😂😂 itna dukh hota ha toh mat dekho nah ind ka match sir. thoda apne uper kaam kro jaroori h.😂😂
662,10926,"Respond naturally to the following real Hinglish dataset utterance. Preserve the intended meaning, use natural Hindi-English code-mixing, and avoid unnecessary English-only or Hindi-only rewriting.

Source utterance:
Ohh tum chai bana kar pee lo",Ohh tum chai bana kar pee lo
663,6691,"Respond naturally to the following real Hinglish dataset utterance. Preserve the intended meaning, use natural Hindi-English code-mixing, and avoid unnecessary English-only or Hindi-only rewriting.

Source utterance:
My husband just brought back a bunch of home tests from Germany, where they are not free but cheap ($1/test). We used them to get everybody participating in our Thanksgiving dinner tested beforehand. Also useful when you have the and want to make sure its not covid.","My husband just brought back a bunch of home tests from Germany, where they are not free but cheap ($1/test). We used them to get everybody participating in our Thanksgiving dinner tested beforehand. Also useful when you have the and want to make sure its not covid."
664,5344,"Respond naturally to the following real Hinglish dataset utterance. Preserve the intended meaning, use natural Hindi-English code-mixing, and avoid unnecessary English-only or Hindi-only rewriting.

Source utterance:
N on top of it..they try to become sane voice by saying dis is not a political tweet...toh pher kya h ye...kehna kya ho..aur kuch nai kehna ho toh kiya hi q aisa tweet...ajeeb ajeeb log h...authenticity check nai karni...Gyaan dena h ..",N on top of it..they try to become sane voice by saying dis is not a political tweet...toh pher kya h ye...kehna kya ho..aur kuch nai kehna ho toh kiya hi q aisa tweet...ajeeb ajeeb log h...authenticity check nai karni...Gyaan dena h ..
665,6592,"Respond naturally to the following real Hinglish dataset utterance. Preserve the intended meaning, use natural Hindi-English code-mixing, and avoid unnecessary English-only or Hindi-only rewriting.

Source utterance:
rajasthan open ka result kab aaega sir",rajasthan open ka result kab aaega sir
666,11423,"Respond naturally to the following real Hinglish dataset utterance. Preserve the intended meaning, use natural Hindi-English code-mixing, and avoid unnecessary English-only or Hindi-only rewriting.

Source utterance:
Yeh didi Kyun bar bar ajati troll hone usska bhai mana hai kay ussne gali Di phr Shamita ne bi confirm kia kuch bi bolti",Yeh didi Kyun bar bar ajati troll hone usska bhai mana hai kay ussne gali Di phr Shamita ne bi confirm kia kuch bi bolti
667,4844,"Respond naturally to the following real Hinglish dataset utterance. Preserve the intended meaning, use natural Hindi-English code-mixing, and avoid unnecessary English-only or Hindi-only rewriting.

Source utterance:
maine ye friendship word mute kiya phir tera ye comment kaise show ho gya",maine ye friendship word mute kiya phir tera ye comment kaise show ho gya
668,9083,"Respond naturally to the following real Hinglish dataset utterance. Preserve the intended meaning, use natural Hindi-English code-mixing, and avoid unnecessary English-only or Hindi-only rewriting.

Source utterance:
Sahi kiya Teja. Kuch zyada hi attitude dikha thi hai",Sahi kiya Teja. Kuch zyada hi attitude dikha thi hai
669,2085,"Respond naturally to the following real Hinglish dataset utterance. Preserve the intended meaning, use natural Hindi-English code-mixing, and avoid unnecessary English-only or Hindi-only rewriting.

Source utterance:
abe tere me ek bande ko mar diya fir bhi usko condemn karne ki takat nahi he aur khud ko saccha gurunanak ka bolte guru nanak ne ye sikhaya he tumhe? guru nanak ne ek insan ke sath galat nahi kiya..aur aaj unke nam pe lynching kar rahe he..todi to kar lijiye",abe tere me ek bande ko mar diya fir bhi usko condemn karne ki takat nahi he aur khud ko saccha gurunanak ka bolte guru nanak ne ye sikhaya he tumhe? guru nanak ne ek insan ke sath galat nahi kiya..aur aaj unke nam pe lynching kar rahe he..todi to kar lijiye
670,3143,"Respond naturally to the following real Hinglish dataset utterance. Preserve the intended meaning, use natural Hindi-English code-mixing, and avoid unnecessary English-only or Hindi-only rewriting.

Source utterance:
javed itni positivity kidar ly kar jayein",javed itni positivity kidar ly kar jayein
671,6888,"Respond naturally to the following real Hinglish dataset utterance. Preserve the intended meaning, use natural Hindi-English code-mixing, and avoid unnecessary English-only or Hindi-only rewriting.

Source utterance:
Bahut paise hai inke pass but hum nahi dekta aasa kyu !?",Bahut paise hai inke pass but hum nahi dekta aasa kyu !?
672,10894,"Respond naturally to the following real Hinglish dataset utterance. Preserve the intended meaning, use natural Hindi-English code-mixing, and avoid unnecessary English-only or Hindi-only rewriting.

Source utterance:
yahi hamein dekhna hota hai jo makers hamein prasad ke rup mein dete hain, thoda thoda karke. baaki waqt toh great shah chaaye rehte hain, jo hamein nahi dekhna hota hai.","yahi hamein dekhna hota hai jo makers hamein prasad ke rup mein dete hain, thoda thoda karke. baaki waqt toh great shah chaaye rehte hain, jo hamein nahi dekhna hota hai."
673,6211,"Respond naturally to the following real Hinglish dataset utterance. Preserve the intended meaning, use natural Hindi-English code-mixing, and avoid unnecessary English-only or Hindi-only rewriting.

Source utterance:
bro seriously? she had the guts to say what exactly she felt was wrong to tejas face...and mere dil mai kuch aise nahi hai was for what teja misunderstood and put thousands wrong blame on ..she said it for that! and here we see ms divya reference,illogical..grow up","bro seriously? she had the guts to say what exactly she felt was wrong to tejas face...and mere dil mai kuch aise nahi hai was for what teja misunderstood and put thousands wrong blame on ..she said it for that! and here we see ms divya reference,illogical..grow up"
674,11097,"Respond naturally to the following real Hinglish dataset utterance. Preserve the intended meaning, use natural Hindi-English code-mixing, and avoid unnecessary English-only or Hindi-only rewriting.

Source utterance:
Bro pichle saal so bol chuka tree mat kato but use kiya gaya wo kyun bolega us matlab hai",Bro pichle saal so bol chuka tree mat kato but use kiya gaya wo kyun bolega us matlab hai
675,12257,"Respond naturally to the following real Hinglish dataset utterance. Preserve the intended meaning, use natural Hindi-English code-mixing, and avoid unnecessary English-only or Hindi-only rewriting.

Source utterance:
mere ghar wale preshan h mujhse iss chij m papa to yhi bolte h sasural m gussa aa gya to ka kya hoga gussa aata nhi h lekin jab aata h to acha wala aata h",mere ghar wale preshan h mujhse iss chij m papa to yhi bolte h sasural m gussa aa gya to ka kya hoga gussa aata nhi h lekin jab aata h to acha wala aata h
676,2851,"Respond naturally to the following real Hinglish dataset utterance. Preserve the intended meaning, use natural Hindi-English code-mixing, and avoid unnecessary English-only or Hindi-only rewriting.

Source utterance:
it's a mere term, used to dissuade the population from delving deeper into the rhetoric. unfortunately, once language has been customised and statistical data tweaked too many people think that tories reward those who work hard and all is good.","it's a mere term, used to dissuade the population from delving deeper into the rhetoric. unfortunately, once language has been customised and statistical data tweaked too many people think that tories reward those who work hard and all is good."
677,10084,"Respond naturally to the following real Hinglish dataset utterance. Preserve the intended meaning, use natural Hindi-English code-mixing, and avoid unnecessary English-only or Hindi-only rewriting.

Source utterance:
Bhai ek baat yaad rakh, jab hoga toh yeh sahab aur unki family ko pehle bed mil jayega, par tujhe nahi !!! Sab apne khud ke health govt. keh rahe hein !! Apna socho, dusro ka nahi !!! Yeh jo ministers, yeh bade bade officers inko best treatment milegi !","Bhai ek baat yaad rakh, jab hoga toh yeh sahab aur unki family ko pehle bed mil jayega, par tujhe nahi !!! Sab apne khud ke health govt. keh rahe hein !! Apna socho, dusro ka nahi !!! Yeh jo ministers, yeh bade bade officers inko best treatment milegi !"
678,9324,"Respond naturally to the following real Hinglish dataset utterance. Preserve the intended meaning, use natural Hindi-English code-mixing, and avoid unnecessary English-only or Hindi-only rewriting.

Source utterance:
Hidden Gem Series ka First Video kaise tha ?",Hidden Gem Series ka First Video kaise tha ?
679,4930,"Respond naturally to the following real Hinglish dataset utterance. Preserve the intended meaning, use natural Hindi-English code-mixing, and avoid unnecessary English-only or Hindi-only rewriting.

Source utterance:
Mere single imaginations se kaam chalana hai is December ma bhi so imagine your begum sending mirror selfies in long dress shirts 🙂🙂🙂🙂🙂",Mere single imaginations se kaam chalana hai is December ma bhi so imagine your begum sending mirror selfies in long dress shirts 🙂🙂🙂🙂🙂
680,6653,"Respond naturally to the following real Hinglish dataset utterance. Preserve the intended meaning, use natural Hindi-English code-mixing, and avoid unnecessary English-only or Hindi-only rewriting.

Source utterance:
accha khasa chill vibe ho rahi thi pratik nish aur me, rajib ake sab kharab kar diya😑 vishal aur nayi aurat ka kuch panga hua, wo topic leke baith gya😑 pratik was taking stand for her as she is a girl. simba k awaj me: oyee parrrtikkkke! kitna dil jeetega?😂♥","accha khasa chill vibe ho rahi thi pratik nish aur me, rajib ake sab kharab kar diya😑 vishal aur nayi aurat ka kuch panga hua, wo topic leke baith gya😑 pratik was taking stand for her as she is a girl. simba k awaj me: oyee parrrtikkkke! kitna dil jeetega?😂♥"
681,8977,"Respond naturally to the following real Hinglish dataset utterance. Preserve the intended meaning, use natural Hindi-English code-mixing, and avoid unnecessary English-only or Hindi-only rewriting.

Source utterance:
don t open it mujhe pata nahi kaise send huwa hai i m sorry bro",don t open it mujhe pata nahi kaise send huwa hai i m sorry bro
682,13659,"Respond naturally to the following real Hinglish dataset utterance. Preserve the intended meaning, use natural Hindi-English code-mixing, and avoid unnecessary English-only or Hindi-only rewriting.

Source utterance:
Bhai ham to thehre Marwadi din shuru hota hai Ghee se or khatam hota hai Ghee se. No Compromise",Bhai ham to thehre Marwadi din shuru hota hai Ghee se or khatam hota hai Ghee se. No Compromise
683,6,"Respond naturally to the following real Hinglish dataset utterance. Preserve the intended meaning, use natural Hindi-English code-mixing, and avoid unnecessary English-only or Hindi-only rewriting.

Source utterance:
desis the type to go there in a group, fir wana pe ek insaan ko khada krdenge, fir jab unka chance aane wala hoga tab beech me se join 😭😭","desis the type to go there in a group, fir wana pe ek insaan ko khada krdenge, fir jab unka chance aane wala hoga tab beech me se join 😭😭"
684,4978,"Respond naturally to the following real Hinglish dataset utterance. Preserve the intended meaning, use natural Hindi-English code-mixing, and avoid unnecessary English-only or Hindi-only rewriting.

Source utterance:
jeet gayi nafrat...mil gayi tasalli...bhakto... tutne pe inki khwahish hogi puri sahi kehte tu sitara bann hai... stay strong bhai♥💔 . .",jeet gayi nafrat...mil gayi tasalli...bhakto... tutne pe inki khwahish hogi puri sahi kehte tu sitara bann hai... stay strong bhai♥💔 . .
685,4700,"Respond naturally to the following real Hinglish dataset utterance. Preserve the intended meaning, use natural Hindi-English code-mixing, and avoid unnecessary English-only or Hindi-only rewriting.

Source utterance:
nahi nahi tabiyat bilkul theek the mashallah bas aise hi break liya tha mood fresh ke liye",nahi nahi tabiyat bilkul theek the mashallah bas aise hi break liya tha mood fresh ke liye
686,3443,"Respond naturally to the following real Hinglish dataset utterance. Preserve the intended meaning, use natural Hindi-English code-mixing, and avoid unnecessary English-only or Hindi-only rewriting.

Source utterance:
to please a handful of farmers you've pushed the hope of many farmers who were supposed to be benefited &amp; were happy with this law. have they even considered all the farmers across the country?? spineless &amp; pathetic bjp. phir ye kyu karte hai new new law laake🌚🤦😅",to please a handful of farmers you've pushed the hope of many farmers who were supposed to be benefited &amp; were happy with this law. have they even considered all the farmers across the country?? spineless &amp; pathetic bjp. phir ye kyu karte hai new new law laake🌚🤦😅
687,7043,"Respond naturally to the following real Hinglish dataset utterance. Preserve the intended meaning, use natural Hindi-English code-mixing, and avoid unnecessary English-only or Hindi-only rewriting.

Source utterance:
kal sab ne itna bada issue banaya tha na trend ka now see this they chopped off whole sequence isiliye trend chahiye tha 😭😭😭😭😭😭😭😭😭😭 mujhe rona aa rha hai i was waiting and excited for that scene",kal sab ne itna bada issue banaya tha na trend ka now see this they chopped off whole sequence isiliye trend chahiye tha 😭😭😭😭😭😭😭😭😭😭 mujhe rona aa rha hai i was waiting and excited for that scene
688,12873,"Respond naturally to the following real Hinglish dataset utterance. Preserve the intended meaning, use natural Hindi-English code-mixing, and avoid unnecessary English-only or Hindi-only rewriting.

Source utterance:
wali itne garmi me dry fruits nahi khate h behen yeh mango ka season h",wali itne garmi me dry fruits nahi khate h behen yeh mango ka season h
689,9502,"Respond naturally to the following real Hinglish dataset utterance. Preserve the intended meaning, use natural Hindi-English code-mixing, and avoid unnecessary English-only or Hindi-only rewriting.

Source utterance:
mujhe fomo ho raha hai 😭 Im in class so living off of all ur tweets and dying",mujhe fomo ho raha hai 😭 Im in class so living off of all ur tweets and dying
690,9939,"Respond naturally to the following real Hinglish dataset utterance. Preserve the intended meaning, use natural Hindi-English code-mixing, and avoid unnecessary English-only or Hindi-only rewriting.

Source utterance:
bhai tera kaam yahi bach gya h tu sabko happy b'day bolta rha kar bas. run contain karna sikh kya 4,6 khata rahta h isiliye wo select nhi kre varna apna hota, gh","bhai tera kaam yahi bach gya h tu sabko happy b'day bolta rha kar bas. run contain karna sikh kya 4,6 khata rahta h isiliye wo select nhi kre varna apna hota, gh"
691,10726,"Respond naturally to the following real Hinglish dataset utterance. Preserve the intended meaning, use natural Hindi-English code-mixing, and avoid unnecessary English-only or Hindi-only rewriting.

Source utterance:
Recently tweet ki Dekho Yara wish kro",Recently tweet ki Dekho Yara wish kro
692,5279,"Respond naturally to the following real Hinglish dataset utterance. Preserve the intended meaning, use natural Hindi-English code-mixing, and avoid unnecessary English-only or Hindi-only rewriting.

Source utterance:
Hey Tom plz mere tweet k section mn s/O dena kren r ye koi fb noi dete agr ab kia na mention mn ne block kr dena apko b r inko b It's request plzzz",Hey Tom plz mere tweet k section mn s/O dena kren r ye koi fb noi dete agr ab kia na mention mn ne block kr dena apko b r inko b It's request plzzz
693,7618,"Respond naturally to the following real Hinglish dataset utterance. Preserve the intended meaning, use natural Hindi-English code-mixing, and avoid unnecessary English-only or Hindi-only rewriting.

Source utterance:
hu bc hu bc are bc bhabhi chutiya",hu bc hu bc are bc bhabhi chutiya
694,7238,"Respond naturally to the following real Hinglish dataset utterance. Preserve the intended meaning, use natural Hindi-English code-mixing, and avoid unnecessary English-only or Hindi-only rewriting.

Source utterance:
or kuch ho na ho news channel valo ki to chandi ho jati h",or kuch ho na ho news channel valo ki to chandi ho jati h
695,7244,"Respond naturally to the following real Hinglish dataset utterance. Preserve the intended meaning, use natural Hindi-English code-mixing, and avoid unnecessary English-only or Hindi-only rewriting.

Source utterance:
Jab yeh reply mila tab reply kyun nahi kiya? Kitna bhukha hai attention ki! god help these poor souls!",Jab yeh reply mila tab reply kyun nahi kiya? Kitna bhukha hai attention ki! god help these poor souls!
696,11069,"Respond naturally to the following real Hinglish dataset utterance. Preserve the intended meaning, use natural Hindi-English code-mixing, and avoid unnecessary English-only or Hindi-only rewriting.

Source utterance:
i, a mere peasant, quite unmemorable, i assure you.","i, a mere peasant, quite unmemorable, i assure you."
697,3501,"Respond naturally to the following real Hinglish dataset utterance. Preserve the intended meaning, use natural Hindi-English code-mixing, and avoid unnecessary English-only or Hindi-only rewriting.

Source utterance:
Aise na bolo tum avi single ka tweet kro fir dekho kaise line lgta",Aise na bolo tum avi single ka tweet kro fir dekho kaise line lgta
698,8375,"Respond naturally to the following real Hinglish dataset utterance. Preserve the intended meaning, use natural Hindi-English code-mixing, and avoid unnecessary English-only or Hindi-only rewriting.

Source utterance:
sahi kaha aap but mere toh ghar wale bhi maan jayege but kisi ladki koh hum ache nahi lagte😓",sahi kaha aap but mere toh ghar wale bhi maan jayege but kisi ladki koh hum ache nahi lagte😓
699,7752,"Respond naturally to the following real Hinglish dataset utterance. Preserve the intended meaning, use natural Hindi-English code-mixing, and avoid unnecessary English-only or Hindi-only rewriting.

Source utterance:
Aunty khud Abhi Nishant ko Use n through kar rhi h Isse to Achi Teja h Jo Nishant ko Akele me Pratik Liye Achaa bolti h Is Bloody Snake In the house jo Apne Convinced k hisab Se colors bhi change karti h",Aunty khud Abhi Nishant ko Use n through kar rhi h Isse to Achi Teja h Jo Nishant ko Akele me Pratik Liye Achaa bolti h Is Bloody Snake In the house jo Apne Convinced k hisab Se colors bhi change karti h
700,13004,"Respond naturally to the following real Hinglish dataset utterance. Preserve the intended meaning, use natural Hindi-English code-mixing, and avoid unnecessary English-only or Hindi-only rewriting.

Source utterance:
tv channel per ke batao mujhe",tv channel per ke batao mujhe
701,13042,"Respond naturally to the following real Hinglish dataset utterance. Preserve the intended meaning, use natural Hindi-English code-mixing, and avoid unnecessary English-only or Hindi-only rewriting.

Source utterance:
latest learning no personality is a personality there is a contestant who is copying / picking others ideas and playing tag kudh ka kuch heh hie nahi - abh tak! yeh unka game heh",latest learning no personality is a personality there is a contestant who is copying / picking others ideas and playing tag kudh ka kuch heh hie nahi - abh tak! yeh unka game heh
702,12057,"Respond naturally to the following real Hinglish dataset utterance. Preserve the intended meaning, use natural Hindi-English code-mixing, and avoid unnecessary English-only or Hindi-only rewriting.

Source utterance:
i wanna call my friends but if sabh busy hai abhi",i wanna call my friends but if sabh busy hai abhi
703,2780,"Respond naturally to the following real Hinglish dataset utterance. Preserve the intended meaning, use natural Hindi-English code-mixing, and avoid unnecessary English-only or Hindi-only rewriting.

Source utterance:
kya apke k jo teacher h aapko kuch agar bolenge to aap unko return doge ni na agar mentor k woh respect krta to mentor b krta phir hamesha mentor h q galat h mere to koi mentor h m bht respect krungi chahe woh mujhe kuch khe never mess with karan",kya apke k jo teacher h aapko kuch agar bolenge to aap unko return doge ni na agar mentor k woh respect krta to mentor b krta phir hamesha mentor h q galat h mere to koi mentor h m bht respect krungi chahe woh mujhe kuch khe never mess with karan
704,10794,"Respond naturally to the following real Hinglish dataset utterance. Preserve the intended meaning, use natural Hindi-English code-mixing, and avoid unnecessary English-only or Hindi-only rewriting.

Source utterance:
Sara Ali Khan Recalls Mom, Amrita Singh's Weight Loss Motivation Speech, 'Tun Tun Ka Zamana Gaya' -","Sara Ali Khan Recalls Mom, Amrita Singh's Weight Loss Motivation Speech, 'Tun Tun Ka Zamana Gaya' -"
705,1389,"Respond naturally to the following real Hinglish dataset utterance. Preserve the intended meaning, use natural Hindi-English code-mixing, and avoid unnecessary English-only or Hindi-only rewriting.

Source utterance:
Agar Babar Azam ka overall ODI average Kohli se jyada hota to ye image dikhani hee nahi padti",Agar Babar Azam ka overall ODI average Kohli se jyada hota to ye image dikhani hee nahi padti
706,4649,"Respond naturally to the following real Hinglish dataset utterance. Preserve the intended meaning, use natural Hindi-English code-mixing, and avoid unnecessary English-only or Hindi-only rewriting.

Source utterance:
aapko aisa logo chahiye to mai banakar de sakta hoon sirf aapko aapki achhi si photo bhejni hogi",aapko aisa logo chahiye to mai banakar de sakta hoon sirf aapko aapki achhi si photo bhejni hogi
707,8445,"Respond naturally to the following real Hinglish dataset utterance. Preserve the intended meaning, use natural Hindi-English code-mixing, and avoid unnecessary English-only or Hindi-only rewriting.

Source utterance:
dost tumhe aur himmat mile kya stand liya hai wah the way you stood your ground was so inspirational to see hope to have courage that you possess",dost tumhe aur himmat mile kya stand liya hai wah the way you stood your ground was so inspirational to see hope to have courage that you possess
708,10876,"Respond naturally to the following real Hinglish dataset utterance. Preserve the intended meaning, use natural Hindi-English code-mixing, and avoid unnecessary English-only or Hindi-only rewriting.

Source utterance:
me tu bhabi celebs aarushi dolphin ohh siso ye kya chal rha",me tu bhabi celebs aarushi dolphin ohh siso ye kya chal rha
709,10370,"Respond naturally to the following real Hinglish dataset utterance. Preserve the intended meaning, use natural Hindi-English code-mixing, and avoid unnecessary English-only or Hindi-only rewriting.

Source utterance:
mene abhi tere name ke aage blue tick dekha",mene abhi tere name ke aage blue tick dekha
710,10145,"Respond naturally to the following real Hinglish dataset utterance. Preserve the intended meaning, use natural Hindi-English code-mixing, and avoid unnecessary English-only or Hindi-only rewriting.

Source utterance:
Bharat Ratna to Bhakt our Godi Media unhe dila hi denge, magar Nobel Prize kyon nahi?","Bharat Ratna to Bhakt our Godi Media unhe dila hi denge, magar Nobel Prize kyon nahi?"
711,5491,"Respond naturally to the following real Hinglish dataset utterance. Preserve the intended meaning, use natural Hindi-English code-mixing, and avoid unnecessary English-only or Hindi-only rewriting.

Source utterance:
yaa ...kal raat toh aaya the episode me. don't know why they removed it :(",yaa ...kal raat toh aaya the episode me. don't know why they removed it :(
712,1530,"Respond naturally to the following real Hinglish dataset utterance. Preserve the intended meaning, use natural Hindi-English code-mixing, and avoid unnecessary English-only or Hindi-only rewriting.

Source utterance:
Jail bhejo ghatiya soach ka man hai arrest him",Jail bhejo ghatiya soach ka man hai arrest him
713,13409,"Respond naturally to the following real Hinglish dataset utterance. Preserve the intended meaning, use natural Hindi-English code-mixing, and avoid unnecessary English-only or Hindi-only rewriting.

Source utterance:
we also offer 1-year specialist horticultural placements, across all our gardens to hone your existing level 2 horticultural qualification in a specific area of interest.","we also offer 1-year specialist horticultural placements, across all our gardens to hone your existing level 2 horticultural qualification in a specific area of interest."
714,12306,"Respond naturally to the following real Hinglish dataset utterance. Preserve the intended meaning, use natural Hindi-English code-mixing, and avoid unnecessary English-only or Hindi-only rewriting.

Source utterance:
ye kesa pyar hota hai ka jo ik k saath hojaye tow 5 dino bd kisi or k saath hojata hai?",ye kesa pyar hota hai ka jo ik k saath hojaye tow 5 dino bd kisi or k saath hojata hai?
715,3848,"Respond naturally to the following real Hinglish dataset utterance. Preserve the intended meaning, use natural Hindi-English code-mixing, and avoid unnecessary English-only or Hindi-only rewriting.

Source utterance:
Is India or Hinduism related to this case? apne logo ko justify Kr rahe ho. Aur india me blasphemy jaisa ghatiya law nahi nahi hai.",Is India or Hinduism related to this case? apne logo ko justify Kr rahe ho. Aur india me blasphemy jaisa ghatiya law nahi nahi hai.
716,11023,"Respond naturally to the following real Hinglish dataset utterance. Preserve the intended meaning, use natural Hindi-English code-mixing, and avoid unnecessary English-only or Hindi-only rewriting.

Source utterance:
'FORREST GUMP' is a hollywood movie starring tom hanks. 'Laal singh chadda' will be the indian version of that movie.",'FORREST GUMP' is a hollywood movie starring tom hanks. 'Laal singh chadda' will be the indian version of that movie.
717,5085,"Respond naturally to the following real Hinglish dataset utterance. Preserve the intended meaning, use natural Hindi-English code-mixing, and avoid unnecessary English-only or Hindi-only rewriting.

Source utterance:
raat neend bhi theek se nahi aayi excitement mein.",raat neend bhi theek se nahi aayi excitement mein.
718,3680,"Respond naturally to the following real Hinglish dataset utterance. Preserve the intended meaning, use natural Hindi-English code-mixing, and avoid unnecessary English-only or Hindi-only rewriting.

Source utterance:
Kaun kisko kya bol raha hai. Woke slaves calling others woke. Kaise dinn aa gaye",Kaun kisko kya bol raha hai. Woke slaves calling others woke. Kaise dinn aa gaye
719,13214,"Respond naturally to the following real Hinglish dataset utterance. Preserve the intended meaning, use natural Hindi-English code-mixing, and avoid unnecessary English-only or Hindi-only rewriting.

Source utterance:
pichali bench ka bacha hai dil isko haath uthane dena / ♥",pichali bench ka bacha hai dil isko haath uthane dena / ♥
720,3262,"Respond naturally to the following real Hinglish dataset utterance. Preserve the intended meaning, use natural Hindi-English code-mixing, and avoid unnecessary English-only or Hindi-only rewriting.

Source utterance:
Aise logo ko gaali bhi kam h",Aise logo ko gaali bhi kam h
721,2414,"Respond naturally to the following real Hinglish dataset utterance. Preserve the intended meaning, use natural Hindi-English code-mixing, and avoid unnecessary English-only or Hindi-only rewriting.

Source utterance:
ind bhai to tuje afganistan me hi q paida hona hai to aur muslim desh nahi mile example dene ko such a psycho u r ilaj karao bhai",ind bhai to tuje afganistan me hi q paida hona hai to aur muslim desh nahi mile example dene ko such a psycho u r ilaj karao bhai
722,400,"Respond naturally to the following real Hinglish dataset utterance. Preserve the intended meaning, use natural Hindi-English code-mixing, and avoid unnecessary English-only or Hindi-only rewriting.

Source utterance:
dada kaun tha..? bina dada waala parivaar... marvel of medical science.! your family needs nobel prize for being first in homo sapiens. ..?",dada kaun tha..? bina dada waala parivaar... marvel of medical science.! your family needs nobel prize for being first in homo sapiens. ..?
723,757,"Respond naturally to the following real Hinglish dataset utterance. Preserve the intended meaning, use natural Hindi-English code-mixing, and avoid unnecessary English-only or Hindi-only rewriting.

Source utterance:
Ventilating Twitter 😖😖 dekh dekh k thak gayi ye sab tweets 😭😭",Ventilating Twitter 😖😖 dekh dekh k thak gayi ye sab tweets 😭😭
724,4011,"Respond naturally to the following real Hinglish dataset utterance. Preserve the intended meaning, use natural Hindi-English code-mixing, and avoid unnecessary English-only or Hindi-only rewriting.

Source utterance:
konse wale ke pass jaoge bhai allah jesus ya phir shree ram",konse wale ke pass jaoge bhai allah jesus ya phir shree ram
725,7784,"Respond naturally to the following real Hinglish dataset utterance. Preserve the intended meaning, use natural Hindi-English code-mixing, and avoid unnecessary English-only or Hindi-only rewriting.

Source utterance:
Tumlog ki society mein use hota hoga..Humlog ki nahi..BC means raping a sister..ye normal hai?? Aise dost tumhare samne tumhari behen ya kisi ki behen ke liye ye slang use karte ya tum kisi ki behen ke liye ye slang use karo aur ye normal hai?? Pathetic shameful normality",Tumlog ki society mein use hota hoga..Humlog ki nahi..BC means raping a sister..ye normal hai?? Aise dost tumhare samne tumhari behen ya kisi ki behen ke liye ye slang use karte ya tum kisi ki behen ke liye ye slang use karo aur ye normal hai?? Pathetic shameful normality
726,10015,"Respond naturally to the following real Hinglish dataset utterance. Preserve the intended meaning, use natural Hindi-English code-mixing, and avoid unnecessary English-only or Hindi-only rewriting.

Source utterance:
Haaye! Waking up to my babies like this. How good seeing them smiling and affectionate towards each other. Karan said ese thori na pyaar karta hon tujh se uff he is saying the pyaar word 😭 Karan &amp; his for his future daughter 😭😂",Haaye! Waking up to my babies like this. How good seeing them smiling and affectionate towards each other. Karan said ese thori na pyaar karta hon tujh se uff he is saying the pyaar word 😭 Karan &amp; his for his future daughter 😭😂
727,13922,"Respond naturally to the following real Hinglish dataset utterance. Preserve the intended meaning, use natural Hindi-English code-mixing, and avoid unnecessary English-only or Hindi-only rewriting.

Source utterance:
actor actress ke pas nahi hota jabtak script na mile tab tak kuch nahi samajh aata inko",actor actress ke pas nahi hota jabtak script na mile tab tak kuch nahi samajh aata inko
728,12590,"Respond naturally to the following real Hinglish dataset utterance. Preserve the intended meaning, use natural Hindi-English code-mixing, and avoid unnecessary English-only or Hindi-only rewriting.

Source utterance:
Propose nhi tha Aise hi feeling batayi Not that serious",Propose nhi tha Aise hi feeling batayi Not that serious
729,1193,"Respond naturally to the following real Hinglish dataset utterance. Preserve the intended meaning, use natural Hindi-English code-mixing, and avoid unnecessary English-only or Hindi-only rewriting.

Source utterance:
Baba Adam ke jamane ki line hai , aaj kal sidha block list mai","Baba Adam ke jamane ki line hai , aaj kal sidha block list mai"
730,7461,"Respond naturally to the following real Hinglish dataset utterance. Preserve the intended meaning, use natural Hindi-English code-mixing, and avoid unnecessary English-only or Hindi-only rewriting.

Source utterance:
ha toh llb kar ke dikha toh raha hai na inlogo ko ki apna point kaise rakhte hai",ha toh llb kar ke dikha toh raha hai na inlogo ko ki apna point kaise rakhte hai
731,6790,"Respond naturally to the following real Hinglish dataset utterance. Preserve the intended meaning, use natural Hindi-English code-mixing, and avoid unnecessary English-only or Hindi-only rewriting.

Source utterance:
Moongphali partner chahiye",Moongphali partner chahiye
732,14518,"Respond naturally to the following real Hinglish dataset utterance. Preserve the intended meaning, use natural Hindi-English code-mixing, and avoid unnecessary English-only or Hindi-only rewriting.

Source utterance:
Pehli baar Pratik ne kuch sahi bola. Woh accusation nahi tha.",Pehli baar Pratik ne kuch sahi bola. Woh accusation nahi tha.
733,10318,"Respond naturally to the following real Hinglish dataset utterance. Preserve the intended meaning, use natural Hindi-English code-mixing, and avoid unnecessary English-only or Hindi-only rewriting.

Source utterance:
Try us Mr annamalai, dont show ur hide and seek game to us, Be in limit","Try us Mr annamalai, dont show ur hide and seek game to us, Be in limit"
734,9431,"Respond naturally to the following real Hinglish dataset utterance. Preserve the intended meaning, use natural Hindi-English code-mixing, and avoid unnecessary English-only or Hindi-only rewriting.

Source utterance:
Vice principal ke bare me jari Karo 3years complete hone par sir ji",Vice principal ke bare me jari Karo 3years complete hone par sir ji
735,3185,"Respond naturally to the following real Hinglish dataset utterance. Preserve the intended meaning, use natural Hindi-English code-mixing, and avoid unnecessary English-only or Hindi-only rewriting.

Source utterance:
Ye to roz ka h ,kabhi trending list check krogi to pata ,isse b jyada kachra h twitter pr","Ye to roz ka h ,kabhi trending list check krogi to pata ,isse b jyada kachra h twitter pr"
736,11769,"Respond naturally to the following real Hinglish dataset utterance. Preserve the intended meaning, use natural Hindi-English code-mixing, and avoid unnecessary English-only or Hindi-only rewriting.

Source utterance:
garam gaya",garam gaya
737,11409,"Respond naturally to the following real Hinglish dataset utterance. Preserve the intended meaning, use natural Hindi-English code-mixing, and avoid unnecessary English-only or Hindi-only rewriting.

Source utterance:
bachpan ki ek movie yaad aa gayi jadui coat surekha ji ko dekhkar abhi bhi lagta tha ki coat me haath daalo aur",bachpan ki ek movie yaad aa gayi jadui coat surekha ji ko dekhkar abhi bhi lagta tha ki coat me haath daalo aur
738,6291,"Respond naturally to the following real Hinglish dataset utterance. Preserve the intended meaning, use natural Hindi-English code-mixing, and avoid unnecessary English-only or Hindi-only rewriting.

Source utterance:
Aapke samajh ki bahar ki cheez hai chhodiye na. Koi jabardasti to nahi hai kharidne Ki. Mat kharidiye. Aur bilkul ban karwayi ye aur ho jaye to mujhe bata dijiyega. 🙏🙏🙏",Aapke samajh ki bahar ki cheez hai chhodiye na. Koi jabardasti to nahi hai kharidne Ki. Mat kharidiye. Aur bilkul ban karwayi ye aur ho jaye to mujhe bata dijiyega. 🙏🙏🙏
739,8099,"Respond naturally to the following real Hinglish dataset utterance. Preserve the intended meaning, use natural Hindi-English code-mixing, and avoid unnecessary English-only or Hindi-only rewriting.

Source utterance:
pata nahi kis ki nazar lag gayi hamare indian cricket team ko",pata nahi kis ki nazar lag gayi hamare indian cricket team ko
740,6547,"Respond naturally to the following real Hinglish dataset utterance. Preserve the intended meaning, use natural Hindi-English code-mixing, and avoid unnecessary English-only or Hindi-only rewriting.

Source utterance:
Kila na wake aise",Kila na wake aise
741,3997,"Respond naturally to the following real Hinglish dataset utterance. Preserve the intended meaning, use natural Hindi-English code-mixing, and avoid unnecessary English-only or Hindi-only rewriting.

Source utterance:
sir action taken against people in kashmir, bihar, agra etc but not in delhi, the capital? . sir, are ppl forgetting the capital is the most important place? kindly investigate complaints and if genuine,take action as u see fit","sir action taken against people in kashmir, bihar, agra etc but not in delhi, the capital? . sir, are ppl forgetting the capital is the most important place? kindly investigate complaints and if genuine,take action as u see fit"
742,2417,"Respond naturally to the following real Hinglish dataset utterance. Preserve the intended meaning, use natural Hindi-English code-mixing, and avoid unnecessary English-only or Hindi-only rewriting.

Source utterance:
Mtlb hypocrisy ki bhi seema hoti hai Science and freedom Unke saamne jo hijab me baithe hain aur jinke yaha science se koi mtlb hi nhi hai",Mtlb hypocrisy ki bhi seema hoti hai Science and freedom Unke saamne jo hijab me baithe hain aur jinke yaha science se koi mtlb hi nhi hai
743,10748,"Respond naturally to the following real Hinglish dataset utterance. Preserve the intended meaning, use natural Hindi-English code-mixing, and avoid unnecessary English-only or Hindi-only rewriting.

Source utterance:
hai par kaam ke hai. kuch accha kaam karenge, naam karenge. dekhiye the madness and story of in december.","hai par kaam ke hai. kuch accha kaam karenge, naam karenge. dekhiye the madness and story of in december."
744,11266,"Respond naturally to the following real Hinglish dataset utterance. Preserve the intended meaning, use natural Hindi-English code-mixing, and avoid unnecessary English-only or Hindi-only rewriting.

Source utterance:
vivaah to ho chuka hai, prem vivah to nahi, arrange vivah ho gaya hai. dusra gyan lene waale bahut hain, deejiye na.","vivaah to ho chuka hai, prem vivah to nahi, arrange vivah ho gaya hai. dusra gyan lene waale bahut hain, deejiye na."
745,90,"Respond naturally to the following real Hinglish dataset utterance. Preserve the intended meaning, use natural Hindi-English code-mixing, and avoid unnecessary English-only or Hindi-only rewriting.

Source utterance:
no jalebi tweets. no tweets. no illegal bowling action. no fights with fixers. only talent and hardwork. aaj yeh hote hein, india jeeta hota. kuldeep 🐐","no jalebi tweets. no tweets. no illegal bowling action. no fights with fixers. only talent and hardwork. aaj yeh hote hein, india jeeta hota. kuldeep 🐐"
746,12303,"Respond naturally to the following real Hinglish dataset utterance. Preserve the intended meaning, use natural Hindi-English code-mixing, and avoid unnecessary English-only or Hindi-only rewriting.

Source utterance:
Haha nahi nahi. Ab na woh feeling aati hai na yahan koi flirt karne ke liye accha lagta hai 😂",Haha nahi nahi. Ab na woh feeling aati hai na yahan koi flirt karne ke liye accha lagta hai 😂
747,14097,"Respond naturally to the following real Hinglish dataset utterance. Preserve the intended meaning, use natural Hindi-English code-mixing, and avoid unnecessary English-only or Hindi-only rewriting.

Source utterance:
n yeh bhi saaf dikh rha salman ko n srk ko wale hi pe huye hain..kuch jyada hi chut diya hua hai inko😐",n yeh bhi saaf dikh rha salman ko n srk ko wale hi pe huye hain..kuch jyada hi chut diya hua hai inko😐
748,12616,"Respond naturally to the following real Hinglish dataset utterance. Preserve the intended meaning, use natural Hindi-English code-mixing, and avoid unnecessary English-only or Hindi-only rewriting.

Source utterance:
hawa..dorg buaya🗿..baik dgn saya je..ada gf 1 pon x pernah😩",hawa..dorg buaya🗿..baik dgn saya je..ada gf 1 pon x pernah😩
749,1746,"Respond naturally to the following real Hinglish dataset utterance. Preserve the intended meaning, use natural Hindi-English code-mixing, and avoid unnecessary English-only or Hindi-only rewriting.

Source utterance:
Eh u apa kabar kk yg itu.",Eh u apa kabar kk yg itu.
750,12753,"Respond naturally to the following real Hinglish dataset utterance. Preserve the intended meaning, use natural Hindi-English code-mixing, and avoid unnecessary English-only or Hindi-only rewriting.

Source utterance:
? sometimes i think b aur d ke beech mai 's' and end mai 'k' missing rehta hai is ke naam mai",? sometimes i think b aur d ke beech mai 's' and end mai 'k' missing rehta hai is ke naam mai
751,6965,"Respond naturally to the following real Hinglish dataset utterance. Preserve the intended meaning, use natural Hindi-English code-mixing, and avoid unnecessary English-only or Hindi-only rewriting.

Source utterance:
tara bhai gandhi parivar ko chodo maine ka daan diya tha ram janam bhoomi trust ko ab kl jo saamne aaya h usko dekhkar kya soche paise barbadi ke liye thodi na diye the jab bhi kisi ki registry hoti h to current dlc rate se hoti h",tara bhai gandhi parivar ko chodo maine ka daan diya tha ram janam bhoomi trust ko ab kl jo saamne aaya h usko dekhkar kya soche paise barbadi ke liye thodi na diye the jab bhi kisi ki registry hoti h to current dlc rate se hoti h
752,3585,"Respond naturally to the following real Hinglish dataset utterance. Preserve the intended meaning, use natural Hindi-English code-mixing, and avoid unnecessary English-only or Hindi-only rewriting.

Source utterance:
pehle isko nahi suna tha ab mai isko janta hun accha promotion huwa fir apology aa gayi, new trend bana gaya hai","pehle isko nahi suna tha ab mai isko janta hun accha promotion huwa fir apology aa gayi, new trend bana gaya hai"
753,2881,"Respond naturally to the following real Hinglish dataset utterance. Preserve the intended meaning, use natural Hindi-English code-mixing, and avoid unnecessary English-only or Hindi-only rewriting.

Source utterance:
Hey bhagwan ab ka kya haal hoga koi bhi.ho but teju n kk shouldnt pair up",Hey bhagwan ab ka kya haal hoga koi bhi.ho but teju n kk shouldnt pair up
754,13174,"Respond naturally to the following real Hinglish dataset utterance. Preserve the intended meaning, use natural Hindi-English code-mixing, and avoid unnecessary English-only or Hindi-only rewriting.

Source utterance:
- No me har dao as? - as como?",- No me har dao as? - as como?
755,11401,"Respond naturally to the following real Hinglish dataset utterance. Preserve the intended meaning, use natural Hindi-English code-mixing, and avoid unnecessary English-only or Hindi-only rewriting.

Source utterance:
all the best abhi!! have a great time at your uni!!",all the best abhi!! have a great time at your uni!!
756,8486,"Respond naturally to the following real Hinglish dataset utterance. Preserve the intended meaning, use natural Hindi-English code-mixing, and avoid unnecessary English-only or Hindi-only rewriting.

Source utterance:
ne bhi apna pyaar dikhaya hai sid ke liye..ki wo kitna maaine rakhta tha uske liye...apni tarike se gaana gaakar...kya galat kara usne bhai??? ab song banaya hai to youtube pe hi to daalegi naa ??? ki jaada audience connect ho...jada log dekhe..kya galat h isme???",ne bhi apna pyaar dikhaya hai sid ke liye..ki wo kitna maaine rakhta tha uske liye...apni tarike se gaana gaakar...kya galat kara usne bhai??? ab song banaya hai to youtube pe hi to daalegi naa ??? ki jaada audience connect ho...jada log dekhe..kya galat h isme???
757,7611,"Respond naturally to the following real Hinglish dataset utterance. Preserve the intended meaning, use natural Hindi-English code-mixing, and avoid unnecessary English-only or Hindi-only rewriting.

Source utterance:
Creativity hai apne logo ki",Creativity hai apne logo ki
758,822,"Respond naturally to the following real Hinglish dataset utterance. Preserve the intended meaning, use natural Hindi-English code-mixing, and avoid unnecessary English-only or Hindi-only rewriting.

Source utterance:
no karan ne kabhi tu mera bhai hai aise kabhi jataya nahi woh bin karta hai sabkuch , umar is talking about vishal .","no karan ne kabhi tu mera bhai hai aise kabhi jataya nahi woh bin karta hai sabkuch , umar is talking about vishal ."
759,9132,"Respond naturally to the following real Hinglish dataset utterance. Preserve the intended meaning, use natural Hindi-English code-mixing, and avoid unnecessary English-only or Hindi-only rewriting.

Source utterance:
the same sardar helped india out of big trouble in he is one of the great economist no matter what no one in bjp or inc or for that matter anyone in any party all over india is nowhere near to him in economics i am sure you and modi don t know e of economics",the same sardar helped india out of big trouble in he is one of the great economist no matter what no one in bjp or inc or for that matter anyone in any party all over india is nowhere near to him in economics i am sure you and modi don t know e of economics
760,4082,"Respond naturally to the following real Hinglish dataset utterance. Preserve the intended meaning, use natural Hindi-English code-mixing, and avoid unnecessary English-only or Hindi-only rewriting.

Source utterance:
Pr kise jiska 2dose ka date 15th december ky bat o sab jan kya karenge",Pr kise jiska 2dose ka date 15th december ky bat o sab jan kya karenge
761,13899,"Respond naturally to the following real Hinglish dataset utterance. Preserve the intended meaning, use natural Hindi-English code-mixing, and avoid unnecessary English-only or Hindi-only rewriting.

Source utterance:
but abhi badi ho gayi hai ye",but abhi badi ho gayi hai ye
762,1988,"Respond naturally to the following real Hinglish dataset utterance. Preserve the intended meaning, use natural Hindi-English code-mixing, and avoid unnecessary English-only or Hindi-only rewriting.

Source utterance:
speed up internet on your android phone - steps it guru via",speed up internet on your android phone - steps it guru via
763,7478,"Respond naturally to the following real Hinglish dataset utterance. Preserve the intended meaning, use natural Hindi-English code-mixing, and avoid unnecessary English-only or Hindi-only rewriting.

Source utterance:
Nahi muja yaad raha ga 😔 Shivam ki special friend ha tu kese bhul sakta",Nahi muja yaad raha ga 😔 Shivam ki special friend ha tu kese bhul sakta
764,2184,"Respond naturally to the following real Hinglish dataset utterance. Preserve the intended meaning, use natural Hindi-English code-mixing, and avoid unnecessary English-only or Hindi-only rewriting.

Source utterance:
__ Sant Shri Bapu ® ® ® ® ® ® ® ®",__ Sant Shri Bapu ® ® ® ® ® ® ® ®
765,13130,"Respond naturally to the following real Hinglish dataset utterance. Preserve the intended meaning, use natural Hindi-English code-mixing, and avoid unnecessary English-only or Hindi-only rewriting.

Source utterance:
to vir das and his devotees- jo raat ko rape karte hai wo din me bhi puja nahi karte unki",to vir das and his devotees- jo raat ko rape karte hai wo din me bhi puja nahi karte unki
766,7612,"Respond naturally to the following real Hinglish dataset utterance. Preserve the intended meaning, use natural Hindi-English code-mixing, and avoid unnecessary English-only or Hindi-only rewriting.

Source utterance:
If teja is saying devo mujhe support kr. Which means kk out hoga tabhi teja jeetegi. Same with kk. He said it in words teja didn't. same h na. They have to play for themselves 😀",If teja is saying devo mujhe support kr. Which means kk out hoga tabhi teja jeetegi. Same with kk. He said it in words teja didn't. same h na. They have to play for themselves 😀
767,10937,"Respond naturally to the following real Hinglish dataset utterance. Preserve the intended meaning, use natural Hindi-English code-mixing, and avoid unnecessary English-only or Hindi-only rewriting.

Source utterance:
Akki sir paise ke liye bc apne dharm ke khilaf he chala gaya. Nahi toh aise kya majboori thi ye movie krne ki",Akki sir paise ke liye bc apne dharm ke khilaf he chala gaya. Nahi toh aise kya majboori thi ye movie krne ki
768,8702,"Respond naturally to the following real Hinglish dataset utterance. Preserve the intended meaning, use natural Hindi-English code-mixing, and avoid unnecessary English-only or Hindi-only rewriting.

Source utterance:
Haan padh liya hum sab ne. Kahin dawat hai kya? Abhi lunch nahi kiya hai.. batayen toh ja sakta hoon dawat..:D",Haan padh liya hum sab ne. Kahin dawat hai kya? Abhi lunch nahi kiya hai.. batayen toh ja sakta hoon dawat..:D
769,9157,"Respond naturally to the following real Hinglish dataset utterance. Preserve the intended meaning, use natural Hindi-English code-mixing, and avoid unnecessary English-only or Hindi-only rewriting.

Source utterance:
teresa card ena introvert garg shake donut news wala dhandha krta kiske liye hun me",teresa card ena introvert garg shake donut news wala dhandha krta kiske liye hun me
770,9755,"Respond naturally to the following real Hinglish dataset utterance. Preserve the intended meaning, use natural Hindi-English code-mixing, and avoid unnecessary English-only or Hindi-only rewriting.

Source utterance:
Like an old saying, doosron ka moo laal dekh k apne moo pe thappar nhi marne chahye. World is full of bad people must not make you one. So here's the win of IK who proves he's not amongst the bad people, like you want him to be. Period","Like an old saying, doosron ka moo laal dekh k apne moo pe thappar nhi marne chahye. World is full of bad people must not make you one. So here's the win of IK who proves he's not amongst the bad people, like you want him to be. Period"
771,5198,"Respond naturally to the following real Hinglish dataset utterance. Preserve the intended meaning, use natural Hindi-English code-mixing, and avoid unnecessary English-only or Hindi-only rewriting.

Source utterance:
what is digitalization digital pakistan kya hai tania im... via",what is digitalization digital pakistan kya hai tania im... via
772,7251,"Respond naturally to the following real Hinglish dataset utterance. Preserve the intended meaning, use natural Hindi-English code-mixing, and avoid unnecessary English-only or Hindi-only rewriting.

Source utterance:
Bhai tu hie hai na.....ya chota pappu",Bhai tu hie hai na.....ya chota pappu
773,10037,"Respond naturally to the following real Hinglish dataset utterance. Preserve the intended meaning, use natural Hindi-English code-mixing, and avoid unnecessary English-only or Hindi-only rewriting.

Source utterance:
Ok bhai muje nahi pata tha aaj but kiya hai will sell.Thanks.",Ok bhai muje nahi pata tha aaj but kiya hai will sell.Thanks.
774,13353,"Respond naturally to the following real Hinglish dataset utterance. Preserve the intended meaning, use natural Hindi-English code-mixing, and avoid unnecessary English-only or Hindi-only rewriting.

Source utterance:
Inke upper koi nhi lagega",Inke upper koi nhi lagega
775,11784,"Respond naturally to the following real Hinglish dataset utterance. Preserve the intended meaning, use natural Hindi-English code-mixing, and avoid unnecessary English-only or Hindi-only rewriting.

Source utterance:
sab ko bole voot subscription le trp bhut important dono aye hype na kam pls request sab instagram twitter facebook fans voot bhut trp de faida sid sana ko bhi hoga ke jaha jate trp ate log fans nhi rhe inke bad me pls serious le voot subscription bhut important hai only",sab ko bole voot subscription le trp bhut important dono aye hype na kam pls request sab instagram twitter facebook fans voot bhut trp de faida sid sana ko bhi hoga ke jaha jate trp ate log fans nhi rhe inke bad me pls serious le voot subscription bhut important hai only
776,8270,"Respond naturally to the following real Hinglish dataset utterance. Preserve the intended meaning, use natural Hindi-English code-mixing, and avoid unnecessary English-only or Hindi-only rewriting.

Source utterance:
Sahi decision hai kyunki ek saal mein jitna virodh hua utna nahi mila. Agar hume ye laws chahiye the toh kisan andolan ko todna ye hamara bhi kaam tha. Modiji ne pura ek saal ka time diya tha hume. Agar hum ek joot hokar ye nakali kisan ko hata dete toh aaj ye nahi hota.",Sahi decision hai kyunki ek saal mein jitna virodh hua utna nahi mila. Agar hume ye laws chahiye the toh kisan andolan ko todna ye hamara bhi kaam tha. Modiji ne pura ek saal ka time diya tha hume. Agar hum ek joot hokar ye nakali kisan ko hata dete toh aaj ye nahi hota.
777,6991,"Respond naturally to the following real Hinglish dataset utterance. Preserve the intended meaning, use natural Hindi-English code-mixing, and avoid unnecessary English-only or Hindi-only rewriting.

Source utterance:
my are: @ 12:20 cold shoulder @ 15:20 clarendon cross @ 12:20 sponsored by - enter for free here:",my are: @ 12:20 cold shoulder @ 15:20 clarendon cross @ 12:20 sponsored by - enter for free here:
778,13608,"Respond naturally to the following real Hinglish dataset utterance. Preserve the intended meaning, use natural Hindi-English code-mixing, and avoid unnecessary English-only or Hindi-only rewriting.

Source utterance:
who are are trending this i know jihadis are trending kashmir that they are not safe then what about kashmiri pandits tum jihadi logo ko pathar phek na or victim card kae alava kuch ata bhi hai jao na pakistan jao lekin nahi tumlog jihadi kabhi nahi sudhar sakte",who are are trending this i know jihadis are trending kashmir that they are not safe then what about kashmiri pandits tum jihadi logo ko pathar phek na or victim card kae alava kuch ata bhi hai jao na pakistan jao lekin nahi tumlog jihadi kabhi nahi sudhar sakte
779,8976,"Respond naturally to the following real Hinglish dataset utterance. Preserve the intended meaning, use natural Hindi-English code-mixing, and avoid unnecessary English-only or Hindi-only rewriting.

Source utterance:
Umar khatam hone se pahle app reply de dijiye.. Warna. Fir koi fayda nahi hoga.. Job dijiye job",Umar khatam hone se pahle app reply de dijiye.. Warna. Fir koi fayda nahi hoga.. Job dijiye job
780,7305,"Respond naturally to the following real Hinglish dataset utterance. Preserve the intended meaning, use natural Hindi-English code-mixing, and avoid unnecessary English-only or Hindi-only rewriting.

Source utterance:
tujhe kitna chahne lage hum we want",tujhe kitna chahne lage hum we want
781,2607,"Respond naturally to the following real Hinglish dataset utterance. Preserve the intended meaning, use natural Hindi-English code-mixing, and avoid unnecessary English-only or Hindi-only rewriting.

Source utterance:
Sath do Modijika...MSP law chahiye arise petition sign karwa lo Andolan se..",Sath do Modijika...MSP law chahiye arise petition sign karwa lo Andolan se..
782,12184,"Respond naturally to the following real Hinglish dataset utterance. Preserve the intended meaning, use natural Hindi-English code-mixing, and avoid unnecessary English-only or Hindi-only rewriting.

Source utterance:
yaani meri bike ka tyre puncture ho ga kyun k ne mere saath hi jaana",yaani meri bike ka tyre puncture ho ga kyun k ne mere saath hi jaana
783,14114,"Respond naturally to the following real Hinglish dataset utterance. Preserve the intended meaning, use natural Hindi-English code-mixing, and avoid unnecessary English-only or Hindi-only rewriting.

Source utterance:
Kuch tweets pehle hi humne inke liye likha tha, superiority complex se hein ye baaki inke liye misogynistic kuch nahi hai Apne superiority complex ke aage logon ko koi doosra nahi dikhta... 😐","Kuch tweets pehle hi humne inke liye likha tha, superiority complex se hein ye baaki inke liye misogynistic kuch nahi hai Apne superiority complex ke aage logon ko koi doosra nahi dikhta... 😐"
784,7777,"Respond naturally to the following real Hinglish dataset utterance. Preserve the intended meaning, use natural Hindi-English code-mixing, and avoid unnecessary English-only or Hindi-only rewriting.

Source utterance:
browser that works faster!!!!! the that works . even you can by just try it :",browser that works faster!!!!! the that works . even you can by just try it :
785,7373,"Respond naturally to the following real Hinglish dataset utterance. Preserve the intended meaning, use natural Hindi-English code-mixing, and avoid unnecessary English-only or Hindi-only rewriting.

Source utterance:
nifty -: resi - 17840 18000 - 17740 17600",nifty -: resi - 17840 18000 - 17740 17600
786,4246,"Respond naturally to the following real Hinglish dataset utterance. Preserve the intended meaning, use natural Hindi-English code-mixing, and avoid unnecessary English-only or Hindi-only rewriting.

Source utterance:
Naam bhi epic hai behen kaam bhi epic hai..bahut different hai channel",Naam bhi epic hai behen kaam bhi epic hai..bahut different hai channel
787,12317,"Respond naturally to the following real Hinglish dataset utterance. Preserve the intended meaning, use natural Hindi-English code-mixing, and avoid unnecessary English-only or Hindi-only rewriting.

Source utterance:
Dolce and Gabbana whenever! GOAT's wear designers.",Dolce and Gabbana whenever! GOAT's wear designers.
788,4050,"Respond naturally to the following real Hinglish dataset utterance. Preserve the intended meaning, use natural Hindi-English code-mixing, and avoid unnecessary English-only or Hindi-only rewriting.

Source utterance:
khaas pda nahi taiyyar hone k baad b",khaas pda nahi taiyyar hone k baad b
789,13760,"Respond naturally to the following real Hinglish dataset utterance. Preserve the intended meaning, use natural Hindi-English code-mixing, and avoid unnecessary English-only or Hindi-only rewriting.

Source utterance:
pe meeting thi kya ?",pe meeting thi kya ?
790,10447,"Respond naturally to the following real Hinglish dataset utterance. Preserve the intended meaning, use natural Hindi-English code-mixing, and avoid unnecessary English-only or Hindi-only rewriting.

Source utterance:
us k liye neet b nhi krna padta",us k liye neet b nhi krna padta
791,4543,"Respond naturally to the following real Hinglish dataset utterance. Preserve the intended meaning, use natural Hindi-English code-mixing, and avoid unnecessary English-only or Hindi-only rewriting.

Source utterance:
Bhai tum page admins mast kama lete hoge na",Bhai tum page admins mast kama lete hoge na
792,12741,"Respond naturally to the following real Hinglish dataset utterance. Preserve the intended meaning, use natural Hindi-English code-mixing, and avoid unnecessary English-only or Hindi-only rewriting.

Source utterance:
o chiccha, pc mein toh bada musalmaan hone ka dhong kar rahe the.. yeh haram nahi hai kya? bade rustom nikle aur rangeen mijaaz bhi😅 dharm bhrasht!","o chiccha, pc mein toh bada musalmaan hone ka dhong kar rahe the.. yeh haram nahi hai kya? bade rustom nikle aur rangeen mijaaz bhi😅 dharm bhrasht!"
793,8540,"Respond naturally to the following real Hinglish dataset utterance. Preserve the intended meaning, use natural Hindi-English code-mixing, and avoid unnecessary English-only or Hindi-only rewriting.

Source utterance:
apple is just like kab chalte chalte janaza nikal jaye kuch pata nahi chalta",apple is just like kab chalte chalte janaza nikal jaye kuch pata nahi chalta
794,7939,"Respond naturally to the following real Hinglish dataset utterance. Preserve the intended meaning, use natural Hindi-English code-mixing, and avoid unnecessary English-only or Hindi-only rewriting.

Source utterance:
theek hai, lekin teri kyon jal rahi hai, bola to usne adani ko hai, tere papa ko thodi na bola hai, but wait ...","theek hai, lekin teri kyon jal rahi hai, bola to usne adani ko hai, tere papa ko thodi na bola hai, but wait ..."
795,10268,"Respond naturally to the following real Hinglish dataset utterance. Preserve the intended meaning, use natural Hindi-English code-mixing, and avoid unnecessary English-only or Hindi-only rewriting.

Source utterance:
mujhe lagta tha mere ghar wale hi per basin mai daal dete bas 😭 kon kon karta hai ese ?",mujhe lagta tha mere ghar wale hi per basin mai daal dete bas 😭 kon kon karta hai ese ?
796,3919,"Respond naturally to the following real Hinglish dataset utterance. Preserve the intended meaning, use natural Hindi-English code-mixing, and avoid unnecessary English-only or Hindi-only rewriting.

Source utterance:
👍 itni acchi reporter jo hai..Bilkul college or experience ki kya jaroot!",👍 itni acchi reporter jo hai..Bilkul college or experience ki kya jaroot!
797,4499,"Respond naturally to the following real Hinglish dataset utterance. Preserve the intended meaning, use natural Hindi-English code-mixing, and avoid unnecessary English-only or Hindi-only rewriting.

Source utterance:
its good you have provided stage .. but in next election dont say evm was hacked ... we hindu never forget joke on prabhu shri ram and maa sita and he make fun of who were burned by muslim mob ...",its good you have provided stage .. but in next election dont say evm was hacked ... we hindu never forget joke on prabhu shri ram and maa sita and he make fun of who were burned by muslim mob ...
798,7206,"Respond naturally to the following real Hinglish dataset utterance. Preserve the intended meaning, use natural Hindi-English code-mixing, and avoid unnecessary English-only or Hindi-only rewriting.

Source utterance:
pink baal karado uske bhi pla acche lagte hai pink baal bhai pls bhai",pink baal karado uske bhi pla acche lagte hai pink baal bhai pls bhai
799,1269,"Respond naturally to the following real Hinglish dataset utterance. Preserve the intended meaning, use natural Hindi-English code-mixing, and avoid unnecessary English-only or Hindi-only rewriting.

Source utterance:
daily flipkart video quiz games answers for 9th december 2021 1. fake or not (s4e362) 1. fake 2. not fake 3. not fake 2. daam sahi hai (s2e217) 1. rs.11,200 2. less than 1500 3. yes 3. khel ka (s2e25) 1. chemistry 2. village 3. park","daily flipkart video quiz games answers for 9th december 2021 1. fake or not (s4e362) 1. fake 2. not fake 3. not fake 2. daam sahi hai (s2e217) 1. rs.11,200 2. less than 1500 3. yes 3. khel ka (s2e25) 1. chemistry 2. village 3. park"
800,11690,"Respond naturally to the following real Hinglish dataset utterance. Preserve the intended meaning, use natural Hindi-English code-mixing, and avoid unnecessary English-only or Hindi-only rewriting.

Source utterance:
Par waha to confession ho Gaya that na ISS Karan drama tha but yaha too kuch bhi nai hai aisa",Par waha to confession ho Gaya that na ISS Karan drama tha but yaha too kuch bhi nai hai aisa
801,4681,"Respond naturally to the following real Hinglish dataset utterance. Preserve the intended meaning, use natural Hindi-English code-mixing, and avoid unnecessary English-only or Hindi-only rewriting.

Source utterance:
players phir bhi sold hony itna paisa nahi hai",players phir bhi sold hony itna paisa nahi hai
802,3841,"Respond naturally to the following real Hinglish dataset utterance. Preserve the intended meaning, use natural Hindi-English code-mixing, and avoid unnecessary English-only or Hindi-only rewriting.

Source utterance:
Kudos to the team Aaj tak for the wonderful debate with shri JP NADDA JI",Kudos to the team Aaj tak for the wonderful debate with shri JP NADDA JI
803,4451,"Respond naturally to the following real Hinglish dataset utterance. Preserve the intended meaning, use natural Hindi-English code-mixing, and avoid unnecessary English-only or Hindi-only rewriting.

Source utterance:
ye india ke union ko kya ho geya hai woh aur walon per case kyun nahi ker rahy???? one man show umar",ye india ke union ko kya ho geya hai woh aur walon per case kyun nahi ker rahy???? one man show umar
804,5502,"Respond naturally to the following real Hinglish dataset utterance. Preserve the intended meaning, use natural Hindi-English code-mixing, and avoid unnecessary English-only or Hindi-only rewriting.

Source utterance:
main toh mute karke so gayi thi",main toh mute karke so gayi thi
805,5238,"Respond naturally to the following real Hinglish dataset utterance. Preserve the intended meaning, use natural Hindi-English code-mixing, and avoid unnecessary English-only or Hindi-only rewriting.

Source utterance:
arpita woh arpu ke best friend hain hum jante hain unko",arpita woh arpu ke best friend hain hum jante hain unko
806,8849,"Respond naturally to the following real Hinglish dataset utterance. Preserve the intended meaning, use natural Hindi-English code-mixing, and avoid unnecessary English-only or Hindi-only rewriting.

Source utterance:
No you can't say that justice depend on money, warna pta nyi kon, kab, kisay, kyun is mulk mein. KUCH KAHA NYI JAA SAKTA","No you can't say that justice depend on money, warna pta nyi kon, kab, kisay, kyun is mulk mein. KUCH KAHA NYI JAA SAKTA"
807,1320,"Respond naturally to the following real Hinglish dataset utterance. Preserve the intended meaning, use natural Hindi-English code-mixing, and avoid unnecessary English-only or Hindi-only rewriting.

Source utterance:
Main to tumhe follow karti hun.. phir retweet kyun nahi karsakti hun main..",Main to tumhe follow karti hun.. phir retweet kyun nahi karsakti hun main..
808,2267,"Respond naturally to the following real Hinglish dataset utterance. Preserve the intended meaning, use natural Hindi-English code-mixing, and avoid unnecessary English-only or Hindi-only rewriting.

Source utterance:
ye log opinion aise dte hain jaise inki se ham log bb hain 🤣🤣🤣🤣 overacting kare jo bhi kare hame nhi lagte overacting aur fake bhi nhi lagte",ye log opinion aise dte hain jaise inki se ham log bb hain 🤣🤣🤣🤣 overacting kare jo bhi kare hame nhi lagte overacting aur fake bhi nhi lagte
809,2471,"Respond naturally to the following real Hinglish dataset utterance. Preserve the intended meaning, use natural Hindi-English code-mixing, and avoid unnecessary English-only or Hindi-only rewriting.

Source utterance:
😂😂 when they have in at weddings, people felt happy. Things went downhill when they started printing names on it. 😂😂","😂😂 when they have in at weddings, people felt happy. Things went downhill when they started printing names on it. 😂😂"
810,3788,"Respond naturally to the following real Hinglish dataset utterance. Preserve the intended meaning, use natural Hindi-English code-mixing, and avoid unnecessary English-only or Hindi-only rewriting.

Source utterance:
Masla tweet se nae hai, masla us tweet pe jo fans ko reply kar raha hai woh actual problem ... Unnecessarily hate create kar raha hai woh apke dono idols ke liye ..","Masla tweet se nae hai, masla us tweet pe jo fans ko reply kar raha hai woh actual problem ... Unnecessarily hate create kar raha hai woh apke dono idols ke liye .."
811,6275,"Respond naturally to the following real Hinglish dataset utterance. Preserve the intended meaning, use natural Hindi-English code-mixing, and avoid unnecessary English-only or Hindi-only rewriting.

Source utterance:
More power 2 u... ® ® ... Be Brave...",More power 2 u... ® ® ... Be Brave...
812,11369,"Respond naturally to the following real Hinglish dataset utterance. Preserve the intended meaning, use natural Hindi-English code-mixing, and avoid unnecessary English-only or Hindi-only rewriting.

Source utterance:
abhi sahi time hai apne team ko support karna waise toh jit ke time sabhi aajate hai....",abhi sahi time hai apne team ko support karna waise toh jit ke time sabhi aajate hai....
813,2503,"Respond naturally to the following real Hinglish dataset utterance. Preserve the intended meaning, use natural Hindi-English code-mixing, and avoid unnecessary English-only or Hindi-only rewriting.

Source utterance:
chachi ki ek ek krke bahar ho gye hain.. aur bahar hone walo abhi tk ye nhi smjh aya ki unke sath hua kya... lol viewers choice pratik",chachi ki ek ek krke bahar ho gye hain.. aur bahar hone walo abhi tk ye nhi smjh aya ki unke sath hua kya... lol viewers choice pratik
814,11573,"Respond naturally to the following real Hinglish dataset utterance. Preserve the intended meaning, use natural Hindi-English code-mixing, and avoid unnecessary English-only or Hindi-only rewriting.

Source utterance:
arre bhai. police station jaao. pehle apne bhai se to baat karo.",arre bhai. police station jaao. pehle apne bhai se to baat karo.
815,3505,"Respond naturally to the following real Hinglish dataset utterance. Preserve the intended meaning, use natural Hindi-English code-mixing, and avoid unnecessary English-only or Hindi-only rewriting.

Source utterance:
pm narendra modi highlights works of 'inspiring' bjp workers via namo app",pm narendra modi highlights works of 'inspiring' bjp workers via namo app
816,1052,"Respond naturally to the following real Hinglish dataset utterance. Preserve the intended meaning, use natural Hindi-English code-mixing, and avoid unnecessary English-only or Hindi-only rewriting.

Source utterance:
thank you kuch!!!! 💖💖💖💖💖💖💖",thank you kuch!!!! 💖💖💖💖💖💖💖
817,6797,"Respond naturally to the following real Hinglish dataset utterance. Preserve the intended meaning, use natural Hindi-English code-mixing, and avoid unnecessary English-only or Hindi-only rewriting.

Source utterance:
Hfte mein 2 din aata h uspe bhi ek din celebrities ko bulate ho aise kaise or kitno ki taqdeer",Hfte mein 2 din aata h uspe bhi ek din celebrities ko bulate ho aise kaise or kitno ki taqdeer
818,6678,"Respond naturally to the following real Hinglish dataset utterance. Preserve the intended meaning, use natural Hindi-English code-mixing, and avoid unnecessary English-only or Hindi-only rewriting.

Source utterance:
Tabhi mai isko aise answer ki.. Kee KK ko defend karne k liye asim ko lai aur indirectly sid ko bhi.. Every year inke new Idol banenge to maine koi theka thodi liya inke new Idol ka.. Mere liye sid matter karta only baki kisi bb contestant ko pyar karo ya gali do I don't care",Tabhi mai isko aise answer ki.. Kee KK ko defend karne k liye asim ko lai aur indirectly sid ko bhi.. Every year inke new Idol banenge to maine koi theka thodi liya inke new Idol ka.. Mere liye sid matter karta only baki kisi bb contestant ko pyar karo ya gali do I don't care
819,5421,"Respond naturally to the following real Hinglish dataset utterance. Preserve the intended meaning, use natural Hindi-English code-mixing, and avoid unnecessary English-only or Hindi-only rewriting.

Source utterance:
tumlog ship banao .. video banao😷😷 hum jiske liye mang rahe hain uske page ke aas pas tumlog ghum rahe ho 🤣🤣🤣🤣🤣",tumlog ship banao .. video banao😷😷 hum jiske liye mang rahe hain uske page ke aas pas tumlog ghum rahe ho 🤣🤣🤣🤣🤣
820,8890,"Respond naturally to the following real Hinglish dataset utterance. Preserve the intended meaning, use natural Hindi-English code-mixing, and avoid unnecessary English-only or Hindi-only rewriting.

Source utterance:
I never liked him tho he always seemed like a double face person.. I'm disappointed cos no matter how much we say we are progressing there are still some people who can't.",I never liked him tho he always seemed like a double face person.. I'm disappointed cos no matter how much we say we are progressing there are still some people who can't.
821,7633,"Respond naturally to the following real Hinglish dataset utterance. Preserve the intended meaning, use natural Hindi-English code-mixing, and avoid unnecessary English-only or Hindi-only rewriting.

Source utterance:
true but jo tarif ke kabil hota h usi ki tarif hoti h",true but jo tarif ke kabil hota h usi ki tarif hoti h
822,6812,"Respond naturally to the following real Hinglish dataset utterance. Preserve the intended meaning, use natural Hindi-English code-mixing, and avoid unnecessary English-only or Hindi-only rewriting.

Source utterance:
you guys miss out on a lot 😔 thand nhi hoti !?!? hum delhi walo se seekho , saare mausam full swing me aate hain 😂 extreme thand se extreme se extreme monsoons kaisi baat kr rha hai ? 😭 ill run away from home agar aisa kuchh hua toh","you guys miss out on a lot 😔 thand nhi hoti !?!? hum delhi walo se seekho , saare mausam full swing me aate hain 😂 extreme thand se extreme se extreme monsoons kaisi baat kr rha hai ? 😭 ill run away from home agar aisa kuchh hua toh"
823,1020,"Respond naturally to the following real Hinglish dataset utterance. Preserve the intended meaning, use natural Hindi-English code-mixing, and avoid unnecessary English-only or Hindi-only rewriting.

Source utterance:
not at all mai rashmi ko support nahi karungi ,ungli doge to hath to pakdega hi , apka right h ap kab stop kar skte ho devo sahi thi ,usko laga stop krna h usne kia ,good stand","not at all mai rashmi ko support nahi karungi ,ungli doge to hath to pakdega hi , apka right h ap kab stop kar skte ho devo sahi thi ,usko laga stop krna h usne kia ,good stand"
824,3388,"Respond naturally to the following real Hinglish dataset utterance. Preserve the intended meaning, use natural Hindi-English code-mixing, and avoid unnecessary English-only or Hindi-only rewriting.

Source utterance:
Dante, il di unItalia libera: a Roma","Dante, il di unItalia libera: a Roma"
825,13646,"Respond naturally to the following real Hinglish dataset utterance. Preserve the intended meaning, use natural Hindi-English code-mixing, and avoid unnecessary English-only or Hindi-only rewriting.

Source utterance:
log bahut halke mein lete , sochte mere bas ki nahi, ya fir apni zindgi mein koi nahi rhi blah blah arey bhai mae relationship mein bhi raha hu , aur apni zindgi mein bhi bahut ladkiya aayi aur gayi bhi hai , sabne kuch sikhaya bhi hai.... kisi ko kam na aanko","log bahut halke mein lete , sochte mere bas ki nahi, ya fir apni zindgi mein koi nahi rhi blah blah arey bhai mae relationship mein bhi raha hu , aur apni zindgi mein bhi bahut ladkiya aayi aur gayi bhi hai , sabne kuch sikhaya bhi hai.... kisi ko kam na aanko"
826,6883,"Respond naturally to the following real Hinglish dataset utterance. Preserve the intended meaning, use natural Hindi-English code-mixing, and avoid unnecessary English-only or Hindi-only rewriting.

Source utterance:
bhai ko apni nhi mile toh ksi ki hone bhi nhi de rahe hai kya masla hai inko dono ke beech mai hai aur sk relationship advisor seriously like wtf,bash hi karna tha toh dono ko karte,dono galat the faltu ka toxic narrative se tang aa gye hai unbreakable bond","bhai ko apni nhi mile toh ksi ki hone bhi nhi de rahe hai kya masla hai inko dono ke beech mai hai aur sk relationship advisor seriously like wtf,bash hi karna tha toh dono ko karte,dono galat the faltu ka toxic narrative se tang aa gye hai unbreakable bond"
827,6381,"Respond naturally to the following real Hinglish dataset utterance. Preserve the intended meaning, use natural Hindi-English code-mixing, and avoid unnecessary English-only or Hindi-only rewriting.

Source utterance:
tereko kaun sa practical experience hai bhai bookish toh aise bol raha hai jaise u were present on ground idiot",tereko kaun sa practical experience hai bhai bookish toh aise bol raha hai jaise u were present on ground idiot
828,12612,"Respond naturally to the following real Hinglish dataset utterance. Preserve the intended meaning, use natural Hindi-English code-mixing, and avoid unnecessary English-only or Hindi-only rewriting.

Source utterance:
The issue is China is economically, technologically very much advanced and hence seeking parity in terms of respect etc us untenable...if India is willing to play second fiddle, then China can accept the notion of 'natural allies' and sustain a relationship","The issue is China is economically, technologically very much advanced and hence seeking parity in terms of respect etc us untenable...if India is willing to play second fiddle, then China can accept the notion of 'natural allies' and sustain a relationship"
829,9569,"Respond naturally to the following real Hinglish dataset utterance. Preserve the intended meaning, use natural Hindi-English code-mixing, and avoid unnecessary English-only or Hindi-only rewriting.

Source utterance:
meri jaan (vani) tujhe hi rab se h maanga teri judai seh na paaun tu hai mere jeene ki wajah naagin5 hits 1m on ig",meri jaan (vani) tujhe hi rab se h maanga teri judai seh na paaun tu hai mere jeene ki wajah naagin5 hits 1m on ig
830,11395,"Respond naturally to the following real Hinglish dataset utterance. Preserve the intended meaning, use natural Hindi-English code-mixing, and avoid unnecessary English-only or Hindi-only rewriting.

Source utterance:
pyar kaise karte hai hum se sikho n trophy kaise le jate hai wo bhi sikho. slaying together",pyar kaise karte hai hum se sikho n trophy kaise le jate hai wo bhi sikho. slaying together
831,320,"Respond naturally to the following real Hinglish dataset utterance. Preserve the intended meaning, use natural Hindi-English code-mixing, and avoid unnecessary English-only or Hindi-only rewriting.

Source utterance:
he is crossing all the limits ma'am. it's out of hand now. this jokers can do anything to save their drug dhanda. i hope this aryan khan stay in jail forever..",he is crossing all the limits ma'am. it's out of hand now. this jokers can do anything to save their drug dhanda. i hope this aryan khan stay in jail forever..
832,14036,"Respond naturally to the following real Hinglish dataset utterance. Preserve the intended meaning, use natural Hindi-English code-mixing, and avoid unnecessary English-only or Hindi-only rewriting.

Source utterance:
Thanks doctor John , yeh fact sunke mujhe mere stomach main heart attack aa hai","Thanks doctor John , yeh fact sunke mujhe mere stomach main heart attack aa hai"
833,14428,"Respond naturally to the following real Hinglish dataset utterance. Preserve the intended meaning, use natural Hindi-English code-mixing, and avoid unnecessary English-only or Hindi-only rewriting.

Source utterance:
maya so 224161main bajaya gai ki 14/08/2021 ko 496116 main return ho gaya hai aur not payment mode kripya naya emo jari karne ka kast karen",maya so 224161main bajaya gai ki 14/08/2021 ko 496116 main return ho gaya hai aur not payment mode kripya naya emo jari karne ka kast karen
834,12543,"Respond naturally to the following real Hinglish dataset utterance. Preserve the intended meaning, use natural Hindi-English code-mixing, and avoid unnecessary English-only or Hindi-only rewriting.

Source utterance:
Bueno no se mensajes, no se ni chota sos chau","Bueno no se mensajes, no se ni chota sos chau"
835,9432,"Respond naturally to the following real Hinglish dataset utterance. Preserve the intended meaning, use natural Hindi-English code-mixing, and avoid unnecessary English-only or Hindi-only rewriting.

Source utterance:
not the whole thing tho. just clips, mere seconds, anything to cut the whole thing. pictures too. theres a lot of other way","not the whole thing tho. just clips, mere seconds, anything to cut the whole thing. pictures too. theres a lot of other way"
836,6232,"Respond naturally to the following real Hinglish dataset utterance. Preserve the intended meaning, use natural Hindi-English code-mixing, and avoid unnecessary English-only or Hindi-only rewriting.

Source utterance:
2022 ka election kuch v karwa sakta hai ..hme to nahi milta koi raashan",2022 ka election kuch v karwa sakta hai ..hme to nahi milta koi raashan
837,7814,"Respond naturally to the following real Hinglish dataset utterance. Preserve the intended meaning, use natural Hindi-English code-mixing, and avoid unnecessary English-only or Hindi-only rewriting.

Source utterance:
😂😂😂😂😂 kya yaar ye log aise kyu krte h apne hi idol ka tag krdia",😂😂😂😂😂 kya yaar ye log aise kyu krte h apne hi idol ka tag krdia
838,96,"Respond naturally to the following real Hinglish dataset utterance. Preserve the intended meaning, use natural Hindi-English code-mixing, and avoid unnecessary English-only or Hindi-only rewriting.

Source utterance:
khila dena phir bhi birth day hai 30 feb ko",khila dena phir bhi birth day hai 30 feb ko
839,5763,"Respond naturally to the following real Hinglish dataset utterance. Preserve the intended meaning, use natural Hindi-English code-mixing, and avoid unnecessary English-only or Hindi-only rewriting.

Source utterance:
samny manzil thi aur piche uski awaz ghazal urdu poetry more update",samny manzil thi aur piche uski awaz ghazal urdu poetry more update
840,4892,"Respond naturally to the following real Hinglish dataset utterance. Preserve the intended meaning, use natural Hindi-English code-mixing, and avoid unnecessary English-only or Hindi-only rewriting.

Source utterance:
Yaha pr jeet sellers ki hui ,humlog ko real holder krke chutiya banaya gaya,is salo pr koi bharosa mat karna .ek zero to khatam nhi hua 7 zero khatam karenge ye sb","Yaha pr jeet sellers ki hui ,humlog ko real holder krke chutiya banaya gaya,is salo pr koi bharosa mat karna .ek zero to khatam nhi hua 7 zero khatam karenge ye sb"
841,12344,"Respond naturally to the following real Hinglish dataset utterance. Preserve the intended meaning, use natural Hindi-English code-mixing, and avoid unnecessary English-only or Hindi-only rewriting.

Source utterance:
His real mentality bout females is reflected in his previous tweets sir ye previous tweets apne show mein jarur dikhana plz ......vo jo America mein bol kar aaya vo toh bs limelight k liye ...... a proud bhartiya mahila",His real mentality bout females is reflected in his previous tweets sir ye previous tweets apne show mein jarur dikhana plz ......vo jo America mein bol kar aaya vo toh bs limelight k liye ...... a proud bhartiya mahila
842,6389,"Respond naturally to the following real Hinglish dataset utterance. Preserve the intended meaning, use natural Hindi-English code-mixing, and avoid unnecessary English-only or Hindi-only rewriting.

Source utterance:
Que loco, la chota al bsicamente","Que loco, la chota al bsicamente"
843,13982,"Respond naturally to the following real Hinglish dataset utterance. Preserve the intended meaning, use natural Hindi-English code-mixing, and avoid unnecessary English-only or Hindi-only rewriting.

Source utterance:
Yes, I wasn't adding the cost of the dish. True, that's almost irrecoverable.","Yes, I wasn't adding the cost of the dish. True, that's almost irrecoverable."
844,13692,"Respond naturally to the following real Hinglish dataset utterance. Preserve the intended meaning, use natural Hindi-English code-mixing, and avoid unnecessary English-only or Hindi-only rewriting.

Source utterance:
islam ka ye pehla dushman nahi, bahut aaye mitane bale khud mit gye lekin islam ka buland h buland rahega","islam ka ye pehla dushman nahi, bahut aaye mitane bale khud mit gye lekin islam ka buland h buland rahega"
845,6865,"Respond naturally to the following real Hinglish dataset utterance. Preserve the intended meaning, use natural Hindi-English code-mixing, and avoid unnecessary English-only or Hindi-only rewriting.

Source utterance:
Jo v kiya hai laal Topi ki salami",Jo v kiya hai laal Topi ki salami
846,8818,"Respond naturally to the following real Hinglish dataset utterance. Preserve the intended meaning, use natural Hindi-English code-mixing, and avoid unnecessary English-only or Hindi-only rewriting.

Source utterance:
Hi everyone kaise ho tum sab?",Hi everyone kaise ho tum sab?
847,12247,"Respond naturally to the following real Hinglish dataset utterance. Preserve the intended meaning, use natural Hindi-English code-mixing, and avoid unnecessary English-only or Hindi-only rewriting.

Source utterance:
Badi has never liked us",Badi has never liked us
848,12036,"Respond naturally to the following real Hinglish dataset utterance. Preserve the intended meaning, use natural Hindi-English code-mixing, and avoid unnecessary English-only or Hindi-only rewriting.

Source utterance:
pairo se raksha sorry bhool gaya tha ki tum bhakt ho ko foot allot kar dete aur hath se sewa bechara shudra karta wo bhi bina mukti ki bhavna se",pairo se raksha sorry bhool gaya tha ki tum bhakt ho ko foot allot kar dete aur hath se sewa bechara shudra karta wo bhi bina mukti ki bhavna se
849,8947,"Respond naturally to the following real Hinglish dataset utterance. Preserve the intended meaning, use natural Hindi-English code-mixing, and avoid unnecessary English-only or Hindi-only rewriting.

Source utterance:
once my mom told me, kabhi guroor mat karna apne achhe waqt main.. ye waqt kisi ka saga nahi hota..!!🥺💔","once my mom told me, kabhi guroor mat karna apne achhe waqt main.. ye waqt kisi ka saga nahi hota..!!🥺💔"
850,9883,"Respond naturally to the following real Hinglish dataset utterance. Preserve the intended meaning, use natural Hindi-English code-mixing, and avoid unnecessary English-only or Hindi-only rewriting.

Source utterance:
Chunaav ke samay hi kyu...Bjp ka chota sa hu kya jawab duga janta ke beech me",Chunaav ke samay hi kyu...Bjp ka chota sa hu kya jawab duga janta ke beech me
851,3613,"Respond naturally to the following real Hinglish dataset utterance. Preserve the intended meaning, use natural Hindi-English code-mixing, and avoid unnecessary English-only or Hindi-only rewriting.

Source utterance:
dil loot shetty the shamita shetty era",dil loot shetty the shamita shetty era
852,7999,"Respond naturally to the following real Hinglish dataset utterance. Preserve the intended meaning, use natural Hindi-English code-mixing, and avoid unnecessary English-only or Hindi-only rewriting.

Source utterance:
Bilkul sahi kaha Sher A Hind ____®",Bilkul sahi kaha Sher A Hind ____®
853,3595,"Respond naturally to the following real Hinglish dataset utterance. Preserve the intended meaning, use natural Hindi-English code-mixing, and avoid unnecessary English-only or Hindi-only rewriting.

Source utterance:
kabhi aaoon banquet hall ,bouquet leke? 😁🙏💐 stay blessed","kabhi aaoon banquet hall ,bouquet leke? 😁🙏💐 stay blessed"
854,4471,"Respond naturally to the following real Hinglish dataset utterance. Preserve the intended meaning, use natural Hindi-English code-mixing, and avoid unnecessary English-only or Hindi-only rewriting.

Source utterance:
nawaz sharif calling imran khan corrupt is literally no less ridiculous than hitler calling malala a mass-murderer!",nawaz sharif calling imran khan corrupt is literally no less ridiculous than hitler calling malala a mass-murderer!
855,7140,"Respond naturally to the following real Hinglish dataset utterance. Preserve the intended meaning, use natural Hindi-English code-mixing, and avoid unnecessary English-only or Hindi-only rewriting.

Source utterance:
apni problem ko i love you bol kar dekho kya pata wo bhi tumhe chor kar chali jay",apni problem ko i love you bol kar dekho kya pata wo bhi tumhe chor kar chali jay
856,475,"Respond naturally to the following real Hinglish dataset utterance. Preserve the intended meaning, use natural Hindi-English code-mixing, and avoid unnecessary English-only or Hindi-only rewriting.

Source utterance:
__ true worship holds cure for cancer the most effective and the best treatment of cancer is available with true guru saint rampal ji maharaj. visit ashram youtube channel visit on u tube and sadhna tv at 7 30 pm daily.",__ true worship holds cure for cancer the most effective and the best treatment of cancer is available with true guru saint rampal ji maharaj. visit ashram youtube channel visit on u tube and sadhna tv at 7 30 pm daily.
857,6371,"Respond naturally to the following real Hinglish dataset utterance. Preserve the intended meaning, use natural Hindi-English code-mixing, and avoid unnecessary English-only or Hindi-only rewriting.

Source utterance:
Dil kurslar uan salk alanlar ile daha bu balang",Dil kurslar uan salk alanlar ile daha bu balang
858,5507,"Respond naturally to the following real Hinglish dataset utterance. Preserve the intended meaning, use natural Hindi-English code-mixing, and avoid unnecessary English-only or Hindi-only rewriting.

Source utterance:
💯 CP 1047 / 35 / DSP 24:45 -27.969749,153.416944","💯 CP 1047 / 35 / DSP 24:45 -27.969749,153.416944"
859,10958,"Respond naturally to the following real Hinglish dataset utterance. Preserve the intended meaning, use natural Hindi-English code-mixing, and avoid unnecessary English-only or Hindi-only rewriting.

Source utterance:
3:00am cloudy temp: 44f (h 46/l 44) wind: 4mph baro: 30.01in rain: 0.00in hum: 91%",3:00am cloudy temp: 44f (h 46/l 44) wind: 4mph baro: 30.01in rain: 0.00in hum: 91%
860,11127,"Respond naturally to the following real Hinglish dataset utterance. Preserve the intended meaning, use natural Hindi-English code-mixing, and avoid unnecessary English-only or Hindi-only rewriting.

Source utterance:
nishant tha jungle wasi bana captain bana phir bana vip bana or ab non vip bana sab say wo same tha. insan ki pehchan he jab hoti hai jab wo upar side ho par upar ho ya lower he is same that's the quality of genuine human being that's beauty",nishant tha jungle wasi bana captain bana phir bana vip bana or ab non vip bana sab say wo same tha. insan ki pehchan he jab hoti hai jab wo upar side ho par upar ho ya lower he is same that's the quality of genuine human being that's beauty
861,13076,"Respond naturally to the following real Hinglish dataset utterance. Preserve the intended meaning, use natural Hindi-English code-mixing, and avoid unnecessary English-only or Hindi-only rewriting.

Source utterance:
kha na maine....stop being smart which is clearly you are not. what you have said is very clear, now stop doing mujhe ye lga mujhe wo lga your intentions &amp; mindset is as clear as your words..!!","kha na maine....stop being smart which is clearly you are not. what you have said is very clear, now stop doing mujhe ye lga mujhe wo lga your intentions &amp; mindset is as clear as your words..!!"
862,6624,"Respond naturally to the following real Hinglish dataset utterance. Preserve the intended meaning, use natural Hindi-English code-mixing, and avoid unnecessary English-only or Hindi-only rewriting.

Source utterance:
BBL: Shadab Khan joins Sydney Sixers",BBL: Shadab Khan joins Sydney Sixers
863,11864,"Respond naturally to the following real Hinglish dataset utterance. Preserve the intended meaning, use natural Hindi-English code-mixing, and avoid unnecessary English-only or Hindi-only rewriting.

Source utterance:
you have taught us that we don't need to do anything special to be extraordinary. just being real, honest and true to self is enough. sana ne sahi bola tha sidharth you are extraordinary love you forever 💕💕💕💕","you have taught us that we don't need to do anything special to be extraordinary. just being real, honest and true to self is enough. sana ne sahi bola tha sidharth you are extraordinary love you forever 💕💕💕💕"
864,2704,"Respond naturally to the following real Hinglish dataset utterance. Preserve the intended meaning, use natural Hindi-English code-mixing, and avoid unnecessary English-only or Hindi-only rewriting.

Source utterance:
guruji pranam why should punter have fun jab aap ho to retailers have i started day challenge mujhe aashirwad de life mei ek to certificate mil jaaye",guruji pranam why should punter have fun jab aap ho to retailers have i started day challenge mujhe aashirwad de life mei ek to certificate mil jaaye
865,13770,"Respond naturally to the following real Hinglish dataset utterance. Preserve the intended meaning, use natural Hindi-English code-mixing, and avoid unnecessary English-only or Hindi-only rewriting.

Source utterance:
isme jahan tum hai wo sab se badi jhut tu dil me hai. .aise lakhon circle laat maru tere liye nation stands with karan",isme jahan tum hai wo sab se badi jhut tu dil me hai. .aise lakhon circle laat maru tere liye nation stands with karan
866,7657,"Respond naturally to the following real Hinglish dataset utterance. Preserve the intended meaning, use natural Hindi-English code-mixing, and avoid unnecessary English-only or Hindi-only rewriting.

Source utterance:
yo this hybrid be 🔥 🔥 good stuff!",yo this hybrid be 🔥 🔥 good stuff!
867,2091,"Respond naturally to the following real Hinglish dataset utterance. Preserve the intended meaning, use natural Hindi-English code-mixing, and avoid unnecessary English-only or Hindi-only rewriting.

Source utterance:
Salman Khan grooves to Jumme Ki Raat with Shilpa Shetty at Praful Patels sons wedding,watch","Salman Khan grooves to Jumme Ki Raat with Shilpa Shetty at Praful Patels sons wedding,watch"
868,10195,"Respond naturally to the following real Hinglish dataset utterance. Preserve the intended meaning, use natural Hindi-English code-mixing, and avoid unnecessary English-only or Hindi-only rewriting.

Source utterance:
mere ghar me h ek puppy h thara bhai",mere ghar me h ek puppy h thara bhai
869,441,"Respond naturally to the following real Hinglish dataset utterance. Preserve the intended meaning, use natural Hindi-English code-mixing, and avoid unnecessary English-only or Hindi-only rewriting.

Source utterance:
klean adam dan hawa",klean adam dan hawa
870,6455,"Respond naturally to the following real Hinglish dataset utterance. Preserve the intended meaning, use natural Hindi-English code-mixing, and avoid unnecessary English-only or Hindi-only rewriting.

Source utterance:
zindagi me sb kuch lekin hey today it s my bday wish me y all ni krna",zindagi me sb kuch lekin hey today it s my bday wish me y all ni krna
871,9697,"Respond naturally to the following real Hinglish dataset utterance. Preserve the intended meaning, use natural Hindi-English code-mixing, and avoid unnecessary English-only or Hindi-only rewriting.

Source utterance:
Bhai tere pe hi sly hai. saala tumhara source hi hai.",Bhai tere pe hi sly hai. saala tumhara source hi hai.
872,9246,"Respond naturally to the following real Hinglish dataset utterance. Preserve the intended meaning, use natural Hindi-English code-mixing, and avoid unnecessary English-only or Hindi-only rewriting.

Source utterance:
But but... Modiji ne toh Petrol pe 5 kam kiye toh the na? Phir kyu complain kar rahe ho bhai? Anti-national kahi ke..",But but... Modiji ne toh Petrol pe 5 kam kiye toh the na? Phir kyu complain kar rahe ho bhai? Anti-national kahi ke..
873,10862,"Respond naturally to the following real Hinglish dataset utterance. Preserve the intended meaning, use natural Hindi-English code-mixing, and avoid unnecessary English-only or Hindi-only rewriting.

Source utterance:
ye ladka sabse mithai kyu rehta h tum ekatha karke kahi or bechte ho naa",ye ladka sabse mithai kyu rehta h tum ekatha karke kahi or bechte ho naa
874,444,"Respond naturally to the following real Hinglish dataset utterance. Preserve the intended meaning, use natural Hindi-English code-mixing, and avoid unnecessary English-only or Hindi-only rewriting.

Source utterance:
Sahi hai par Ibadat kisi ko mein dal kar nhi krni chahiye agar side mein jagah hai to wahin padhni chahiye beech raste mein nahi ,","Sahi hai par Ibadat kisi ko mein dal kar nhi krni chahiye agar side mein jagah hai to wahin padhni chahiye beech raste mein nahi ,"
875,1375,"Respond naturally to the following real Hinglish dataset utterance. Preserve the intended meaning, use natural Hindi-English code-mixing, and avoid unnecessary English-only or Hindi-only rewriting.

Source utterance:
daniyal bhai 🥺🥺🥺 ap to bol he nai rahy 😂😂😂😂 kahin apko to bhabhi 🙈 pr crush 🥰 a gaya kia",daniyal bhai 🥺🥺🥺 ap to bol he nai rahy 😂😂😂😂 kahin apko to bhabhi 🙈 pr crush 🥰 a gaya kia
876,10530,"Respond naturally to the following real Hinglish dataset utterance. Preserve the intended meaning, use natural Hindi-English code-mixing, and avoid unnecessary English-only or Hindi-only rewriting.

Source utterance:
ok then. aaj call pe baat krte fir. wai video call pe aapko proposal denge😍",ok then. aaj call pe baat krte fir. wai video call pe aapko proposal denge😍
877,7022,"Respond naturally to the following real Hinglish dataset utterance. Preserve the intended meaning, use natural Hindi-English code-mixing, and avoid unnecessary English-only or Hindi-only rewriting.

Source utterance:
Aapko suspend karne waala jack chala gaya he ab 👍",Aapko suspend karne waala jack chala gaya he ab 👍
878,2223,"Respond naturally to the following real Hinglish dataset utterance. Preserve the intended meaning, use natural Hindi-English code-mixing, and avoid unnecessary English-only or Hindi-only rewriting.

Source utterance:
sunday tak kaise wait karu",sunday tak kaise wait karu
879,14202,"Respond naturally to the following real Hinglish dataset utterance. Preserve the intended meaning, use natural Hindi-English code-mixing, and avoid unnecessary English-only or Hindi-only rewriting.

Source utterance:
Its the C33s and you can see these sweethearts of garage punk at Mash tonight! 9.30pm. 3 OTD. The Christmas weekend starts here!",Its the C33s and you can see these sweethearts of garage punk at Mash tonight! 9.30pm. 3 OTD. The Christmas weekend starts here!
880,7564,"Respond naturally to the following real Hinglish dataset utterance. Preserve the intended meaning, use natural Hindi-English code-mixing, and avoid unnecessary English-only or Hindi-only rewriting.

Source utterance:
ppl in space: teja sirf iss liye dikh rahe kyunki unhe dikha rahe hai. le us: bhai iss liye dikha rahe hai kyun ki voh hi show chala rahe hai. iss liye aap sab log bhi unn logon ko baare mein hi baat karte ho chahe voh negative ho ya positive queen of hearts",ppl in space: teja sirf iss liye dikh rahe kyunki unhe dikha rahe hai. le us: bhai iss liye dikha rahe hai kyun ki voh hi show chala rahe hai. iss liye aap sab log bhi unn logon ko baare mein hi baat karte ho chahe voh negative ho ya positive queen of hearts
881,2977,"Respond naturally to the following real Hinglish dataset utterance. Preserve the intended meaning, use natural Hindi-English code-mixing, and avoid unnecessary English-only or Hindi-only rewriting.

Source utterance:
aur wohi wale bacche jo apne ghar me straight line pr chalte hai 😖😖",aur wohi wale bacche jo apne ghar me straight line pr chalte hai 😖😖
882,823,"Respond naturally to the following real Hinglish dataset utterance. Preserve the intended meaning, use natural Hindi-English code-mixing, and avoid unnecessary English-only or Hindi-only rewriting.

Source utterance:
Aao kabhi CA final ke DT me",Aao kabhi CA final ke DT me
883,4262,"Respond naturally to the following real Hinglish dataset utterance. Preserve the intended meaning, use natural Hindi-English code-mixing, and avoid unnecessary English-only or Hindi-only rewriting.

Source utterance:
ki kami nahi bharat me ese logo ko sach se koi lena dena nahi hota ur fir jab samana hoga to pehale yahi log medan chod ke",ki kami nahi bharat me ese logo ko sach se koi lena dena nahi hota ur fir jab samana hoga to pehale yahi log medan chod ke
884,5363,"Respond naturally to the following real Hinglish dataset utterance. Preserve the intended meaning, use natural Hindi-English code-mixing, and avoid unnecessary English-only or Hindi-only rewriting.

Source utterance:
off sala remand mai bat karna bhi gunah ho gaya abb",off sala remand mai bat karna bhi gunah ho gaya abb
885,3467,"Respond naturally to the following real Hinglish dataset utterance. Preserve the intended meaning, use natural Hindi-English code-mixing, and avoid unnecessary English-only or Hindi-only rewriting.

Source utterance:
will donate to victoria sab ko double-cross karenga adult huggies sharif admi koi nahi? sad!",will donate to victoria sab ko double-cross karenga adult huggies sharif admi koi nahi? sad!
886,7449,"Respond naturally to the following real Hinglish dataset utterance. Preserve the intended meaning, use natural Hindi-English code-mixing, and avoid unnecessary English-only or Hindi-only rewriting.

Source utterance:
Unse puchhe ki jarurat ni h vo bde bhaiya h mujhe mana ni karenge",Unse puchhe ki jarurat ni h vo bde bhaiya h mujhe mana ni karenge
887,5355,"Respond naturally to the following real Hinglish dataset utterance. Preserve the intended meaning, use natural Hindi-English code-mixing, and avoid unnecessary English-only or Hindi-only rewriting.

Source utterance:
state party is always a state party mamta is only wasting time and money congress ka kuch nahi bigadne waale congress ek ki tarha hai jaha aaj low tide hai high tight aane do kachra garbage sab saaf",state party is always a state party mamta is only wasting time and money congress ka kuch nahi bigadne waale congress ek ki tarha hai jaha aaj low tide hai high tight aane do kachra garbage sab saaf
888,5529,"Respond naturally to the following real Hinglish dataset utterance. Preserve the intended meaning, use natural Hindi-English code-mixing, and avoid unnecessary English-only or Hindi-only rewriting.

Source utterance:
bo tumhara kam hain yar jese aaj kiye the wese kal b karlena toxic person ke toxic fans",bo tumhara kam hain yar jese aaj kiye the wese kal b karlena toxic person ke toxic fans
889,12471,"Respond naturally to the following real Hinglish dataset utterance. Preserve the intended meaning, use natural Hindi-English code-mixing, and avoid unnecessary English-only or Hindi-only rewriting.

Source utterance:
Are even Rahane not ready...He must be packing Boxers for beach rather than thigh pads for pitch...",Are even Rahane not ready...He must be packing Boxers for beach rather than thigh pads for pitch...
890,14412,"Respond naturally to the following real Hinglish dataset utterance. Preserve the intended meaning, use natural Hindi-English code-mixing, and avoid unnecessary English-only or Hindi-only rewriting.

Source utterance:
tu kutte ka gun kha be sala pata kuch hai nahi bolne me age rahte hai",tu kutte ka gun kha be sala pata kuch hai nahi bolne me age rahte hai
891,4558,"Respond naturally to the following real Hinglish dataset utterance. Preserve the intended meaning, use natural Hindi-English code-mixing, and avoid unnecessary English-only or Hindi-only rewriting.

Source utterance:
World's 4th biggest industry is fashion, so Imran Khan should apply beauty tax on female per annum: Old Pakistan","World's 4th biggest industry is fashion, so Imran Khan should apply beauty tax on female per annum: Old Pakistan"
892,12320,"Respond naturally to the following real Hinglish dataset utterance. Preserve the intended meaning, use natural Hindi-English code-mixing, and avoid unnecessary English-only or Hindi-only rewriting.

Source utterance:
Salman khan and family not invited in wedding . Meanwhile salman khan:",Salman khan and family not invited in wedding . Meanwhile salman khan:
893,13630,"Respond naturally to the following real Hinglish dataset utterance. Preserve the intended meaning, use natural Hindi-English code-mixing, and avoid unnecessary English-only or Hindi-only rewriting.

Source utterance:
aaj kal ke parents ko pta nhi kya hogya yaar pehle to khud hi samaan laane ko bolenge phir tum pucho ki kaha rakhu to bolenge ki mere sar pe rakh de aur phir inke sar pe rakh do to aur gussa krenge ulta tumko hi daatenge",aaj kal ke parents ko pta nhi kya hogya yaar pehle to khud hi samaan laane ko bolenge phir tum pucho ki kaha rakhu to bolenge ki mere sar pe rakh de aur phir inke sar pe rakh do to aur gussa krenge ulta tumko hi daatenge
894,6906,"Respond naturally to the following real Hinglish dataset utterance. Preserve the intended meaning, use natural Hindi-English code-mixing, and avoid unnecessary English-only or Hindi-only rewriting.

Source utterance:
Atharva my boyy Mujhe bhi periods hai 😭😭😂",Atharva my boyy Mujhe bhi periods hai 😭😭😂
895,4133,"Respond naturally to the following real Hinglish dataset utterance. Preserve the intended meaning, use natural Hindi-English code-mixing, and avoid unnecessary English-only or Hindi-only rewriting.

Source utterance:
time 11:23am temp 13.7c wc 11.8c hum 92 winds 24.1 to 40.3kmh rain 0.60mm baro 1022.00inhpa",time 11:23am temp 13.7c wc 11.8c hum 92 winds 24.1 to 40.3kmh rain 0.60mm baro 1022.00inhpa
896,13679,"Respond naturally to the following real Hinglish dataset utterance. Preserve the intended meaning, use natural Hindi-English code-mixing, and avoid unnecessary English-only or Hindi-only rewriting.

Source utterance:
Narendra Modi supporters take it too far, and apprehend children to sexually abuse.","Narendra Modi supporters take it too far, and apprehend children to sexually abuse."
897,1341,"Respond naturally to the following real Hinglish dataset utterance. Preserve the intended meaning, use natural Hindi-English code-mixing, and avoid unnecessary English-only or Hindi-only rewriting.

Source utterance:
aaj bc cab se hi chale jaana chahiye tha",aaj bc cab se hi chale jaana chahiye tha
898,7705,"Respond naturally to the following real Hinglish dataset utterance. Preserve the intended meaning, use natural Hindi-English code-mixing, and avoid unnecessary English-only or Hindi-only rewriting.

Source utterance:
jaa k mujhe do s/o... follower dekhoo apne or batain😂😂",jaa k mujhe do s/o... follower dekhoo apne or batain😂😂
899,317,"Respond naturally to the following real Hinglish dataset utterance. Preserve the intended meaning, use natural Hindi-English code-mixing, and avoid unnecessary English-only or Hindi-only rewriting.

Source utterance:
Just after abhi post kiya h insta pe, phir se post kru? 😂","Just after abhi post kiya h insta pe, phir se post kru? 😂"
900,12272,"Respond naturally to the following real Hinglish dataset utterance. Preserve the intended meaning, use natural Hindi-English code-mixing, and avoid unnecessary English-only or Hindi-only rewriting.

Source utterance:
omg pen baca au abel",omg pen baca au abel
901,853,"Respond naturally to the following real Hinglish dataset utterance. Preserve the intended meaning, use natural Hindi-English code-mixing, and avoid unnecessary English-only or Hindi-only rewriting.

Source utterance:
Are pata hai bhai mere ko . M to aise hi likha hai 😂",Are pata hai bhai mere ko . M to aise hi likha hai 😂
902,5733,"Respond naturally to the following real Hinglish dataset utterance. Preserve the intended meaning, use natural Hindi-English code-mixing, and avoid unnecessary English-only or Hindi-only rewriting.

Source utterance:
De er brugt, den gr ikke mere","De er brugt, den gr ikke mere"
903,3673,"Respond naturally to the following real Hinglish dataset utterance. Preserve the intended meaning, use natural Hindi-English code-mixing, and avoid unnecessary English-only or Hindi-only rewriting.

Source utterance:
congratulations india! thanks to dynamic leadership of pm shri narendra modi ji, india has successfully vaccinated 50% of its eligible population congratulations to every indian who is contributing to the success of world's","congratulations india! thanks to dynamic leadership of pm shri narendra modi ji, india has successfully vaccinated 50% of its eligible population congratulations to every indian who is contributing to the success of world's"
904,10651,"Respond naturally to the following real Hinglish dataset utterance. Preserve the intended meaning, use natural Hindi-English code-mixing, and avoid unnecessary English-only or Hindi-only rewriting.

Source utterance:
inke beech m bahut love hai ,ptaa nhi ye qubool hai qubool hai kyu nhi kar rhe 😂 rakhi and look at our shy babies haha !! cherishing bb reunion","inke beech m bahut love hai ,ptaa nhi ye qubool hai qubool hai kyu nhi kar rhe 😂 rakhi and look at our shy babies haha !! cherishing bb reunion"
905,1124,"Respond naturally to the following real Hinglish dataset utterance. Preserve the intended meaning, use natural Hindi-English code-mixing, and avoid unnecessary English-only or Hindi-only rewriting.

Source utterance:
yeah! i thought the 'limited' banners worked like a rate up for the 4* 😭 featured 5* are always there, but at the limited banner their rate up jfc","yeah! i thought the 'limited' banners worked like a rate up for the 4* 😭 featured 5* are always there, but at the limited banner their rate up jfc"
906,12799,"Respond naturally to the following real Hinglish dataset utterance. Preserve the intended meaning, use natural Hindi-English code-mixing, and avoid unnecessary English-only or Hindi-only rewriting.

Source utterance:
Politician de karo nafrat, koi problem nhi hai. Desh de kyun karte ho? Aur aise log mein the. Chee! Inpe action hona chahiye.","Politician de karo nafrat, koi problem nhi hai. Desh de kyun karte ho? Aur aise log mein the. Chee! Inpe action hona chahiye."
907,10678,"Respond naturally to the following real Hinglish dataset utterance. Preserve the intended meaning, use natural Hindi-English code-mixing, and avoid unnecessary English-only or Hindi-only rewriting.

Source utterance:
i fell press was totally towards nishant and prateek kisi ne nishant se kyon nai pucha ki bhai jub mausam wale task main karan prateek ko vip zone main lena cahta tha to nishant ne mana kyun kardiya it was totally from the press media press",i fell press was totally towards nishant and prateek kisi ne nishant se kyon nai pucha ki bhai jub mausam wale task main karan prateek ko vip zone main lena cahta tha to nishant ne mana kyun kardiya it was totally from the press media press
908,659,"Respond naturally to the following real Hinglish dataset utterance. Preserve the intended meaning, use natural Hindi-English code-mixing, and avoid unnecessary English-only or Hindi-only rewriting.

Source utterance:
Exactly koi bhi ho aise nhi bolna chahiye this is very badjo bhi hai aap log pata krke account report uska",Exactly koi bhi ho aise nhi bolna chahiye this is very badjo bhi hai aap log pata krke account report uska
909,12357,"Respond naturally to the following real Hinglish dataset utterance. Preserve the intended meaning, use natural Hindi-English code-mixing, and avoid unnecessary English-only or Hindi-only rewriting.

Source utterance:
oo teh crush kita🥰🥰",oo teh crush kita🥰🥰
910,508,"Respond naturally to the following real Hinglish dataset utterance. Preserve the intended meaning, use natural Hindi-English code-mixing, and avoid unnecessary English-only or Hindi-only rewriting.

Source utterance:
gaya gaya k huh crush mo q",gaya gaya k huh crush mo q
911,4051,"Respond naturally to the following real Hinglish dataset utterance. Preserve the intended meaning, use natural Hindi-English code-mixing, and avoid unnecessary English-only or Hindi-only rewriting.

Source utterance:
Arey nahi hiccups bola usne, kuch khaya nahi toh hiccups aarahe hai usko","Arey nahi hiccups bola usne, kuch khaya nahi toh hiccups aarahe hai usko"
912,3266,"Respond naturally to the following real Hinglish dataset utterance. Preserve the intended meaning, use natural Hindi-English code-mixing, and avoid unnecessary English-only or Hindi-only rewriting.

Source utterance:
ok . but i m with my pti govt time lgta hai un sb nai 30 sal ki hai mai khan ko time daina chati ho takay wo kamyab ho hr cheez time k sath set hogi corona na ata to sb kuch set hota yea challenging time hai sath daina chahiye",ok . but i m with my pti govt time lgta hai un sb nai 30 sal ki hai mai khan ko time daina chati ho takay wo kamyab ho hr cheez time k sath set hogi corona na ata to sb kuch set hota yea challenging time hai sath daina chahiye
913,13749,"Respond naturally to the following real Hinglish dataset utterance. Preserve the intended meaning, use natural Hindi-English code-mixing, and avoid unnecessary English-only or Hindi-only rewriting.

Source utterance:
polly ka na bh retain kr paaye to uske liye bh de denge mumbai waale",polly ka na bh retain kr paaye to uske liye bh de denge mumbai waale
914,333,"Respond naturally to the following real Hinglish dataset utterance. Preserve the intended meaning, use natural Hindi-English code-mixing, and avoid unnecessary English-only or Hindi-only rewriting.

Source utterance:
Suar k bachay to Hamari assembly mai hain bhai, he kum apne k to wafadar hain.","Suar k bachay to Hamari assembly mai hain bhai, he kum apne k to wafadar hain."
915,10179,"Respond naturally to the following real Hinglish dataset utterance. Preserve the intended meaning, use natural Hindi-English code-mixing, and avoid unnecessary English-only or Hindi-only rewriting.

Source utterance:
Uske bina wish post adhura tha ...",Uske bina wish post adhura tha ...
916,2496,"Respond naturally to the following real Hinglish dataset utterance. Preserve the intended meaning, use natural Hindi-English code-mixing, and avoid unnecessary English-only or Hindi-only rewriting.

Source utterance:
rubina deepika tak thik tha lekin teri choice ko kya hua hai",rubina deepika tak thik tha lekin teri choice ko kya hua hai
917,3908,"Respond naturally to the following real Hinglish dataset utterance. Preserve the intended meaning, use natural Hindi-English code-mixing, and avoid unnecessary English-only or Hindi-only rewriting.

Source utterance:
Crusaders breached the town walls in the Siege of Ma'arrat al-Numan in the First Crusade, OTD in 1098. Low on food, they resorted to cannibalism.","Crusaders breached the town walls in the Siege of Ma'arrat al-Numan in the First Crusade, OTD in 1098. Low on food, they resorted to cannibalism."
918,2068,"Respond naturally to the following real Hinglish dataset utterance. Preserve the intended meaning, use natural Hindi-English code-mixing, and avoid unnecessary English-only or Hindi-only rewriting.

Source utterance:
True 😂😂I was like bhi tum crush ho u shall ignore me but uska to alag hi scene tha 😂bf tha uske sath daily uska 2 baar breakup hota tha bio p taken single taken single chalta tha to pak ke block kardiya usko 😂😂excess flirt karti thi fake feelings gain nahi karni thi 🙂",True 😂😂I was like bhi tum crush ho u shall ignore me but uska to alag hi scene tha 😂bf tha uske sath daily uska 2 baar breakup hota tha bio p taken single taken single chalta tha to pak ke block kardiya usko 😂😂excess flirt karti thi fake feelings gain nahi karni thi 🙂
919,7758,"Respond naturally to the following real Hinglish dataset utterance. Preserve the intended meaning, use natural Hindi-English code-mixing, and avoid unnecessary English-only or Hindi-only rewriting.

Source utterance:
kyu bhai ye dialogue ke rights reserved hai kya umrao jaan ke liye 😂😂 yaha baat kiski ho rahi hai aur aa kon raha hai😂",kyu bhai ye dialogue ke rights reserved hai kya umrao jaan ke liye 😂😂 yaha baat kiski ho rahi hai aur aa kon raha hai😂
920,10968,"Respond naturally to the following real Hinglish dataset utterance. Preserve the intended meaning, use natural Hindi-English code-mixing, and avoid unnecessary English-only or Hindi-only rewriting.

Source utterance:
gaya gaya ako kaya",gaya gaya ako kaya
921,1874,"Respond naturally to the following real Hinglish dataset utterance. Preserve the intended meaning, use natural Hindi-English code-mixing, and avoid unnecessary English-only or Hindi-only rewriting.

Source utterance:
bheja full mode about !! wo fazool me bolta for people, us k muda ni sense ni etc while umar was saying me apne logo k liye possessive hu phr chahe rajiv tha, kk hai ya tu(rashmi) or log isko ghalat lete ! pure heart viewers choice umar riaz","bheja full mode about !! wo fazool me bolta for people, us k muda ni sense ni etc while umar was saying me apne logo k liye possessive hu phr chahe rajiv tha, kk hai ya tu(rashmi) or log isko ghalat lete ! pure heart viewers choice umar riaz"
922,9240,"Respond naturally to the following real Hinglish dataset utterance. Preserve the intended meaning, use natural Hindi-English code-mixing, and avoid unnecessary English-only or Hindi-only rewriting.

Source utterance:
you think break up hurts the kabhi apne sarcasm ko explain krna para ha",you think break up hurts the kabhi apne sarcasm ko explain krna para ha
923,3571,"Respond naturally to the following real Hinglish dataset utterance. Preserve the intended meaning, use natural Hindi-English code-mixing, and avoid unnecessary English-only or Hindi-only rewriting.

Source utterance:
i am fine shayan ap kesi ho kidar ho",i am fine shayan ap kesi ho kidar ho
924,7619,"Respond naturally to the following real Hinglish dataset utterance. Preserve the intended meaning, use natural Hindi-English code-mixing, and avoid unnecessary English-only or Hindi-only rewriting.

Source utterance:
exactly my point.. ek dil ki baat batau i feel like going inside house hitting / pinning down and telling him aakhe khol, tere samne hai sab...","exactly my point.. ek dil ki baat batau i feel like going inside house hitting / pinning down and telling him aakhe khol, tere samne hai sab..."
925,11460,"Respond naturally to the following real Hinglish dataset utterance. Preserve the intended meaning, use natural Hindi-English code-mixing, and avoid unnecessary English-only or Hindi-only rewriting.

Source utterance:
Santa k naam pr ko chutiya bnane ki ninja technique",Santa k naam pr ko chutiya bnane ki ninja technique
926,4198,"Respond naturally to the following real Hinglish dataset utterance. Preserve the intended meaning, use natural Hindi-English code-mixing, and avoid unnecessary English-only or Hindi-only rewriting.

Source utterance:
yes , bottle samay maal body , kapdon per gir sakta hai !! is liye blood report jaroori hai !!!","yes , bottle samay maal body , kapdon per gir sakta hai !! is liye blood report jaroori hai !!!"
927,12564,"Respond naturally to the following real Hinglish dataset utterance. Preserve the intended meaning, use natural Hindi-English code-mixing, and avoid unnecessary English-only or Hindi-only rewriting.

Source utterance:
mam pls aap aise karoge 😂😂😂",mam pls aap aise karoge 😂😂😂
928,6043,"Respond naturally to the following real Hinglish dataset utterance. Preserve the intended meaning, use natural Hindi-English code-mixing, and avoid unnecessary English-only or Hindi-only rewriting.

Source utterance:
tum kiyo chinta kar rahi ho eh idar se udar hor uder se idar rehtha hai it is right of every person to have choice to select their religious belief or even not Religion come after human beings whosoever, put religion before human being always suffer","tum kiyo chinta kar rahi ho eh idar se udar hor uder se idar rehtha hai it is right of every person to have choice to select their religious belief or even not Religion come after human beings whosoever, put religion before human being always suffer"
929,2749,"Respond naturally to the following real Hinglish dataset utterance. Preserve the intended meaning, use natural Hindi-English code-mixing, and avoid unnecessary English-only or Hindi-only rewriting.

Source utterance:
On a special festive edition of Checks and Balance: -The team picks the stories that didnt make it onto our show this year -Two mystery put our hosts under the spotlight -Listeners try to out-fox trivia guru",On a special festive edition of Checks and Balance: -The team picks the stories that didnt make it onto our show this year -Two mystery put our hosts under the spotlight -Listeners try to out-fox trivia guru
930,9926,"Respond naturally to the following real Hinglish dataset utterance. Preserve the intended meaning, use natural Hindi-English code-mixing, and avoid unnecessary English-only or Hindi-only rewriting.

Source utterance:
na ur man nau",na ur man nau
931,9949,"Respond naturally to the following real Hinglish dataset utterance. Preserve the intended meaning, use natural Hindi-English code-mixing, and avoid unnecessary English-only or Hindi-only rewriting.

Source utterance:
mafi maang maa ke laude!!!!!!! bhagwan ko gaali diya hai tu hamare!!hamare yahan har hindu mein bhagwaan baste hain tere allah ki taraha kuch bhi hisaab nahi hai hamaara!!saala aaj kal trend ban chuka hai hinduon ka majak aur publicity lena!!",mafi maang maa ke laude!!!!!!! bhagwan ko gaali diya hai tu hamare!!hamare yahan har hindu mein bhagwaan baste hain tere allah ki taraha kuch bhi hisaab nahi hai hamaara!!saala aaj kal trend ban chuka hai hinduon ka majak aur publicity lena!!
932,12743,"Respond naturally to the following real Hinglish dataset utterance. Preserve the intended meaning, use natural Hindi-English code-mixing, and avoid unnecessary English-only or Hindi-only rewriting.

Source utterance:
nhi tere saath bechi thi sharam chor bazaar mein- accha shaadi shuda hoke aaj kaun simp kar rha tha kisi ladke par?",nhi tere saath bechi thi sharam chor bazaar mein- accha shaadi shuda hoke aaj kaun simp kar rha tha kisi ladke par?
933,13423,"Respond naturally to the following real Hinglish dataset utterance. Preserve the intended meaning, use natural Hindi-English code-mixing, and avoid unnecessary English-only or Hindi-only rewriting.

Source utterance:
Lhaaa... khan elo nya, MALIIIIHHH!!!","Lhaaa... khan elo nya, MALIIIIHHH!!!"
934,2683,"Respond naturally to the following real Hinglish dataset utterance. Preserve the intended meaning, use natural Hindi-English code-mixing, and avoid unnecessary English-only or Hindi-only rewriting.

Source utterance:
sir iss desh ka kuch nahi ho sakta diwali ke din saare environmentalist ban jaate hain mothers day ke din mom aur birthday ke din ye",sir iss desh ka kuch nahi ho sakta diwali ke din saare environmentalist ban jaate hain mothers day ke din mom aur birthday ke din ye
935,5096,"Respond naturally to the following real Hinglish dataset utterance. Preserve the intended meaning, use natural Hindi-English code-mixing, and avoid unnecessary English-only or Hindi-only rewriting.

Source utterance:
Iska bhi koi fan hota hai ?",Iska bhi koi fan hota hai ?
936,9481,"Respond naturally to the following real Hinglish dataset utterance. Preserve the intended meaning, use natural Hindi-English code-mixing, and avoid unnecessary English-only or Hindi-only rewriting.

Source utterance:
no pronouns mayn. 😭😭😭 lekin wese sab she kehte hain 😭😭😭",no pronouns mayn. 😭😭😭 lekin wese sab she kehte hain 😭😭😭
937,420,"Respond naturally to the following real Hinglish dataset utterance. Preserve the intended meaning, use natural Hindi-English code-mixing, and avoid unnecessary English-only or Hindi-only rewriting.

Source utterance:
not just 6 month, this work started before complete lockdown. thanks god election aa rahe hai nahi to abhi bhi aisa hi rahta","not just 6 month, this work started before complete lockdown. thanks god election aa rahe hai nahi to abhi bhi aisa hi rahta"
938,5111,"Respond naturally to the following real Hinglish dataset utterance. Preserve the intended meaning, use natural Hindi-English code-mixing, and avoid unnecessary English-only or Hindi-only rewriting.

Source utterance:
Koi movie dekhne hi nahi gaya fire crackers kaun burst karega",Koi movie dekhne hi nahi gaya fire crackers kaun burst karega
939,9433,"Respond naturally to the following real Hinglish dataset utterance. Preserve the intended meaning, use natural Hindi-English code-mixing, and avoid unnecessary English-only or Hindi-only rewriting.

Source utterance:
ye sahab kabhi ye bola karte par ab sahab ke muh mai kuchh ho gaya iss liye shayad kuchh bol nahi paa rahe petrol ke baare mai ab kiske liye loan lena hoga",ye sahab kabhi ye bola karte par ab sahab ke muh mai kuchh ho gaya iss liye shayad kuchh bol nahi paa rahe petrol ke baare mai ab kiske liye loan lena hoga
940,6149,"Respond naturally to the following real Hinglish dataset utterance. Preserve the intended meaning, use natural Hindi-English code-mixing, and avoid unnecessary English-only or Hindi-only rewriting.

Source utterance:
koi bhi institution nahi honi chahiye aaj ke me lords par bhi lagaam honi chahiye anyatha yeh constitution ki bhi apne hisaab se vyakhya karte hai aur contempt of court ke naam par hai",koi bhi institution nahi honi chahiye aaj ke me lords par bhi lagaam honi chahiye anyatha yeh constitution ki bhi apne hisaab se vyakhya karte hai aur contempt of court ke naam par hai
941,6498,"Respond naturally to the following real Hinglish dataset utterance. Preserve the intended meaning, use natural Hindi-English code-mixing, and avoid unnecessary English-only or Hindi-only rewriting.

Source utterance:
Bolne do raghav ko, takleef hui hai pure saal bechare kopehle world test championship, phir ipl, phir t20 cup, phir t20 captaincy, ab odi captaincy 😂😂😂😂😂Upar se 0 hundred fans ki gand bahut jali hai iss saal","Bolne do raghav ko, takleef hui hai pure saal bechare kopehle world test championship, phir ipl, phir t20 cup, phir t20 captaincy, ab odi captaincy 😂😂😂😂😂Upar se 0 hundred fans ki gand bahut jali hai iss saal"
942,11714,"Respond naturally to the following real Hinglish dataset utterance. Preserve the intended meaning, use natural Hindi-English code-mixing, and avoid unnecessary English-only or Hindi-only rewriting.

Source utterance:
tum itne cute, loving, hot, amazing, down to earth, pyaare, maasoom (sirf shakal se) , hardworking kaise hoo🥲🥲🤌","tum itne cute, loving, hot, amazing, down to earth, pyaare, maasoom (sirf shakal se) , hardworking kaise hoo🥲🥲🤌"
943,3249,"Respond naturally to the following real Hinglish dataset utterance. Preserve the intended meaning, use natural Hindi-English code-mixing, and avoid unnecessary English-only or Hindi-only rewriting.

Source utterance:
Ill make 7th team in PSL and will pick Dunk,Shahzad,Kamran,Zahid,Warner,Stokes,FaF,Starc,Kane,Buttler,Dont worry champs, will add you in Platinum &amp; Diamond category. Bud Tum log Mujhe hosla dena","Ill make 7th team in PSL and will pick Dunk,Shahzad,Kamran,Zahid,Warner,Stokes,FaF,Starc,Kane,Buttler,Dont worry champs, will add you in Platinum &amp; Diamond category. Bud Tum log Mujhe hosla dena"
944,1245,"Respond naturally to the following real Hinglish dataset utterance. Preserve the intended meaning, use natural Hindi-English code-mixing, and avoid unnecessary English-only or Hindi-only rewriting.

Source utterance:
A UN report warned that while a 30% reduction in projected carbon emissions by 2030 is needed to see a 2C world, and a 55% reduction for 1.5C, current pledges have us on course for a mere 7.5% reduction. Countries are buying time before taking action! !","A UN report warned that while a 30% reduction in projected carbon emissions by 2030 is needed to see a 2C world, and a 55% reduction for 1.5C, current pledges have us on course for a mere 7.5% reduction. Countries are buying time before taking action! !"
945,9700,"Respond naturally to the following real Hinglish dataset utterance. Preserve the intended meaning, use natural Hindi-English code-mixing, and avoid unnecessary English-only or Hindi-only rewriting.

Source utterance:
humara saregama boht kamjor hai humko sb acche hi lagte log bolte hain",humara saregama boht kamjor hai humko sb acche hi lagte log bolte hain
946,11315,"Respond naturally to the following real Hinglish dataset utterance. Preserve the intended meaning, use natural Hindi-English code-mixing, and avoid unnecessary English-only or Hindi-only rewriting.

Source utterance:
mai kisiki tweet ko quote kara use to thik se pad lo uske baad reply dena 😂 ki fake fans",mai kisiki tweet ko quote kara use to thik se pad lo uske baad reply dena 😂 ki fake fans
947,10276,"Respond naturally to the following real Hinglish dataset utterance. Preserve the intended meaning, use natural Hindi-English code-mixing, and avoid unnecessary English-only or Hindi-only rewriting.

Source utterance:
Li thhi lekin 2 vaccination ke baad hota hai lekin vaccination lage rahene se jaldi thik hou jaata hai aur death se bachata hai, dhyaan rakhna chahiye","Li thhi lekin 2 vaccination ke baad hota hai lekin vaccination lage rahene se jaldi thik hou jaata hai aur death se bachata hai, dhyaan rakhna chahiye"
948,3978,"Respond naturally to the following real Hinglish dataset utterance. Preserve the intended meaning, use natural Hindi-English code-mixing, and avoid unnecessary English-only or Hindi-only rewriting.

Source utterance:
bahi ab jan chor do ka vasta is ki hum paper dy chuky hain",bahi ab jan chor do ka vasta is ki hum paper dy chuky hain
949,1669,"Respond naturally to the following real Hinglish dataset utterance. Preserve the intended meaning, use natural Hindi-English code-mixing, and avoid unnecessary English-only or Hindi-only rewriting.

Source utterance:
wese why don t they do that this is actually a good solution if you want to get things done itne g hain sanctions impose krne wale bhi",wese why don t they do that this is actually a good solution if you want to get things done itne g hain sanctions impose krne wale bhi
950,11422,"Respond naturally to the following real Hinglish dataset utterance. Preserve the intended meaning, use natural Hindi-English code-mixing, and avoid unnecessary English-only or Hindi-only rewriting.

Source utterance:
Happy birthday same birthday with me 😬😬",Happy birthday same birthday with me 😬😬
951,12656,"Respond naturally to the following real Hinglish dataset utterance. Preserve the intended meaning, use natural Hindi-English code-mixing, and avoid unnecessary English-only or Hindi-only rewriting.

Source utterance:
Oh nenem...dorzinha aonde, hum? Descansa, um remedinho?","Oh nenem...dorzinha aonde, hum? Descansa, um remedinho?"
952,4941,"Respond naturally to the following real Hinglish dataset utterance. Preserve the intended meaning, use natural Hindi-English code-mixing, and avoid unnecessary English-only or Hindi-only rewriting.

Source utterance:
Shut up tAlent nhi hota hai",Shut up tAlent nhi hota hai
953,13931,"Respond naturally to the following real Hinglish dataset utterance. Preserve the intended meaning, use natural Hindi-English code-mixing, and avoid unnecessary English-only or Hindi-only rewriting.

Source utterance:
Gg Barbie tum ny bola bhi tha ki shayad issy permission na ho mujy us baat pr 100 krna tha but net slow hogaya tha Mera nhi KR Pai",Gg Barbie tum ny bola bhi tha ki shayad issy permission na ho mujy us baat pr 100 krna tha but net slow hogaya tha Mera nhi KR Pai
954,11210,"Respond naturally to the following real Hinglish dataset utterance. Preserve the intended meaning, use natural Hindi-English code-mixing, and avoid unnecessary English-only or Hindi-only rewriting.

Source utterance:
Tame deserve karo cho Jay bhai",Tame deserve karo cho Jay bhai
955,9837,"Respond naturally to the following real Hinglish dataset utterance. Preserve the intended meaning, use natural Hindi-English code-mixing, and avoid unnecessary English-only or Hindi-only rewriting.

Source utterance:
Evidence ho ga hi kaise.... Tum jaise aur gaddar jo ko support kar rahe ho..... Koi na kuch din ka waqt h tumhare pass.....sudhar jao Bas 4-5 year",Evidence ho ga hi kaise.... Tum jaise aur gaddar jo ko support kar rahe ho..... Koi na kuch din ka waqt h tumhare pass.....sudhar jao Bas 4-5 year
956,13197,"Respond naturally to the following real Hinglish dataset utterance. Preserve the intended meaning, use natural Hindi-English code-mixing, and avoid unnecessary English-only or Hindi-only rewriting.

Source utterance:
ohh shit 🤭 main to abhi tak me hu maine isme pura paisa rakha hai",ohh shit 🤭 main to abhi tak me hu maine isme pura paisa rakha hai
957,1983,"Respond naturally to the following real Hinglish dataset utterance. Preserve the intended meaning, use natural Hindi-English code-mixing, and avoid unnecessary English-only or Hindi-only rewriting.

Source utterance:
Dato: si gana llegara a 50 puntos, har un millonarios?","Dato: si gana llegara a 50 puntos, har un millonarios?"
958,13045,"Respond naturally to the following real Hinglish dataset utterance. Preserve the intended meaning, use natural Hindi-English code-mixing, and avoid unnecessary English-only or Hindi-only rewriting.

Source utterance:
Hawa no Christmas gift.",Hawa no Christmas gift.
959,9272,"Respond naturally to the following real Hinglish dataset utterance. Preserve the intended meaning, use natural Hindi-English code-mixing, and avoid unnecessary English-only or Hindi-only rewriting.

Source utterance:
u too dil, be happy too cantik!!","u too dil, be happy too cantik!!"
960,12822,"Respond naturally to the following real Hinglish dataset utterance. Preserve the intended meaning, use natural Hindi-English code-mixing, and avoid unnecessary English-only or Hindi-only rewriting.

Source utterance:
Sir mujhe aapki madad chahiye please sir help me",Sir mujhe aapki madad chahiye please sir help me
961,672,"Respond naturally to the following real Hinglish dataset utterance. Preserve the intended meaning, use natural Hindi-English code-mixing, and avoid unnecessary English-only or Hindi-only rewriting.

Source utterance:
And I thought aap nahi go but tagging Prerna shows it all. Sad :(",And I thought aap nahi go but tagging Prerna shows it all. Sad :(
962,5688,"Respond naturally to the following real Hinglish dataset utterance. Preserve the intended meaning, use natural Hindi-English code-mixing, and avoid unnecessary English-only or Hindi-only rewriting.

Source utterance:
omg 😳 !! desk kar hi adrenaline rush ho gaya !! thanks for sharing",omg 😳 !! desk kar hi adrenaline rush ho gaya !! thanks for sharing
963,8728,"Respond naturally to the following real Hinglish dataset utterance. Preserve the intended meaning, use natural Hindi-English code-mixing, and avoid unnecessary English-only or Hindi-only rewriting.

Source utterance:
Mein le leti hun tum ja k mera physics ka test de ao 🌚",Mein le leti hun tum ja k mera physics ka test de ao 🌚
964,7018,"Respond naturally to the following real Hinglish dataset utterance. Preserve the intended meaning, use natural Hindi-English code-mixing, and avoid unnecessary English-only or Hindi-only rewriting.

Source utterance:
sir me bhi govt. job. kk tyari karna chahta hu pr mere upr karz hone ki se m kuch nhi kr pa rha hu lock down me meri job bhi chli gyi mere parivar wale bhi itne saksham nhi hai sir please meri help kriye.....🙏",sir me bhi govt. job. kk tyari karna chahta hu pr mere upr karz hone ki se m kuch nhi kr pa rha hu lock down me meri job bhi chli gyi mere parivar wale bhi itne saksham nhi hai sir please meri help kriye.....🙏
965,10838,"Respond naturally to the following real Hinglish dataset utterance. Preserve the intended meaning, use natural Hindi-English code-mixing, and avoid unnecessary English-only or Hindi-only rewriting.

Source utterance:
mannequin boys di wp ya",mannequin boys di wp ya
966,6071,"Respond naturally to the following real Hinglish dataset utterance. Preserve the intended meaning, use natural Hindi-English code-mixing, and avoid unnecessary English-only or Hindi-only rewriting.

Source utterance:
i can understand this for bcoz uske saath ho raha hai, but for other two; i don't think so. period","i can understand this for bcoz uske saath ho raha hai, but for other two; i don't think so. period"
967,1129,"Respond naturally to the following real Hinglish dataset utterance. Preserve the intended meaning, use natural Hindi-English code-mixing, and avoid unnecessary English-only or Hindi-only rewriting.

Source utterance:
apni old fame k dum m herogiri dikhane wale ye bhi smjh le kuch krna bhi hota h khud. viewers choice pratik",apni old fame k dum m herogiri dikhane wale ye bhi smjh le kuch krna bhi hota h khud. viewers choice pratik
968,8289,"Respond naturally to the following real Hinglish dataset utterance. Preserve the intended meaning, use natural Hindi-English code-mixing, and avoid unnecessary English-only or Hindi-only rewriting.

Source utterance:
Jaisi apki harkate hain apka ek bhi follower nahi hona chahiye.",Jaisi apki harkate hain apka ek bhi follower nahi hona chahiye.
969,10609,"Respond naturally to the following real Hinglish dataset utterance. Preserve the intended meaning, use natural Hindi-English code-mixing, and avoid unnecessary English-only or Hindi-only rewriting.

Source utterance:
basta bavarian 😊 merry christmas",basta bavarian 😊 merry christmas
970,5590,"Respond naturally to the following real Hinglish dataset utterance. Preserve the intended meaning, use natural Hindi-English code-mixing, and avoid unnecessary English-only or Hindi-only rewriting.

Source utterance:
dhobi sr waterbase liya tha investment pic main 8 month no return diwali bhi bekar gayi new year bhi ja rha ...",dhobi sr waterbase liya tha investment pic main 8 month no return diwali bhi bekar gayi new year bhi ja rha ...
971,207,"Respond naturally to the following real Hinglish dataset utterance. Preserve the intended meaning, use natural Hindi-English code-mixing, and avoid unnecessary English-only or Hindi-only rewriting.

Source utterance:
International Men's Day ki khushi me mujhe Gifts bhej dijiye",International Men's Day ki khushi me mujhe Gifts bhej dijiye
972,13919,"Respond naturally to the following real Hinglish dataset utterance. Preserve the intended meaning, use natural Hindi-English code-mixing, and avoid unnecessary English-only or Hindi-only rewriting.

Source utterance:
😂😂😂 sahi he jio ki wajah se nhi chl rha aise bol rhi customer care wali 😝😝😝😝😝",😂😂😂 sahi he jio ki wajah se nhi chl rha aise bol rhi customer care wali 😝😝😝😝😝
973,6882,"Respond naturally to the following real Hinglish dataset utterance. Preserve the intended meaning, use natural Hindi-English code-mixing, and avoid unnecessary English-only or Hindi-only rewriting.

Source utterance:
today has been a zoom marathon within a zoom-heavy week. i started at 8am with a workshop at the coterie's renew &amp; rise festival, attended other workshops during the day, and am finishing up with this. very interested in this because i plan to write about murdoch soon","today has been a zoom marathon within a zoom-heavy week. i started at 8am with a workshop at the coterie's renew &amp; rise festival, attended other workshops during the day, and am finishing up with this. very interested in this because i plan to write about murdoch soon"
974,13473,"Respond naturally to the following real Hinglish dataset utterance. Preserve the intended meaning, use natural Hindi-English code-mixing, and avoid unnecessary English-only or Hindi-only rewriting.

Source utterance:
mujhe meri moose chahiye fourty four",mujhe meri moose chahiye fourty four
975,8031,"Respond naturally to the following real Hinglish dataset utterance. Preserve the intended meaning, use natural Hindi-English code-mixing, and avoid unnecessary English-only or Hindi-only rewriting.

Source utterance:
mereko toh acche tweets pe bhi like nahi milte",mereko toh acche tweets pe bhi like nahi milte
976,1729,"Respond naturally to the following real Hinglish dataset utterance. Preserve the intended meaning, use natural Hindi-English code-mixing, and avoid unnecessary English-only or Hindi-only rewriting.

Source utterance:
sahi hain 🤣😭 heart breaking stories 💔 o dilbar yaara teaser out",sahi hain 🤣😭 heart breaking stories 💔 o dilbar yaara teaser out
977,7102,"Respond naturally to the following real Hinglish dataset utterance. Preserve the intended meaning, use natural Hindi-English code-mixing, and avoid unnecessary English-only or Hindi-only rewriting.

Source utterance:
Mujhe bhi aa gaya talks nonsense",Mujhe bhi aa gaya talks nonsense
978,5934,"Respond naturally to the following real Hinglish dataset utterance. Preserve the intended meaning, use natural Hindi-English code-mixing, and avoid unnecessary English-only or Hindi-only rewriting.

Source utterance:
dal mein kuch kaala nahi yeh dal hi kaala hai lets scrap out completely swachch bharat abhyan",dal mein kuch kaala nahi yeh dal hi kaala hai lets scrap out completely swachch bharat abhyan
979,10413,"Respond naturally to the following real Hinglish dataset utterance. Preserve the intended meaning, use natural Hindi-English code-mixing, and avoid unnecessary English-only or Hindi-only rewriting.

Source utterance:
fertilizer crisis has come, farmers are not getting fertilizer, what would you like to say on this","fertilizer crisis has come, farmers are not getting fertilizer, what would you like to say on this"
980,13577,"Respond naturally to the following real Hinglish dataset utterance. Preserve the intended meaning, use natural Hindi-English code-mixing, and avoid unnecessary English-only or Hindi-only rewriting.

Source utterance:
Nalli ki g**d ke hath mai aa gaya hai bc chow chow chow chow 😂",Nalli ki g**d ke hath mai aa gaya hai bc chow chow chow chow 😂
981,7532,"Respond naturally to the following real Hinglish dataset utterance. Preserve the intended meaning, use natural Hindi-English code-mixing, and avoid unnecessary English-only or Hindi-only rewriting.

Source utterance:
en tant quagence des l a reu la dlgation de . des discussions sur les progrs et dfis pour lamlioration d la sant &amp; nouveaux-ns",en tant quagence des l a reu la dlgation de . des discussions sur les progrs et dfis pour lamlioration d la sant &amp; nouveaux-ns
982,11588,"Respond naturally to the following real Hinglish dataset utterance. Preserve the intended meaning, use natural Hindi-English code-mixing, and avoid unnecessary English-only or Hindi-only rewriting.

Source utterance:
Sahi me Ajeet bhi maza aa gya. Aise to yogi Ji or mota bhi bh ne pelte. I am watching in loop",Sahi me Ajeet bhi maza aa gya. Aise to yogi Ji or mota bhi bh ne pelte. I am watching in loop
983,2506,"Respond naturally to the following real Hinglish dataset utterance. Preserve the intended meaning, use natural Hindi-English code-mixing, and avoid unnecessary English-only or Hindi-only rewriting.

Source utterance:
i want he and he and he",i want he and he and he
984,7135,"Respond naturally to the following real Hinglish dataset utterance. Preserve the intended meaning, use natural Hindi-English code-mixing, and avoid unnecessary English-only or Hindi-only rewriting.

Source utterance:
dekh lenge kon , abhi tk hfte to hmse hi aye ho","dekh lenge kon , abhi tk hfte to hmse hi aye ho"
985,2885,"Respond naturally to the following real Hinglish dataset utterance. Preserve the intended meaning, use natural Hindi-English code-mixing, and avoid unnecessary English-only or Hindi-only rewriting.

Source utterance:
bade logo ki sarkar apne pade likhe bade logo aur bade logo ko he bolo ye kar woh kar ye bol woh bol. sepoy apni marzi se sirf apna kaam karega. koi shak.",bade logo ki sarkar apne pade likhe bade logo aur bade logo ko he bolo ye kar woh kar ye bol woh bol. sepoy apni marzi se sirf apna kaam karega. koi shak.
986,12022,"Respond naturally to the following real Hinglish dataset utterance. Preserve the intended meaning, use natural Hindi-English code-mixing, and avoid unnecessary English-only or Hindi-only rewriting.

Source utterance:
sorry to bring this to your timeline but just hear a kid saying sar tan se judaslogan. hes maybe 14-15y/o kid and this is what hes learning from his religion. made fun of ramji/sitaji &amp; shows cancel ho rahe hain tab itna natak hai. inke baare mein kiya hota toh..",sorry to bring this to your timeline but just hear a kid saying sar tan se judaslogan. hes maybe 14-15y/o kid and this is what hes learning from his religion. made fun of ramji/sitaji &amp; shows cancel ho rahe hain tab itna natak hai. inke baare mein kiya hota toh..
987,8548,"Respond naturally to the following real Hinglish dataset utterance. Preserve the intended meaning, use natural Hindi-English code-mixing, and avoid unnecessary English-only or Hindi-only rewriting.

Source utterance:
💯 CP 635 / 30 / DSP 06:59 26.250757,-98.230911","💯 CP 635 / 30 / DSP 06:59 26.250757,-98.230911"
988,10657,"Respond naturally to the following real Hinglish dataset utterance. Preserve the intended meaning, use natural Hindi-English code-mixing, and avoid unnecessary English-only or Hindi-only rewriting.

Source utterance:
A poor cleaner leads the prayer (namaz) and nobody asks him his origin, nationality or caste.","A poor cleaner leads the prayer (namaz) and nobody asks him his origin, nationality or caste."
989,4425,"Respond naturally to the following real Hinglish dataset utterance. Preserve the intended meaning, use natural Hindi-English code-mixing, and avoid unnecessary English-only or Hindi-only rewriting.

Source utterance:
agar tumhe nahi aata usme koi kuch nahi kar sakta ki chart kaam nahi karta kabhi technical analysis kiya hoga to pata chalega",agar tumhe nahi aata usme koi kuch nahi kar sakta ki chart kaam nahi karta kabhi technical analysis kiya hoga to pata chalega
990,10091,"Respond naturally to the following real Hinglish dataset utterance. Preserve the intended meaning, use natural Hindi-English code-mixing, and avoid unnecessary English-only or Hindi-only rewriting.

Source utterance:
main problem is they're accepting the fact its blasting. shame on them. i just want this guy to sue oneplus. this is getting pretty bad. maa kasam mere samne hota toh inn logo ka muh tod deta main",main problem is they're accepting the fact its blasting. shame on them. i just want this guy to sue oneplus. this is getting pretty bad. maa kasam mere samne hota toh inn logo ka muh tod deta main
991,13241,"Respond naturally to the following real Hinglish dataset utterance. Preserve the intended meaning, use natural Hindi-English code-mixing, and avoid unnecessary English-only or Hindi-only rewriting.

Source utterance:
Bhai tu Tera wali rajneeti khatam Baba is return Yogi ji",Bhai tu Tera wali rajneeti khatam Baba is return Yogi ji
992,8817,"Respond naturally to the following real Hinglish dataset utterance. Preserve the intended meaning, use natural Hindi-English code-mixing, and avoid unnecessary English-only or Hindi-only rewriting.

Source utterance:
ek text bhejta hoon 5 ghante sochta kuch offensive toh nahin bol diya. how am i surviving ffs",ek text bhejta hoon 5 ghante sochta kuch offensive toh nahin bol diya. how am i surviving ffs
993,12691,"Respond naturally to the following real Hinglish dataset utterance. Preserve the intended meaning, use natural Hindi-English code-mixing, and avoid unnecessary English-only or Hindi-only rewriting.

Source utterance:
achaa jis din muje mic mila usdin space band smjho",achaa jis din muje mic mila usdin space band smjho
994,7921,"Respond naturally to the following real Hinglish dataset utterance. Preserve the intended meaning, use natural Hindi-English code-mixing, and avoid unnecessary English-only or Hindi-only rewriting.

Source utterance:
ipa-mall ang kids tas di ng mask??? 🅱🅾🅰🆖",ipa-mall ang kids tas di ng mask??? 🅱🅾🅰🆖
995,7616,"Respond naturally to the following real Hinglish dataset utterance. Preserve the intended meaning, use natural Hindi-English code-mixing, and avoid unnecessary English-only or Hindi-only rewriting.

Source utterance:
There is something I'd like to apologise about. I apologise about the use of harsh words for foreigners &amp; Western philosophers. You see isliye discussion &amp; bak bak is not good, kuch na kuch galat nikal hi jata hai. God is omnipresent &amp; he doesn't discriminate be it West or East.","There is something I'd like to apologise about. I apologise about the use of harsh words for foreigners &amp; Western philosophers. You see isliye discussion &amp; bak bak is not good, kuch na kuch galat nikal hi jata hai. God is omnipresent &amp; he doesn't discriminate be it West or East."
996,7136,"Respond naturally to the following real Hinglish dataset utterance. Preserve the intended meaning, use natural Hindi-English code-mixing, and avoid unnecessary English-only or Hindi-only rewriting.

Source utterance:
1saal baad mae kisaan gye phir ki upaj kya modi G or Amit Shah kr rhe ty..",1saal baad mae kisaan gye phir ki upaj kya modi G or Amit Shah kr rhe ty..
997,13528,"Respond naturally to the following real Hinglish dataset utterance. Preserve the intended meaning, use natural Hindi-English code-mixing, and avoid unnecessary English-only or Hindi-only rewriting.

Source utterance:
ah va d©rouler les arguments haha",ah va d©rouler les arguments haha
998,11977,"Respond naturally to the following real Hinglish dataset utterance. Preserve the intended meaning, use natural Hindi-English code-mixing, and avoid unnecessary English-only or Hindi-only rewriting.

Source utterance:
he even danced with arshi in the pool it was so vulgar that bb couldn t show it abhi ye saare kaand karke satsang karne baith gya me sallu ke saamne",he even danced with arshi in the pool it was so vulgar that bb couldn t show it abhi ye saare kaand karke satsang karne baith gya me sallu ke saamne
999,9707,"Respond naturally to the following real Hinglish dataset utterance. Preserve the intended meaning, use natural Hindi-English code-mixing, and avoid unnecessary English-only or Hindi-only rewriting.

Source utterance:
Oh. Ek frnd hai data analyst hai cincinnati me ... Mujhe name me confusion ho gyee. Ha ke samne hee minnesota hai na... Jha se BLM start huyee.",Oh. Ek frnd hai data analyst hai cincinnati me ... Mujhe name me confusion ho gyee. Ha ke samne hee minnesota hai na... Jha se BLM start huyee.
1000,4397,"Respond naturally to the following real Hinglish dataset utterance. Preserve the intended meaning, use natural Hindi-English code-mixing, and avoid unnecessary English-only or Hindi-only rewriting.

Source utterance:
waise yrf ne paise bhi kam hi lagaye hai teaser dekhkar production value kam lag rahi, akal aa gayi hogi midway ki flop hone hi wali hai.","waise yrf ne paise bhi kam hi lagaye hai teaser dekhkar production value kam lag rahi, akal aa gayi hogi midway ki flop hone hi wali hai."
